finalize,0,4,1,1,0,0,4,0,2,0.10000000000000001,2,0,4,0.40000000000000002,4,0,6,0.90000000000000002,4,0,0,0,4,0,1,2,3,9,22,35,48,3,0,1,22,0,2,0,2,2,0,35,2,3,2,3,3,0,48,3,0,3,0
finalize,1,4,1,1,0,0,4,0,2,0.10000000000000001,2,0,4,0.40000000000000002,4,0,6,0.90000000000000002,4,0,9.9999999747524271e-007,0,4,0,1,2,3,9,22,35,48,3,0,1,22,0,2,0,2,2,0,35,2,3,2,3,3,0,48,3,0,3,0
finalize,2,4,1,1,0,0,4,0,2,0.10000000000000001,2,0,4,0.40000000000000002,4,0,6,0.90000000000000002,4,0,9.9999999747524271e-007,9.9999999747524271e-007,4,0,1,2,3,9,22,35,48,3,0,1,22,0,2,0,2,2,0,35,2,3,2,3,3,0,48,3,0,3,0
finalize,3,4,1,1,0,0,4,0,2,0.10000000000000001,2,0,4,0.40000000000000002,4,0,6,0.90000000000000002,4,0,-9.9999999747524271e-007,-9.9999999747524271e-007,4,0,1,2,3,9,22,35,48,3,0,1,22,0,2,0,2,2,0,35,2,3,2,3,3,0,48,3,0,3,0
finalize,4,4,1,1,0,0,4,0,2,0.10000000000000001,2,0,4,0.40000000000000002,4,0,6,0.90000000000000002,4,0,1.0000009974752402e-006,9.9999999747524271e-007,4,0,1,2,3,9,22,35,48,3,0,2,22,0,2,0,2,2,0,35,2,3,2,3,3,0,48,3,0,3,0
finalize,5,4,1,1,0,0,4,0,2,0.10000000000000001,2,0,4,0.40000000000000002,4,0,6,0.90000000000000002,4,0,-1.0000009974752402e-006,-9.9999999747524271e-007,4,0,1,2,3,9,22,35,48,3,0,2,22,0,2,0,2,2,0,35,2,3,2,3,3,0,48,3,0,3,0
finalize,6,4,1,1,0,0,4,0,2,0.10000000000000001,2,0,4,0.40000000000000002,4,0,6,0.90000000000000002,4,0,0,1.0000009974752402e-006,4,0,1,2,3,9,22,35,48,3,0,2,22,0,2,0,2,2,0,35,2,3,2,3,3,0,48,3,0,3,0
finalize,7,4,1,1,0,0,4,0,2,0.10000000000000001,2,0,4,0.40000000000000002,4,0,6,0.90000000000000002,4,0,1.0000009974752402e-006,9.9999999747524271e-007,4,0,1,2,3,9,22,35,48,3,0,2,22,0,2,0,2,2,0,35,2,3,2,3,3,0,48,3,0,3,0
finalize,8,16,3,8,0,0,4,0,2,0.10000000000000001,4,1,4,0.40000000000000002,2,2,6,0.90000000000000002,2,3,8,1.6000000000000001,2,4,10,2.5,4,5,12,3.6000000000000001,4,6,14,4.9000000000000004,2,7,16,6.4000000000000004,2,0,18,8.0999999999999996,2,1,20,10,4,2,22,12.100000000000001,4,3,24,14.4,2,4,26,16.900000000000002,2,5,28,19.600000000000001,2,6,30,22.5,4,7,16,6.4000000000000004,22,12.100000000000001,28,19.600000000000001,2,0.10000000000000001,8,1.6000000000000001,14,4.9000000000000004,20,10,26,16.900000000000002,16,0,1,2,3,4,5,6,7,8,9,10,11,12,13,14,15,9,22,35,48,61,74,87,100,113,126,139,152,165,178,191,204,16,15,14,13,12,11,10,9,8,7,6,5,4,3,2,1,0,1009,1022,1035,1048,1061,1074,1087,1100,1113,1126,1139,1152,1165,1178,1191,1204,16,2,3,4,5,6,7,8,9,10,11,12,13,14,15,0,1,2009,2022,2035,2048,2061,2074,2087,2100,2113,2126,2139,2152,2165,2178,2191,2204,7,0,0,9,0,1,0,1,2,2,35,1,5,1,5,5,0,74,5,6,5,6,7,2,100,6,10,6,10,10,0,139,10,11,10,11,4,2,165,11,15,11,15,15,0,204,15,0,15,0,7,6,2,1022,15,11,0,4,4,0,1061,11,10,4,5,1,2,1087,10,6,5,9,9,0,1126,6,5,9,10,4,2,1152,5,1,10,14,14,0,1191,1,0,14,15,15,0,1204,0,15,15,0,7,2,2,2009,1,5,15,3,3,0,2048,5,6,3,4,7,2,2074,6,10,4,8,8,0,2113,10,11,8,9,4,2,2139,11,15,9,13,13,0,2178,15,0,13,14,14,0,2191,0,1,14,15
finalize,9,17,1,8,0,0,4,0,2,0.10000000000000001,2,1,4,0.40000000000000002,2,2,6,0.90000000000000002,2,3,8,1.6000000000000001,4,4,10,2.5,4,5,12,3.6000000000000001,2,6,14,4.9000000000000004,2,7,16,6.4000000000000004,2,0,18,8.0999999999999996,4,1,20,10,4,2,22,12.100000000000001,2,3,24,14.4,2,4,26,16.900000000000002,2,5,28,19.600000000000001,4,6,30,22.5,4,7,32,25.600000000000001,4,0,18,8.0999999999999996,24,14.4,30,22.5,2,0.10000000000000001,8,1.6000000000000001,14,4.9000000000000004,20,10,26,16.900000000000002,17,0,1,2,3,4,5,6,7,8,9,10,11,12,13,14,15,16,9,22,35,48,61,74,87,100,113,126,139,152,165,178,191,204,217,8,1,2,22,0,4,0,4,4,0,61,4,5,4,5,6,2,87,5,9,5,9,9,0,126,9,10,9,10,3,2,152,10,14,10,14,14,0,191,14,15,14,15,15,0,204,15,16,15,16,16,0,217,16,0,16,0
finalize,10,18,2,8,0,0,2,0,2,0.10000000000000001,2,1,4,0.40000000000000002,2,2,6,0.90000000000000002,4,3,8,1.6000000000000001,4,4,10,2.5,2,5,12,3.6000000000000001,2,6,14,4.9000000000000004,2,7,16,6.4000000000000004,4,0,18,8.0999999999999996,4,1,20,10,2,2,22,12.100000000000001,2,3,24,14.4,2,4,26,16.900000000000002,4,5,28,19.600000000000001,4,6,30,22.5,2,7,32,25.600000000000001,2,0,34,28.900000000000002,4,1,20,10,26,16.900000000000002,32,25.600000000000001,2,0.10000000000000001,8,1.6000000000000001,14,4.9000000000000004,20,10,26,16.900000000000002,18,0,1,0,3,4,5,6,7,8,9,10,11,12,13,14,15,16,17,9,22,35,48,61,74,87,100,113,126,139,152,165,178,191,204,217,230,18,17,16,17,14,13,12,11,10,9,8,7,6,5,4,3,2,1,0,1009,1022,1035,1048,1061,1074,1087,1100,1113,1126,1139,1152,1165,1178,1191,1204,1217,1230,7,0,2,9,17,3,17,3,3,0,48,3,4,3,4,5,2,74,4,8,4,8,8,0,113,8,9,8,9,2,2,139,9,13,9,13,13,0,178,13,14,13,14,7,2,204,14,17,14,17,8,0,2,1022,17,17,0,2,2,0,1035,17,14,2,3,3,0,1048,14,13,3,4,4,2,1074,13,9,4,8,8,0,1113,9,8,8,9,7,2,1139,8,4,9,13,13,0,1178,4,3,13,14,2,2,1204,3,17,14,0
finalize,11,19,3,8,11,23,2,0,11,23,2,1,11,23,4,2,11,23,4,3,11,23,2,4,11,23,2,5,11,23,2,6,11,23,4,7,11,23,4,0,11,23,2,1,11,23,2,2,11,23,2,3,11,23,4,4,11,23,4,5,11,23,2,6,11,23,2,7,11,23,2,0,11,23,4,1,11,23,4,2,11,23,11,23,11,23,11,23,11,23,11,23,11,23,11,23,19,0,1,2,3,4,5,6,7,8,9,10,11,12,13,14,15,16,17,18,9,22,35,48,61,74,87,100,113,126,139,152,165,178,191,204,217,230,243,19,18,17,16,15,14,13,12,11,10,9,8,7,6,5,4,3,2,1,0,1009,1022,1035,1048,1061,1074,1087,1100,1113,1126,1139,1152,1165,1178,1191,1204,1217,1230,1243,19,2,3,4,5,6,7,8,9,10,11,12,13,14,15,16,17,18,0,1,2009,2022,2035,2048,2061,2074,2087,2100,2113,2126,2139,2152,2165,2178,2191,2204,2217,2230,2243,8,0,1,9,18,2,18,2,2,0,35,2,3,2,3,4,1,61,3,7,3,7,7,0,100,7,8,7,8,1,1,126,8,12,8,12,12,0,165,12,13,12,13,6,1,191,13,17,13,17,17,0,230,17,18,17,18,8,0,0,1009,18,17,0,1,0,1,1035,17,13,1,5,5,0,1074,13,12,5,6,3,1,1100,12,8,6,10,10,0,1139,8,7,10,11,6,1,1165,7,3,11,15,15,0,1204,3,2,15,16,1,1,1230,2,18,16,0,8,0,0,2009,2,3,0,1,4,1,2035,3,7,1,5,5,0,2074,7,8,5,6,1,1,2100,8,12,6,10,10,0,2139,12,13,10,11,6,1,2165,13,17,11,15,15,0,2204,17,18,15,16,0,1,2230,18,2,16,0
finalize,12,20,1,8,0,0,2,0,2,0.10000000000000001,4,1,4,0.40000000000000002,4,2,6,0.90000000000000002,2,3,8,1.6000000000000001,2,4,10,2.5,2,5,12,3.6000000000000001,4,6,14,4.9000000000000004,4,7,16,6.4000000000000004,2,0,18,8.0999999999999996,2,1,20,10,2,2,22,12.100000000000001,4,3,24,14.4,4,4,26,16.900000000000002,2,5,28,19.600000000000001,2,6,30,22.5,2,7,32,25.600000000000001,4,0,34,28.900000000000002,4,1,36,32.399999999999999,2,2,38,36.100000000000001,4,3,24,14.4,30,22.5,36,32.399999999999999,2,0.10000000000000001,8,1.6000000000000001,14,4.9000000000000004,20,10,26,16.900000000000002,20,0,1,2,3,4,5,6,7,8,9,10,11,12,13,14,15,16,17,18,19,9,22,35,48,61,74,87,100,113,126,139,152,165,178,191,204,217,230,243,256,9,0,2,9,19,1,19,1,1,0,22,1,2,1,2,3,2,48,2,6,2,6,6,0,87,6,7,6,7,0,2,113,7,11,7,11,11,0,152,11,12,11,12,5,2,178,12,16,12,16,16,0,217,16,17,16,17,2,2,243,17,19,17,19
finalize,13,21,2,8,0,0,4,0,2,0.10000000000000001,4,1,4,0.40000000000000002,2,2,6,0.90000000000000002,2,3,8,1.6000000000000001,2,4,10,2.5,4,5,12,3.6000000000000001,4,6,14,4.9000000000000004,2,7,16,6.4000000000000004,2,0,18,8.0999999999999996,2,1,20,10,4,2,22,12.100000000000001,4,3,24,14.4,2,4,26,16.900000000000002,2,5,28,19.600000000000001,2,6,30,22.5,4,7,32,25.600000000000001,4,0,34,28.900000000000002,2,1,36,32.399999999999999,2,2,38,36.100000000000001,2,3,40,40,4,4,26,16.900000000000002,32,25.600000000000001,38,36.100000000000001,2,0.10000000000000001,8,1.6000000000000001,14,4.9000000000000004,20,10,26,16.900000000000002,21,0,1,2,3,4,5,6,7,8,9,10,11,12,13,14,15,16,17,18,19,20,9,22,35,48,61,74,87,100,113,126,139,152,165,178,191,204,217,230,243,256,269,21,20,19,18,17,16,15,14,13,12,11,10,9,8,7,6,5,4,3,2,1,0,1009,1022,1035,1048,1061,1074,1087,1100,1113,1126,1139,1152,1165,1178,1191,1204,1217,1230,1243,1256,1269,9,0,0,9,0,1,0,1,2,2,35,1,5,1,5,5,0,74,5,6,5,6,7,2,100,6,10,6,10,10,0,139,10,11,10,11,4,2,165,11,15,11,15,15,0,204,15,16,15,16,1,1,230,16,20,16,20,20,0,269,20,0,20,0,9,3,2,1022,20,16,0,4,4,0,1061,16,15,4,5,6,2,1087,15,11,5,9,9,0,1126,11,10,9,10,1,2,1152,10,6,10,14,14,0,1191,6,5,14,15,4,2,1217,5,1,15,19,19,0,1256,1,0,19,20,20,0,1269,0,20,20,0
finalize,14,22,3,8,0,0,4,0,2,0.10000000000000001,2,1,4,0.40000000000000002,2,2,6,0.90000000000000002,2,3,8,1.6000000000000001,4,4,10,2.5,4,5,12,3.6000000000000001,2,6,14,4.9000000000000004,2,7,16,6.4000000000000004,2,0,18,8.0999999999999996,4,1,20,10,4,2,22,12.100000000000001,2,3,24,14.4,2,4,26,16.900000000000002,2,5,28,19.600000000000001,4,6,30,22.5,4,7,32,25.600000000000001,2,0,34,28.900000000000002,2,1,36,32.399999999999999,2,2,38,36.100000000000001,4,3,40,40,4,4,42,44.100000000000001,4,5,28,19.600000000000001,34,28.900000000000002,40,40,2,0.10000000000000001,8,1.6000000000000001,14,4.9000000000000004,20,10,26,16.900000000000002,22,0,1,2,3,4,5,6,7,8,9,10,11,12,13,14,15,16,17,18,19,20,21,9,22,35,48,61,74,87,100,113,126,139,152,165,178,191,204,217,230,243,256,269,282,22,21,20,19,18,17,16,15,14,13,12,11,10,9,8,7,6,5,4,3,2,1,0,1009,1022,1035,1048,1061,1074,1087,1100,1113,1126,1139,1152,1165,1178,1191,1204,1217,1230,1243,1256,1269,1282,22,2,3,4,5,6,7,8,9,10,11,12,13,14,15,16,17,18,19,20,21,0,1,2009,2022,2035,2048,2061,2074,2087,2100,2113,2126,2139,2152,2165,2178,2191,2204,2217,2230,2243,2256,2269,2282,10,1,2,22,0,4,0,4,4,0,61,4,5,4,5,6,2,87,5,9,5,9,9,0,126,9,10,9,10,3,2,152,10,14,10,14,14,0,191,14,15,14,15,0,2,217,15,19,15,19,19,0,256,19,20,19,20,20,0,269,20,21,20,21,21,0,282,21,0,21,0,10,0,0,1009,21,20,0,1,1,0,1022,20,19,1,2,2,2,1048,19,15,2,6,6,0,1087,15,14,6,7,5,2,1113,14,10,7,11,11,0,1152,10,9,11,12,0,2,1178,9,5,12,16,16,0,1217,5,4,16,17,3,2,1243,4,0,17,21,21,0,1282,0,21,21,0,10,1,2,2282,0,4,20,2,2,0,2035,4,5,2,3,6,2,2061,5,9,3,7,7,0,2100,9,10,7,8,3,2,2126,10,14,8,12,12,0,2165,14,15,12,13,0,2,2191,15,19,13,17,17,0,2230,19,20,17,18,18,0,2243,20,21,18,19,19,0,2256,21,0,19,20
finalize,15,23,1,8,0,0,2,0,2,0.10000000000000001,2,1,4,0.40000000000000002,2,2,6,0.90000000000000002,4,3,8,1.6000000000000001,4,4,10,2.5,2,5,12,3.6000000000000001,2,6,14,4.9000000000000004,2,7,16,6.4000000000000004,4,0,18,8.0999999999999996,4,1,20,10,2,2,22,12.100000000000001,2,3,24,14.4,2,4,26,16.900000000000002,4,5,28,19.600000000000001,4,6,30,22.5,2,7,32,25.600000000000001,2,0,34,28.900000000000002,2,1,36,32.399999999999999,4,2,38,36.100000000000001,4,3,40,40,2,4,42,44.100000000000001,2,5,44,48.400000000000006,4,6,30,22.5,36,32.399999999999999,42,44.100000000000001,2,0.10000000000000001,8,1.6000000000000001,14,4.9000000000000004,20,10,26,16.900000000000002,23,0,1,0,3,4,5,6,7,8,9,10,11,12,13,14,15,16,17,18,19,20,21,22,9,22,35,48,61,74,87,100,113,126,139,152,165,178,191,204,217,230,243,256,269,282,295,9,0,2,9,22,3,22,3,3,0,48,3,4,3,4,5,2,74,4,8,4,8,8,0,113,8,9,8,9,2,2,139,9,13,9,13,13,0,178,13,14,13,14,7,2,204,14,18,14,18,18,0,243,18,19,18,19,4,2,269,19,22,19,22
finalize,16,24,2,8,0,0,2,0,2,0.10000000000000001,2,1,4,0.40000000000000002,4,2,6,0.90000000000000002,4,3,8,1.6000000000000001,2,4,10,2.5,2,5,12,3.6000000000000001,2,6,14,4.9000000000000004,4,7,16,6.4000000000000004,4,0,18,8.0999999999999996,2,1,20,10,2,2,22,12.100000000000001,2,3,24,14.4,4,4,26,16.900000000000002,4,5,28,19.600000000000001,2,6,30,22.5,2,7,32,25.600000000000001,2,0,34,28.900000000000002,4,1,36,32.399999999999999,4,2,38,36.100000000000001,2,3,40,40,2,4,42,44.100000000000001,2,5,44,48.400000000000006,4,6,46,52.900000000000006,4,7,32,25.600000000000001,38,36.100000000000001,44,48.400000000000006,2,0.10000000000000001,8,1.6000000000000001,14,4.9000000000000004,20,10,26,16.900000000000002,24,0,1,2,3,4,5,6,7,8,9,10,11,12,13,14,15,16,17,18,19,20,21,22,23,9,22,35,48,61,74,87,100,113,126,139,152,165,178,191,204,217,230,243,256,269,282,295,308,24,23,22,21,20,19,18,17,16,15,14,13,12,11,10,9,8,7,6,5,4,3,2,1,0,1009,1022,1035,1048,1061,1074,1087,1100,1113,1126,1139,1152,1165,1178,1191,1204,1217,1230,1243,1256,1269,1282,1295,1308,10,0,2,9,23,2,23,2,2,0,35,2,3,2,3,4,2,61,3,7,3,7,7,0,100,7,8,7,8,1,2,126,8,12,8,12,12,0,165,12,13,12,13,6,2,191,13,17,13,17,17,0,230,17,18,17,18,3,2,256,18,22,18,22,22,0,295,22,23,22,23,10,0,0,1009,23,22,0,1,5,2,1035,22,18,1,5,5,0,1074,18,17,5,6,0,2,1100,17,13,6,10,10,0,1139,13,12,10,11,3,2,1165,12,8,11,15,15,0,1204,8,7,15,16,6,2,1230,7,3,16,20,20,0,1269,3,2,20,21,1,2,1295,2,23,21,0
finalize,17,25,3,8,0,0,2,0,2,0.10000000000000001,4,1,4,0.40000000000000002,4,2,6,0.90000000000000002,2,3,8,1.6000000000000001,2,4,10,2.5,2,5,12,3.6000000000000001,4,6,14,4.9000000000000004,4,7,16,6.4000000000000004,2,0,18,8.0999999999999996,2,1,20,10,2,2,22,12.100000000000001,4,3,24,14.4,4,4,26,16.900000000000002,2,5,28,19.600000000000001,2,6,30,22.5,2,7,32,25.600000000000001,4,0,34,28.900000000000002,4,1,36,32.399999999999999,2,2,38,36.100000000000001,2,3,40,40,2,4,42,44.100000000000001,4,5,44,48.400000000000006,4,6,46,52.900000000000006,2,7,48,57.600000000000001,4,0,34,28.900000000000002,40,40,46,52.900000000000006,2,0.10000000000000001,8,1.6000000000000001,14,4.9000000000000004,20,10,26,16.900000000000002,25,0,1,2,3,4,5,6,7,8,9,10,11,12,13,14,15,16,17,18,19,20,21,22,23,24,9,22,35,48,61,74,87,100,113,126,139,152,165,178,191,204,217,230,243,256,269,282,295,308,321,25,24,23,22,21,20,19,18,17,16,15,14,13,12,11,10,9,8,7,6,5,4,3,2,1,0,1009,1022,1035,1048,1061,1074,1087,1100,1113,1126,1139,1152,1165,1178,1191,1204,1217,1230,1243,1256,1269,1282,1295,1308,1321,25,2,3,4,5,6,7,8,9,10,11,12,13,14,15,16,17,18,19,20,21,22,23,24,0,1,2009,2022,2035,2048,2061,2074,2087,2100,2113,2126,2139,2152,2165,2178,2191,2204,2217,2230,2243,2256,2269,2282,2295,2308,2321,11,0,2,9,24,1,24,1,1,0,22,1,2,1,2,3,2,48,2,6,2,6,6,0,87,6,7,6,7,0,2,113,7,11,7,11,11,0,152,11,12,11,12,5,2,178,12,16,12,16,16,0,217,16,17,16,17,2,2,243,17,21,17,21,21,0,282,21,22,21,22,7,2,308,22,24,22,24,11,7,2,1022,24,22,0,2,2,0,1035,22,21,2,3,4,2,1061,21,17,3,7,7,0,1100,17,16,7,8,7,2,1126,16,12,8,12,12,0,1165,12,11,12,13,2,2,1191,11,7,13,17,17,0,1230,7,6,17,18,5,2,1256,6,2,18,22,22,0,1295,2,1,22,23,0,2,1321,1,24,23,0,11,3,2,2022,2,6,0,4,4,0,2061,6,7,4,5,0,2,2087,7,11,5,9,9,0,2126,11,12,9,10,5,2,2152,12,16,10,14,14,0,2191,16,17,14,15,2,2,2217,17,21,15,19,19,0,2256,21,22,19,20,7,2,2282,22,24,20,22,0,2,2308,24,1,22,24,24,0,2321,1,2,24,0
finalize,18,26,1,8,0,0,4,0,2,0.10000000000000001,4,1,4,0.40000000000000002,2,2,6,0.90000000000000002,2,3,8,1.6000000000000001,2,4,10,2.5,4,5,12,3.6000000000000001,4,6,14,4.9000000000000004,2,7,16,6.4000000000000004,2,0,18,8.0999999999999996,2,1,20,10,4,2,22,12.100000000000001,4,3,24,14.4,2,4,26,16.900000000000002,2,5,28,19.600000000000001,2,6,30,22.5,4,7,32,25.600000000000001,4,0,34,28.900000000000002,2,1,36,32.399999999999999,2,2,38,36.100000000000001,2,3,40,40,4,4,42,44.100000000000001,4,5,44,48.400000000000006,2,6,46,52.900000000000006,2,7,48,57.600000000000001,2,0,50,62.5,4,1,36,32.399999999999999,42,44.100000000000001,48,57.600000000000001,2,0.10000000000000001,8,1.6000000000000001,14,4.9000000000000004,20,10,26,16.900000000000002,26,0,1,2,3,4,5,6,7,8,9,10,11,12,13,14,15,16,17,18,19,20,21,22,23,24,25,9,22,35,48,61,74,87,100,113,126,139,152,165,178,191,204,217,230,243,256,269,282,295,308,321,334,11,0,0,9,0,1,0,1,2,2,35,1,5,1,5,5,0,74,5,6,5,6,7,2,100,6,10,6,10,10,0,139,10,11,10,11,4,2,165,11,15,11,15,15,0,204,15,16,15,16,1,2,230,16,20,16,20,20,0,269,20,21,20,21,6,2,295,21,25,21,25,25,0,334,25,0,25,0
finalize,19,27,2,8,0,0,4,0,2,0.10000000000000001,2,1,4,0.40000000000000002,2,2,6,0.90000000000000002,2,3,8,1.6000000000000001,4,4,10,2.5,4,5,12,3.6000000000000001,2,6,14,4.9000000000000004,2,7,16,6.4000000000000004,2,0,18,8.0999999999999996,4,1,20,10,4,2,22,12.100000000000001,2,3,24,14.4,2,4,26,16.900000000000002,2,5,28,19.600000000000001,4,6,30,22.5,4,7,32,25.600000000000001,2,0,34,28.900000000000002,2,1,36,32.399999999999999,2,2,38,36.100000000000001,4,3,40,40,4,4,42,44.100000000000001,2,5,44,48.400000000000006,2,6,46,52.900000000000006,2,7,48,57.600000000000001,4,0,50,62.5,4,1,52,67.600000000000009,4,2,38,36.100000000000001,44,48.400000000000006,50,62.5,2,0.10000000000000001,8,1.6000000000000001,14,4.9000000000000004,20,10,26,16.900000000000002,27,0,1,2,3,4,5,6,7,8,9,10,11,12,13,14,15,16,17,18,19,20,21,22,23,24,25,26,9,22,35,48,61,74,87,100,113,126,139,152,165,178,191,204,217,230,243,256,269,282,295,308,321,334,347,27,26,25,24,23,22,21,20,19,18,17,16,15,14,13,12,11,10,9,8,7,6,5,4,3,2,1,0,1009,1022,1035,1048,1061,1074,1087,1100,1113,1126,1139,1152,1165,1178,1191,1204,1217,1230,1243,1256,1269,1282,1295,1308,1321,1334,1347,12,1,2,22,0,4,0,4,4,0,61,4,5,4,5,6,2,87,5,9,5,9,9,0,126,9,10,9,10,3,2,152,10,14,10,14,14,0,191,14,15,14,15,0,2,217,15,19,15,19,19,0,256,19,20,19,20,5,2,282,20,24,20,24,24,0,321,24,25,24,25,25,0,334,25,26,25,26,26,0,347,26,0,26,0,12,0,0,1009,26,25,0,1,1,0,1022,25,24,1,2,7,2,1048,24,20,2,6,6,0,1087,20,19,6,7,2,2,1113,19,15,7,11,11,0,1152,15,14,11,12,5,2,1178,14,10,12,16,16,0,1217,10,9,16,17,0,2,1243,9,5,17,21,21,0,1282,5,4,21,22,3,2,1308,4,0,22,26,26,0,1347,0,26,26,0
finalize,20,28,3,8,0,0,2,0,2,0.10000000000000001,2,1,4,0.40000000000000002,2,2,6,0.90000000000000002,4,3,8,1.6000000000000001,4,4,10,2.5,2,5,12,3.6000000000000001,2,6,14,4.9000000000000004,2,7,16,6.4000000000000004,4,0,18,8.0999999999999996,4,1,20,10,2,2,22,12.100000000000001,2,3,24,14.4,2,4,26,16.900000000000002,4,5,28,19.600000000000001,4,6,30,22.5,2,7,32,25.600000000000001,2,0,34,28.900000000000002,2,1,36,32.399999999999999,4,2,38,36.100000000000001,4,3,40,40,2,4,42,44.100000000000001,2,5,44,48.400000000000006,2,6,46,52.900000000000006,4,7,48,57.600000000000001,4,0,50,62.5,2,1,52,67.600000000000009,2,2,54,72.900000000000006,4,3,40,40,46,52.900000000000006,52,67.600000000000009,2,0.10000000000000001,8,1.6000000000000001,14,4.9000000000000004,20,10,26,16.900000000000002,28,0,1,0,3,4,5,6,7,8,9,10,11,12,13,14,15,16,17,18,19,20,21,22,23,24,25,26,27,9,22,35,48,61,74,87,100,113,126,139,152,165,178,191,204,217,230,243,256,269,282,295,308,321,334,347,360,28,27,26,27,24,23,22,21,20,19,18,17,16,15,14,13,12,11,10,9,8,7,6,5,4,3,2,1,0,1009,1022,1035,1048,1061,1074,1087,1100,1113,1126,1139,1152,1165,1178,1191,1204,1217,1230,1243,1256,1269,1282,1295,1308,1321,1334,1347,1360,28,2,3,2,5,6,7,8,9,10,11,12,13,14,15,16,17,18,19,20,21,22,23,24,25,26,27,0,1,2009,2022,2035,2048,2061,2074,2087,2100,2113,2126,2139,2152,2165,2178,2191,2204,2217,2230,2243,2256,2269,2282,2295,2308,2321,2334,2347,2360,11,0,2,9,27,3,27,3,3,0,48,3,4,3,4,5,2,74,4,8,4,8,8,0,113,8,9,8,9,2,2,139,9,13,9,13,13,0,178,13,14,13,14,7,2,204,14,18,14,18,18,0,243,18,19,18,19,4,2,269,19,23,19,23,23,0,308,23,24,23,24,1,2,334,24,27,24,27,12,2,2,1022,27,27,0,2,2,0,1035,27,24,2,3,3,0,1048,24,23,3,4,6,2,1074,23,19,4,8,8,0,1113,19,18,8,9,1,2,1139,18,14,9,13,13,0,1178,14,13,13,14,4,2,1204,13,9,14,18,18,0,1243,9,8,18,19,7,2,1269,8,4,19,23,23,0,1308,4,3,23,24,2,2,1334,3,27,24,0,10,0,2,2347,27,3,25,1,2,2,2035,3,8,1,6,6,0,2087,8,9,6,7,2,2,2113,9,13,7,11,11,0,2152,13,14,11,12,7,2,2178,14,18,12,16,16,0,2217,18,19,16,17,4,2,2243,19,23,17,21,21,0,2282,23,24,21,22,1,2,2308,24,27,22,25
finalize,21,29,1,8,0,0,2,0,2,0.10000000000000001,2,1,4,0.40000000000000002,4,2,6,0.90000000000000002,4,3,8,1.6000000000000001,2,4,10,2.5,2,5,12,3.6000000000000001,2,6,14,4.9000000000000004,4,7,16,6.4000000000000004,4,0,18,8.0999999999999996,2,1,20,10,2,2,22,12.100000000000001,2,3,24,14.4,4,4,26,16.900000000000002,4,5,28,19.600000000000001,2,6,30,22.5,2,7,32,25.600000000000001,2,0,34,28.900000000000002,4,1,36,32.399999999999999,4,2,38,36.100000000000001,2,3,40,40,2,4,42,44.100000000000001,2,5,44,48.400000000000006,4,6,46,52.900000000000006,4,7,48,57.600000000000001,2,0,50,62.5,2,1,52,67.600000000000009,2,2,54,72.900000000000006,4,3,56,78.400000000000006,4,4,42,44.100000000000001,48,57.600000000000001,54,72.900000000000006,2,0.10000000000000001,8,1.6000000000000001,14,4.9000000000000004,20,10,26,16.900000000000002,29,0,1,2,3,4,5,6,7,8,9,10,11,12,13,14,15,16,17,18,19,20,21,22,23,24,25,26,27,28,9,22,35,48,61,74,87,100,113,126,139,152,165,178,191,204,217,230,243,256,269,282,295,308,321,334,347,360,373,12,0,2,9,28,2,28,2,2,0,35,2,3,2,3,4,2,61,3,7,3,7,7,0,100,7,8,7,8,1,2,126,8,12,8,12,12,0,165,12,13,12,13,6,2,191,13,17,13,17,17,0,230,17,18,17,18,3,2,256,18,22,18,22,22,0,295,22,23,22,23,0,2,321,23,27,23,27,27,0,360,27,28,27,28
finalize,22,30,2,8,11,23,2,0,11,23,4,1,11,23,4,2,11,23,2,3,11,23,2,4,11,23,2,5,11,23,4,6,11,23,4,7,11,23,2,0,11,23,2,1,11,23,2,2,11,23,4,3,11,23,4,4,11,23,2,5,11,23,2,6,11,23,2,7,11,23,4,0,11,23,4,1,11,23,2,2,11,23,2,3,11,23,2,4,11,23,4,5,11,23,4,6,11,23,2,7,11,23,2,0,11,23,2,1,11,23,4,2,11,23,4,3,11,23,2,4,11,23,4,5,11,23,11,23,11,23,11,23,11,23,11,23,11,23,11,23,30,0,1,2,3,4,5,6,7,8,9,10,11,12,13,14,15,16,17,18,19,20,21,22,23,24,25,26,27,28,29,9,22,35,48,61,74,87,100,113,126,139,152,165,178,191,204,217,230,243,256,269,282,295,308,321,334,347,360,373,386,30,29,28,27,26,25,24,23,22,21,20,19,18,17,16,15,14,13,12,11,10,9,8,7,6,5,4,3,2,1,0,1009,1022,1035,1048,1061,1074,1087,1100,1113,1126,1139,1152,1165,1178,1191,1204,1217,1230,1243,1256,1269,1282,1295,1308,1321,1334,1347,1360,1373,1386,13,0,1,9,29,1,29,1,1,0,22,1,2,1,2,3,1,48,2,6,2,6,6,0,87,6,7,6,7,0,1,113,7,11,7,11,11,0,152,11,12,11,12,5,1,178,12,16,12,16,16,0,217,16,17,16,17,2,1,243,17,21,17,21,21,0,282,21,22,21,22,7,1,308,22,26,22,26,26,0,347,26,27,26,27,4,1,373,27,29,27,29,13,4,1,1022,29,27,0,2,2,0,1035,27,26,2,3,1,1,1061,26,22,3,7,7,0,1100,22,21,7,8,4,1,1126,21,17,8,12,12,0,1165,17,16,12,13,7,1,1191,16,12,13,17,17,0,1230,12,11,17,18,2,1,1256,11,7,18,22,22,0,1295,7,6,22,23,5,1,1321,6,2,23,27,27,0,1360,2,1,27,28,0,1,1386,1,29,28,0
finalize,23,31,3,8,0,0,4,0,2,0.10000000000000001,4,1,4,0.40000000000000002,2,2,6,0.90000000000000002,2,3,8,1.6000000000000001,2,4,10,2.5,4,5,12,3.6000000000000001,4,6,14,4.9000000000000004,2,7,16,6.4000000000000004,2,0,18,8.0999999999999996,2,1,20,10,4,2,22,12.100000000000001,4,3,24,14.4,2,4,26,16.900000000000002,2,5,28,19.600000000000001,2,6,30,22.5,4,7,32,25.600000000000001,4,0,34,28.900000000000002,2,1,36,32.399999999999999,2,2,38,36.100000000000001,2,3,40,40,4,4,42,44.100000000000001,4,5,44,48.400000000000006,2,6,46,52.900000000000006,2,7,48,57.600000000000001,2,0,50,62.5,4,1,52,67.600000000000009,4,2,54,72.900000000000006,2,3,56,78.400000000000006,2,4,58,84.100000000000009,2,5,60,90,4,6,46,52.900000000000006,52,67.600000000000009,58,84.100000000000009,2,0.10000000000000001,8,1.6000000000000001,14,4.9000000000000004,20,10,26,16.900000000000002,31,0,1,2,3,4,5,6,7,8,9,10,11,12,13,14,15,16,17,18,19,20,21,22,23,24,25,26,27,28,29,30,9,22,35,48,61,74,87,100,113,126,139,152,165,178,191,204,217,230,243,256,269,282,295,308,321,334,347,360,373,386,399,31,30,29,28,27,26,25,24,23,22,21,20,19,18,17,16,15,14,13,12,11,10,9,8,7,6,5,4,3,2,1,0,1009,1022,1035,1048,1061,1074,1087,1100,1113,1126,1139,1152,1165,1178,1191,1204,1217,1230,1243,1256,1269,1282,1295,1308,1321,1334,1347,1360,1373,1386,1399,31,2,3,4,5,6,7,8,9,10,11,12,13,14,15,16,17,18,19,20,21,22,23,24,25,26,27,28,29,30,0,1,2009,2022,2035,2048,2061,2074,2087,2100,2113,2126,2139,2152,2165,2178,2191,2204,2217,2230,2243,2256,2269,2282,2295,2308,2321,2334,2347,2360,2373,2386,2399,13,0,0,9,0,1,0,1,2,2,35,1,5,1,5,5,0,74,5,6,5,6,7,2,100,6,10,6,10,10,0,139,10,11,10,11,4,2,165,11,15,11,15,15,0,204,15,16,15,16,1,2,230,16,20,16,20,20,0,269,20,21,20,21,6,2,295,21,25,21,25,25,0,334,25,26,25,26,3,2,360,26,30,26,30,30,0,399,30,0,30,0,13,5,2,1022,30,26,0,4,4,0,1061,26,25,4,5,0,2,1087,25,21,5,9,9,0,1126,21,20,9,10,3,2,1152,20,16,10,14,14,0,1191,16,15,14,15,6,2,1217,15,11,15,19,19,0,1256,11,10,19,20,1,2,1282,10,6,20,24,24,0,1321,6,5,24,25,4,2,1347,5,1,25,29,29,0,1386,1,0,29,30,30,0,1399,0,30,30,0,13,2,2,2009,1,5,30,3,3,0,2048,5,6,3,4,7,2,2074,6,10,4,8,8,0,2113,10,11,8,9,4,2,2139,11,15,9,13,13,0,2178,15,16,13,14,1,2,2204,16,20,14,18,18,0,2243,20,21,18,19,6,2,2269,21,25,19,23,23,0,2308,25,26,23,24,3,2,2334,26,30,24,28,28,0,2373,30,0,28,29,29,0,2386,0,1,29,30
finalize,24,32,1,8,0,0,4,0,2,0.10000000000000001,2,1,4,0.40000000000000002,2,2,6,0.90000000000000002,2,3,8,1.6000000000000001,4,4,10,2.5,4,5,12,3.6000000000000001,2,6,14,4.9000000000000004,2,7,16,6.4000000000000004,2,0,18,8.0999999999999996,4,1,20,10,4,2,22,12.100000000000001,2,3,24,14.4,2,4,26,16.900000000000002,2,5,28,19.600000000000001,4,6,30,22.5,4,7,32,25.600000000000001,2,0,34,28.900000000000002,2,1,36,32.399999999999999,2,2,38,36.100000000000001,4,3,40,40,4,4,42,44.100000000000001,2,5,44,48.400000000000006,2,6,46,52.900000000000006,2,7,48,57.600000000000001,4,0,50,62.5,4,1,52,67.600000000000009,2,2,54,72.900000000000006,2,3,56,78.400000000000006,2,4,58,84.100000000000009,4,5,60,90,4,6,62,96.100000000000009,4,7,48,57.600000000000001,54,72.900000000000006,60,90,2,0.10000000000000001,8,1.6000000000000001,14,4.9000000000000004,20,10,26,16.900000000000002,32,0,1,2,3,4,5,6,7,8,9,10,11,12,13,14,15,16,17,18,19,20,21,22,23,24,25,26,27,28,29,30,31,9,22,35,48,61,74,87,100,113,126,139,152,165,178,191,204,217,230,243,256,269,282,295,308,321,334,347,360,373,386,399,412,14,1,2,22,0,4,0,4,4,0,61,4,5,4,5,6,2,87,5,9,5,9,9,0,126,9,10,9,10,3,2,152,10,14,10,14,14,0,191,14,15,14,15,0,2,217,15,19,15,19,19,0,256,19,20,19,20,5,2,282,20,24,20,24,24,0,321,24,25,24,25,2,2,347,25,29,25,29,29,0,386,29,30,29,30,30,0,399,30,31,30,31,31,0,412,31,0,31,0
finalize,25,8,2,8,0,0,2,0,2,0.10000000000000001,2,1,4,0.40000000000000002,2,2,6,0.90000000000000002,4,3,8,1.6000000000000001,4,4,10,2.5,2,5,12,3.6000000000000001,2,6,14,4.9000000000000004,4,7,2,0.10000000000000001,8,1.6000000000000001,14,4.9000000000000004,4,0.40000000000000002,10,2.5,0,0,6,0.90000000000000002,12,3.6000000000000001,8,0,1,0,3,4,5,6,7,9,22,35,48,61,74,87,100,8,7,6,7,4,3,2,1,0,1009,1022,1035,1048,1061,1074,1087,1100,3,0,2,9,7,3,7,3,3,0,48,3,4,3,4,5,2,74,4,7,4,7,4,6,2,1022,7,7,0,2,2,0,1035,7,4,2,3,3,0,1048,4,3,3,4,2,2,1074,3,7,4,0
finalize,26,9,3,8,0,0,2,0,2,0.10000000000000001,2,1,4,0.40000000000000002,4,2,6,0.90000000000000002,4,3,8,1.6000000000000001,2,4,10,2.5,2,5,12,3.6000000000000001,2,6,14,4.9000000000000004,4,7,16,6.4000000000000004,4,0,16,6.4000000000000004,4,0.40000000000000002,10,2.5,16,6.4000000000000004,4,0.40000000000000002,10,2.5,16,6.4000000000000004,4,0.40000000000000002,9,0,1,2,3,4,5,6,7,8,9,22,35,48,61,74,87,100,113,9,8,7,6,5,4,3,2,1,0,1009,1022,1035,1048,1061,1074,1087,1100,1113,9,2,3,4,5,6,7,8,0,1,2009,2022,2035,2048,2061,2074,2087,2100,2113,4,0,1,9,8,2,8,2,2,0,35,2,3,2,3,4,2,61,3,7,3,7,7,0,100,7,8,7,8,4,0,0,1009,8,7,0,1,6,2,1035,7,3,1,5,5,0,1074,3,2,5,6,1,1,1100,2,8,6,0,4,0,0,2009,2,3,0,1,4,2,2035,3,7,1,5,5,0,2074,7,8,5,6,0,1,2100,8,2,6,0
finalize,27,10,1,8,0,0,2,0,2,0.10000000000000001,4,1,4,0.40000000000000002,4,2,6,0.90000000000000002,2,3,8,1.6000000000000001,2,4,10,2.5,2,5,12,3.6000000000000001,4,6,14,4.9000000000000004,4,7,16,6.4000000000000004,2,0,18,8.0999999999999996,4,1,14,4.9000000000000004,0,0,6,0.90000000000000002,12,3.6000000000000001,18,8.0999999999999996,4,0.40000000000000002,10,2.5,16,6.4000000000000004,10,0,1,2,3,4,5,6,7,8,9,9,22,35,48,61,74,87,100,113,126,5,0,2,9,9,1,9,1,1,0,22,1,2,1,2,3,2,48,2,6,2,6,6,0,87,6,7,6,7,0,1,113,7,9,7,9
finalize,28,11,2,8,0,0,4,0,2,0.10000000000000001,4,1,4,0.40000000000000002,2,2,6,0.90000000000000002,2,3,8,1.6000000000000001,2,4,10,2.5,4,5,12,3.6000000000000001,4,6,14,4.9000000000000004,2,7,16,6.4000000000000004,2,0,18,8.0999999999999996,2,1,20,10,4,2,12,3.6000000000000001,18,8.0999999999999996,2,0.10000000000000001,8,1.6000000000000001,14,4.9000000000000004,20,10,4,0.40000000000000002,10,2.5,11,0,1,2,3,4,5,6,7,8,9,10,9,22,35,48,61,74,87,100,113,126,139,11,10,9,8,7,6,5,4,3,2,1,0,1009,1022,1035,1048,1061,1074,1087,1100,1113,1126,1139,5,0,0,9,0,1,0,1,2,1,35,1,5,1,5,5,0,74,5,6,5,6,7,2,100,6,10,6,10,10,0,139,10,0,10,0,5,1,2,1022,10,6,0,4,4,0,1061,6,5,4,5,4,2,1087,5,1,5,9,9,0,1126,1,0,9,10,10,0,1139,0,10,10,0
finalize,29,12,3,8,0,0,4,0,2,0.10000000000000001,2,1,4,0.40000000000000002,2,2,6,0.90000000000000002,2,3,8,1.6000000000000001,4,4,10,2.5,4,5,12,3.6000000000000001,2,6,14,4.9000000000000004,2,7,16,6.4000000000000004,2,0,18,8.0999999999999996,4,1,20,10,4,2,22,12.100000000000001,4,3,10,2.5,16,6.4000000000000004,22,12.100000000000001,4,0.40000000000000002,10,2.5,16,6.4000000000000004,22,12.100000000000001,4,0.40000000000000002,12,0,1,2,3,4,5,6,7,8,9,10,11,9,22,35,48,61,74,87,100,113,126,139,152,12,11,10,9,8,7,6,5,4,3,2,1,0,1009,1022,1035,1048,1061,1074,1087,1100,1113,1126,1139,1152,12,2,3,4,5,6,7,8,9,10,11,0,1,2009,2022,2035,2048,2061,2074,2087,2100,2113,2126,2139,2152,6,1,2,22,0,4,0,4,4,0,61,4,5,4,5,6,2,87,5,9,5,9,9,0,126,9,10,9,10,10,0,139,10,11,10,11,11,0,152,11,0,11,0,6,0,0,1009,11,10,0,1,1,0,1022,10,9,1,2,0,2,1048,9,5,2,6,6,0,1087,5,4,6,7,3,2,1113,4,0,7,11,11,0,1152,0,11,11,0,6,1,2,2152,0,4,10,2,2,0,2035,4,5,2,3,6,2,2061,5,9,3,7,7,0,2100,9,10,7,8,8,0,2113,10,11,8,9,9,0,2126,11,0,9,10
finalize,30,13,1,8,0,0,2,0,2,0.10000000000000001,2,1,4,0.40000000000000002,2,2,6,0.90000000000000002,4,3,8,1.6000000000000001,4,4,10,2.5,2,5,12,3.6000000000000001,2,6,14,4.9000000000000004,2,7,16,6.4000000000000004,4,0,18,8.0999999999999996,4,1,20,10,2,2,22,12.100000000000001,2,3,24,14.4,4,4,8,1.6000000000000001,14,4.9000000000000004,20,10,0,0,6,0.90000000000000002,12,3.6000000000000001,18,8.0999999999999996,24,14.4,13,0,1,0,3,4,5,6,7,8,9,10,11,12,9,22,35,48,61,74,87,100,113,126,139,152,165,5,0,2,9,12,3,12,3,3,0,48,3,4,3,4,5,2,74,4,8,4,8,8,0,113,8,9,8,9,2,2,139,9,12,9,12
finalize,31,14,2,8,0,0,2,0,2,0.10000000000000001,2,1,4,0.40000000000000002,4,2,6,0.90000000000000002,4,3,8,1.6000000000000001,2,4,10,2.5,2,5,12,3.6000000000000001,2,6,14,4.9000000000000004,4,7,16,6.4000000000000004,4,0,18,8.0999999999999996,2,1,20,10,2,2,22,12.100000000000001,2,3,24,14.4,4,4,26,16.900000000000002,4,5,6,0.90000000000000002,12,3.6000000000000001,18,8.0999999999999996,24,14.4,2,0.10000000000000001,8,1.6000000000000001,14,4.9000000000000004,20,10,14,0,1,2,3,4,5,6,7,8,9,10,11,12,13,9,22,35,48,61,74,87,100,113,126,139,152,165,178,14,13,12,11,10,9,8,7,6,5,4,3,2,1,0,1009,1022,1035,1048,1061,1074,1087,1100,1113,1126,1139,1152,1165,1178,6,0,2,9,13,2,13,2,2,0,35,2,3,2,3,4,2,61,3,7,3,7,7,0,100,7,8,7,8,1,2,126,8,12,8,12,12,0,165,12,13,12,13,6,0,0,1009,13,12,0,1,3,1,1035,12,8,1,5,5,0,1074,8,7,5,6,6,1,1100,7,3,6,10,10,0,1139,3,2,10,11,1,2,1165,2,13,11,0
finalize,32,15,3,8,0,0,2,0,2,0.10000000000000001,4,1,4,0.40000000000000002,4,2,6,0.90000000000000002,2,3,8,1.6000000000000001,2,4,10,2.5,2,5,12,3.6000000000000001,4,6,14,4.9000000000000004,4,7,16,6.4000000000000004,2,0,18,8.0999999999999996,2,1,20,10,2,2,22,12.100000000000001,4,3,24,14.4,4,4,26,16.900000000000002,2,5,28,19.600000000000001,4,6,4,0.40000000000000002,10,2.5,16,6.4000000000000004,22,12.100000000000001,28,19.600000000000001,4,0.40000000000000002,10,2.5,16,6.4000000000000004,15,0,1,2,3,4,5,6,7,8,9,10,11,12,13,14,9,22,35,48,61,74,87,100,113,126,139,152,165,178,191,15,14,13,12,11,10,9,8,7,6,5,4,3,2,1,0,1009,1022,1035,1048,1061,1074,1087,1100,1113,1126,1139,1152,1165,1178,1191,15,2,3,4,5,6,7,8,9,10,11,12,13,14,0,1,2009,2022,2035,2048,2061,2074,2087,2100,2113,2126,2139,2152,2165,2178,2191,7,0,2,9,14,1,14,1,1,0,22,1,2,1,2,3,2,48,2,6,2,6,6,0,87,6,7,6,7,0,2,113,7,11,7,11,11,0,152,11,12,11,12,5,2,178,12,14,12,14,7,5,2,1022,14,12,0,2,2,0,1035,12,11,2,3,2,2,1061,11,7,3,7,7,0,1100,7,6,7,8,5,2,1126,6,2,8,12,12,0,1165,2,1,12,13,0,2,1191,1,14,13,0,7,3,2,2022,2,6,0,4,4,0,2061,6,7,4,5,0,2,2087,7,11,5,9,9,0,2126,11,12,9,10,5,2,2152,12,14,10,12,0,2,2178,14,1,12,14,14,0,2191,1,2,14,0
finalize,33,16,1,8,11,23,4,0,11,23,4,1,11,23,2,2,11,23,2,3,11,23,2,4,11,23,4,5,11,23,4,6,11,23,2,7,11,23,2,0,11,23,2,1,11,23,4,2,11,23,4,3,11,23,2,4,11,23,2,5,11,23,2,6,11,23,4,7,11,23,11,23,11,23,11,23,11,23,11,23,11,23,11,23,16,0,1,2,3,4,5,6,7,8,9,10,11,12,13,14,15,9,22,35,48,61,74,87,100,113,126,139,152,165,178,191,204,7,0,0,9,0,1,0,1,2,1,35,1,5,1,5,5,0,74,5,6,5,6,7,1,100,6,10,6,10,10,0,139,10,11,10,11,4,1,165,11,15,11,15,15,0,204,15,0,15,0
finalize,34,17,2,8,0,0,4,0,2,0.10000000000000001,2,1,4,0.40000000000000002,2,2,6,0.90000000000000002,2,3,8,1.6000000000000001,4,4,10,2.5,4,5,12,3.6000000000000001,2,6,14,4.9000000000000004,2,7,16,6.4000000000000004,2,0,18,8.0999999999999996,4,1,20,10,4,2,22,12.100000000000001,2,3,24,14.4,2,4,26,16.900000000000002,2,5,28,19.600000000000001,4,6,30,22.5,4,7,32,25.600000000000001,4,0,0,0,6,0.90000000000000002,12,3.6000000000000001,18,8.0999999999999996,24,14.4,30,22.5,2,0.10000000000000001,8,1.6000000000000001,17,0,1,2,3,4,5,6,7,8,9,10,11,12,13,14,15,16,9,22,35,48,61,74,87,100,113,126,139,152,165,178,191,204,217,17,16,15,14,13,12,11,10,9,8,7,6,5,4,3,2,1,0,1009,1022,1035,1048,1061,1074,1087,1100,1113,1126,1139,1152,1165,1178,1191,1204,1217,8,1,2,22,0,4,0,4,4,0,61,4,5,4,5,6,2,87,5,9,5,9,9,0,126,9,10,9,10,3,2,152,10,14,10,14,14,0,191,14,15,14,15,15,0,204,15,16,15,16,16,0,217,16,0,16,0,8,0,0,1009,16,15,0,1,1,0,1022,15,14,1,2,5,2,1048,14,10,2,6,6,0,1087,10,9,6,7,0,2,1113,9,5,7,11,11,0,1152,5,4,11,12,3,2,1178,4,0,12,16,16,0,1217,0,16,16,0
finalize,35,18,3,8,0,0,2,0,2,0.10000000000000001,2,1,4,0.40000000000000002,2,2,6,0.90000000000000002,4,3,8,1.6000000000000001,4,4,10,2.5,2,5,12,3.6000000000000001,2,6,14,4.9000000000000004,2,7,16,6.4000000000000004,4,0,18,8.0999999999999996,4,1,20,10,2,2,22,12.100000000000001,2,3,24,14.4,2,4,26,16.900000000000002,4,5,28,19.600000000000001,4,6,30,22.5,2,7,32,25.600000000000001,2,0,34,28.900000000000002,4,1,34,28.900000000000002,4,0.40000000000000002,10,2.5,16,6.4000000000000004,22,12.100000000000001,28,19.600000000000001,34,28.900000000000002,4,0.40000000000000002,18,0,1,0,3,4,5,6,7,8,9,10,11,12,13,14,15,16,17,9,22,35,48,61,74,87,100,113,126,139,152,165,178,191,204,217,230,18,17,16,17,14,13,12,11,10,9,8,7,6,5,4,3,2,1,0,1009,1022,1035,1048,1061,1074,1087,1100,1113,1126,1139,1152,1165,1178,1191,1204,1217,1230,18,2,3,2,5,6,7,8,9,10,11,12,13,14,15,16,17,0,1,2009,2022,2035,2048,2061,2074,2087,2100,2113,2126,2139,2152,2165,2178,2191,2204,2217,2230,7,0,1,9,17,3,17,3,3,0,48,3,4,3,4,5,2,74,4,8,4,8,8,0,113,8,9,8,9,2,2,139,9,13,9,13,13,0,178,13,14,13,14,7,2,204,14,17,14,17,8,0,1,1022,17,17,0,2,2,0,1035,17,14,2,3,3,0,1048,14,13,3,4,4,2,1074,13,9,4,8,8,0,1113,9,8,8,9,7,2,1139,8,4,9,13,13,0,1178,4,3,13,14,2,2,1204,3,17,14,0,6,0,1,2217,17,3,15,1,2,2,2035,3,8,1,6,6,0,2087,8,9,6,7,2,2,2113,9,13,7,11,11,0,2152,13,14,11,12,7,2,2178,14,17,12,15
finalize,36,19,1,8,0,0,2,0,2,0.10000000000000001,2,1,4,0.40000000000000002,4,2,6,0.90000000000000002,4,3,8,1.6000000000000001,2,4,10,2.5,2,5,12,3.6000000000000001,2,6,14,4.9000000000000004,4,7,16,6.4000000000000004,4,0,18,8.0999999999999996,2,1,20,10,2,2,22,12.100000000000001,2,3,24,14.4,4,4,26,16.900000000000002,4,5,28,19.600000000000001,2,6,30,22.5,2,7,32,25.600000000000001,2,0,34,28.900000000000002,4,1,36,32.399999999999999,4,2,34,28.900000000000002,2,0.10000000000000001,8,1.6000000000000001,14,4.9000000000000004,20,10,26,16.900000000000002,32,25.600000000000001,0,0,19,0,1,2,3,4,5,6,7,8,9,10,11,12,13,14,15,16,17,18,9,22,35,48,61,74,87,100,113,126,139,152,165,178,191,204,217,230,243,8,0,2,9,18,2,18,2,2,0,35,2,3,2,3,4,2,61,3,7,3,7,7,0,100,7,8,7,8,1,2,126,8,12,8,12,12,0,165,12,13,12,13,6,2,191,13,17,13,17,17,0,230,17,18,17,18
finalize,37,20,2,8,0,0,2,0,2,0.10000000000000001,4,1,4,0.40000000000000002,4,2,6,0.90000000000000002,2,3,8,1.6000000000000001,2,4,10,2.5,2,5,12,3.6000000000000001,4,6,14,4.9000000000000004,4,7,16,6.4000000000000004,2,0,18,8.0999999999999996,2,1,20,10,2,2,22,12.100000000000001,4,3,24,14.4,4,4,26,16.900000000000002,2,5,28,19.600000000000001,2,6,30,22.5,2,7,32,25.600000000000001,4,0,34,28.900000000000002,4,1,36,32.399999999999999,2,2,38,36.100000000000001,4,3,34,28.900000000000002,0,0,6,0.90000000000000002,12,3.6000000000000001,18,8.0999999999999996,24,14.4,30,22.5,36,32.399999999999999,20,0,1,2,3,4,5,6,7,8,9,10,11,12,13,14,15,16,17,18,19,9,22,35,48,61,74,87,100,113,126,139,152,165,178,191,204,217,230,243,256,20,19,18,17,16,15,14,13,12,11,10,9,8,7,6,5,4,3,2,1,0,1009,1022,1035,1048,1061,1074,1087,1100,1113,1126,1139,1152,1165,1178,1191,1204,1217,1230,1243,1256,9,0,2,9,19,1,19,1,1,0,22,1,2,1,2,3,2,48,2,6,2,6,6,0,87,6,7,6,7,0,2,113,7,11,7,11,11,0,152,11,12,11,12,5,1,178,12,16,12,16,16,0,217,16,17,16,17,2,2,243,17,19,17,19,9,2,2,1022,19,17,0,2,2,0,1035,17,16,2,3,7,2,1061,16,12,3,7,7,0,1100,12,11,7,8,2,2,1126,11,7,8,12,12,0,1165,7,6,12,13,5,2,1191,6,2,13,17,17,0,1230,2,1,17,18,0,2,1256,1,19,18,0
finalize,38,21,3,8,0,0,4,0,2,0.10000000000000001,4,1,4,0.40000000000000002,2,2,6,0.90000000000000002,2,3,8,1.6000000000000001,2,4,10,2.5,4,5,12,3.6000000000000001,4,6,14,4.9000000000000004,2,7,16,6.4000000000000004,2,0,18,8.0999999999999996,2,1,20,10,4,2,22,12.100000000000001,4,3,24,14.4,2,4,26,16.900000000000002,2,5,28,19.600000000000001,2,6,30,22.5,4,7,32,25.600000000000001,4,0,34,28.900000000000002,2,1,36,32.399999999999999,2,2,38,36.100000000000001,2,3,40,40,4,4,34,28.900000000000002,40,40,4,0.40000000000000002,10,2.5,16,6.4000000000000004,22,12.100000000000001,28,19.600000000000001,34,28.900000000000002,21,0,1,2,3,4,5,6,7,8,9,10,11,12,13,14,15,16,17,18,19,20,9,22,35,48,61,74,87,100,113,126,139,152,165,178,191,204,217,230,243,256,269,21,20,19,18,17,16,15,14,13,12,11,10,9,8,7,6,5,4,3,2,1,0,1009,1022,1035,1048,1061,1074,1087,1100,1113,1126,1139,1152,1165,1178,1191,1204,1217,1230,1243,1256,1269,21,2,3,4,5,6,7,8,9,10,11,12,13,14,15,16,17,18,19,20,0,1,2009,2022,2035,2048,2061,2074,2087,2100,2113,2126,2139,2152,2165,2178,2191,2204,2217,2230,2243,2256,2269,9,0,0,9,0,1,0,1,2,2,35,1,5,1,5,5,0,74,5,6,5,6,7,2,100,6,10,6,10,10,0,139,10,11,10,11,4,2,165,11,15,11,15,15,0,204,15,16,15,16,1,2,230,16,20,16,20,20,0,269,20,0,20,0,9,3,2,1022,20,16,0,4,4,0,1061,16,15,4,5,6,2,1087,15,11,5,9,9,0,1126,11,10,9,10,1,2,1152,10,6,10,14,14,0,1191,6,5,14,15,4,2,1217,5,1,15,19,19,0,1256,1,0,19,20,20,0,1269,0,20,20,0,9,2,2,2009,1,5,20,3,3,0,2048,5,6,3,4,7,2,2074,6,10,4,8,8,0,2113,10,11,8,9,4,2,2139,11,15,9,13,13,0,2178,15,16,13,14,1,2,2204,16,20,14,18,18,0,2243,20,0,18,19,19,0,2256,0,1,19,20
finalize,39,22,1,8,0,0,4,0,2,0.10000000000000001,2,1,4,0.40000000000000002,2,2,6,0.90000000000000002,2,3,8,1.6000000000000001,4,4,10,2.5,4,5,12,3.6000000000000001,2,6,14,4.9000000000000004,2,7,16,6.4000000000000004,2,0,18,8.0999999999999996,4,1,20,10,4,2,22,12.100000000000001,2,3,24,14.4,2,4,26,16.900000000000002,2,5,28,19.600000000000001,4,6,30,22.5,4,7,32,25.600000000000001,2,0,34,28.900000000000002,2,1,36,32.399999999999999,2,2,38,36.100000000000001,4,3,40,40,4,4,42,44.100000000000001,4,5,34,28.900000000000002,40,40,2,0.10000000000000001,8,1.6000000000000001,14,4.9000000000000004,20,10,26,16.900000000000002,32,25.600000000000001,22,0,1,2,3,4,5,6,7,8,9,10,11,12,13,14,15,16,17,18,19,20,21,9,22,35,48,61,74,87,100,113,126,139,152,165,178,191,204,217,230,243,256,269,282,10,1,2,22,0,4,0,4,4,0,61,4,5,4,5,6,2,87,5,9,5,9,9,0,126,9,10,9,10,3,2,152,10,14,10,14,14,0,191,14,15,14,15,0,2,217,15,19,15,19,19,0,256,19,20,19,20,20,0,269,20,21,20,21,21,0,282,21,0,21,0
finalize,40,23,2,8,0,0,2,0,2,0.10000000000000001,2,1,4,0.40000000000000002,2,2,6,0.90000000000000002,4,3,8,1.6000000000000001,4,4,10,2.5,2,5,12,3.6000000000000001,2,6,14,4.9000000000000004,2,7,16,6.4000000000000004,4,0,18,8.0999999999999996,4,1,20,10,2,2,22,12.100000000000001,2,3,24,14.4,2,4,26,16.900000000000002,4,5,28,19.600000000000001,4,6,30,22.5,2,7,32,25.600000000000001,2,0,34,28.900000000000002,2,1,36,32.399999999999999,4,2,38,36.100000000000001,4,3,40,40,2,4,42,44.100000000000001,2,5,44,48.400000000000006,4,6,34,28.900000000000002,40,40,0,0,6,0.90000000000000002,12,3.6000000000000001,18,8.0999999999999996,24,14.4,30,22.5,23,0,1,0,3,4,5,6,7,8,9,10,11,12,13,14,15,16,17,18,19,20,21,22,9,22,35,48,61,74,87,100,113,126,139,152,165,178,191,204,217,230,243,256,269,282,295,23,22,21,22,19,18,17,16,15,14,13,12,11,10,9,8,7,6,5,4,3,2,1,0,1009,1022,1035,1048,1061,1074,1087,1100,1113,1126,1139,1152,1165,1178,1191,1204,1217,1230,1243,1256,1269,1282,1295,9,0,2,9,22,3,22,3,3,0,48,3,4,3,4,5,2,74,4,8,4,8,8,0,113,8,9,8,9,2,2,139,9,13,9,13,13,0,178,13,14,13,14,7,2,204,14,18,14,18,18,0,243,18,19,18,19,4,2,269,19,22,19,22,10,5,2,1022,22,22,0,2,2,0,1035,22,19,2,3,3,0,1048,19,18,3,4,1,2,1074,18,14,4,8,8,0,1113,14,13,8,9,4,2,1139,13,9,9,13,13,0,1178,9,8,13,14,7,2,1204,8,4,14,18,18,0,1243,4,3,18,19,2,2,1269,3,22,19,0
finalize,41,24,3,8,0,0,2,0,2,0.10000000000000001,2,1,4,0.40000000000000002,4,2,6,0.90000000000000002,4,3,8,1.6000000000000001,2,4,10,2.5,2,5,12,3.6000000000000001,2,6,14,4.9000000000000004,4,7,16,6.4000000000000004,4,0,18,8.0999999999999996,2,1,20,10,2,2,22,12.100000000000001,2,3,24,14.4,4,4,26,16.900000000000002,4,5,28,19.600000000000001,2,6,30,22.5,2,7,32,25.600000000000001,2,0,34,28.900000000000002,4,1,36,32.399999999999999,4,2,38,36.100000000000001,2,3,40,40,2,4,42,44.100000000000001,2,5,44,48.400000000000006,4,6,46,52.900000000000006,4,7,34,28.900000000000002,40,40,46,52.900000000000006,4,0.40000000000000002,10,2.5,16,6.4000000000000004,22,12.100000000000001,28,19.600000000000001,24,0,1,2,3,4,5,6,7,8,9,10,11,12,13,14,15,16,17,18,19,20,21,22,23,9,22,35,48,61,74,87,100,113,126,139,152,165,178,191,204,217,230,243,256,269,282,295,308,24,23,22,21,20,19,18,17,16,15,14,13,12,11,10,9,8,7,6,5,4,3,2,1,0,1009,1022,1035,1048,1061,1074,1087,1100,1113,1126,1139,1152,1165,1178,1191,1204,1217,1230,1243,1256,1269,1282,1295,1308,24,2,3,4,5,6,7,8,9,10,11,12,13,14,15,16,17,18,19,20,21,22,23,0,1,2009,2022,2035,2048,2061,2074,2087,2100,2113,2126,2139,2152,2165,2178,2191,2204,2217,2230,2243,2256,2269,2282,2295,2308,10,0,2,9,23,2,23,2,2,0,35,2,3,2,3,4,2,61,3,7,3,7,7,0,100,7,8,7,8,1,2,126,8,12,8,12,12,0,165,12,13,12,13,6,2,191,13,17,13,17,17,0,230,17,18,17,18,3,2,256,18,22,18,22,22,0,295,22,23,22,23,10,0,0,1009,23,22,0,1,5,2,1035,22,18,1,5,5,0,1074,18,17,5,6,0,1,1100,17,13,6,10,10,0,1139,13,12,10,11,3,2,1165,12,8,11,15,15,0,1204,8,7,15,16,6,2,1230,7,3,16,20,20,0,1269,3,2,20,21,1,2,1295,2,23,21,0,10,0,0,2009,2,3,0,1,4,2,2035,3,7,1,5,5,0,2074,7,8,5,6,1,2,2100,8,12,6,10,10,0,2139,12,13,10,11,6,2,2165,13,17,11,15,15,0,2204,17,18,15,16,3,2,2230,18,22,16,20,20,0,2269,22,23,20,21,0,2,2295,23,2,21,0
finalize,42,25,1,8,0,0,2,0,2,0.10000000000000001,4,1,4,0.40000000000000002,4,2,6,0.90000000000000002,2,3,8,1.6000000000000001,2,4,10,2.5,2,5,12,3.6000000000000001,4,6,14,4.9000000000000004,4,7,16,6.4000000000000004,2,0,18,8.0999999999999996,2,1,20,10,2,2,22,12.100000000000001,4,3,24,14.4,4,4,26,16.900000000000002,2,5,28,19.600000000000001,2,6,30,22.5,2,7,32,25.600000000000001,4,0,34,28.900000000000002,4,1,36,32.399999999999999,2,2,38,36.100000000000001,2,3,40,40,2,4,42,44.100000000000001,4,5,44,48.400000000000006,4,6,46,52.900000000000006,2,7,48,57.600000000000001,4,0,34,28.900000000000002,40,40,46,52.900000000000006,2,0.10000000000000001,8,1.6000000000000001,14,4.9000000000000004,20,10,26,16.900000000000002,25,0,1,2,3,4,5,6,7,8,9,10,11,12,13,14,15,16,17,18,19,20,21,22,23,24,9,22,35,48,61,74,87,100,113,126,139,152,165,178,191,204,217,230,243,256,269,282,295,308,321,11,0,2,9,24,1,24,1,1,0,22,1,2,1,2,3,2,48,2,6,2,6,6,0,87,6,7,6,7,0,2,113,7,11,7,11,11,0,152,11,12,11,12,5,2,178,12,16,12,16,16,0,217,16,17,16,17,2,2,243,17,21,17,21,21,0,282,21,22,21,22,7,2,308,22,24,22,24
finalize,43,26,2,8,0,0,4,0,2,0.10000000000000001,4,1,4,0.40000000000000002,2,2,6,0.90000000000000002,2,3,8,1.6000000000000001,2,4,10,2.5,4,5,12,3.6000000000000001,4,6,14,4.9000000000000004,2,7,16,6.4000000000000004,2,0,18,8.0999999999999996,2,1,20,10,4,2,22,12.100000000000001,4,3,24,14.4,2,4,26,16.900000000000002,2,5,28,19.600000000000001,2,6,30,22.5,4,7,32,25.600000000000001,4,0,34,28.900000000000002,2,1,36,32.399999999999999,2,2,38,36.100000000000001,2,3,40,40,4,4,42,44.100000000000001,4,5,44,48.400000000000006,2,6,46,52.900000000000006,2,7,48,57.600000000000001,2,0,50,62.5,4,1,34,28.900000000000002,40,40,46,52.900000000000006,0,0,6,0.90000000000000002,12,3.6000000000000001,18,8.0999999999999996,24,14.4,26,0,1,2,3,4,5,6,7,8,9,10,11,12,13,14,15,16,17,18,19,20,21,22,23,24,25,9,22,35,48,61,74,87,100,113,126,139,152,165,178,191,204,217,230,243,256,269,282,295,308,321,334,26,25,24,23,22,21,20,19,18,17,16,15,14,13,12,11,10,9,8,7,6,5,4,3,2,1,0,1009,1022,1035,1048,1061,1074,1087,1100,1113,1126,1139,1152,1165,1178,1191,1204,1217,1230,1243,1256,1269,1282,1295,1308,1321,1334,11,0,0,9,0,1,0,1,2,2,35,1,5,1,5,5,0,74,5,6,5,6,7,2,100,6,10,6,10,10,0,139,10,11,10,11,4,2,165,11,15,11,15,15,0,204,15,16,15,16,1,2,230,16,20,16,20,20,0,269,20,21,20,21,6,2,295,21,25,21,25,25,0,334,25,0,25,0,11,0,2,1022,25,21,0,4,4,0,1061,21,20,4,5,3,2,1087,20,16,5,9,9,0,1126,16,15,9,10,6,2,1152,15,11,10,14,14,0,1191,11,10,14,15,1,2,1217,10,6,15,19,19,0,1256,6,5,19,20,4,2,1282,5,1,20,24,24,0,1321,1,0,24,25,25,0,1334,0,25,25,0
finalize,44,27,3,8,11,23,4,0,11,23,2,1,11,23,2,2,11,23,2,3,11,23,4,4,11,23,4,5,11,23,2,6,11,23,2,7,11,23,2,0,11,23,4,1,11,23,4,2,11,23,2,3,11,23,2,4,11,23,2,5,11,23,4,6,11,23,4,7,11,23,2,0,11,23,2,1,11,23,2,2,11,23,4,3,11,23,4,4,11,23,2,5,11,23,2,6,11,23,2,7,11,23,4,0,11,23,4,1,11,23,4,2,11,23,11,23,11,23,11,23,11,23,11,23,11,23,11,23,27,0,1,2,3,4,5,6,7,8,9,10,11,12,13,14,15,16,17,18,19,20,21,22,23,24,25,26,9,22,35,48,61,74,87,100,113,126,139,152,165,178,191,204,217,230,243,256,269,282,295,308,321,334,347,27,26,25,24,23,22,21,20,19,18,17,16,15,14,13,12,11,10,9,8,7,6,5,4,3,2,1,0,1009,1022,1035,1048,1061,1074,1087,1100,1113,1126,1139,1152,1165,1178,1191,1204,1217,1230,1243,1256,1269,1282,1295,1308,1321,1334,1347,27,2,3,4,5,6,7,8,9,10,11,12,13,14,15,16,17,18,19,20,21,22,23,24,25,26,0,1,2009,2022,2035,2048,2061,2074,2087,2100,2113,2126,2139,2152,2165,2178,2191,2204,2217,2230,2243,2256,2269,2282,2295,2308,2321,2334,2347,12,1,1,22,0,4,0,4,4,0,61,4,5,4,5,6,1,87,5,9,5,9,9,0,126,9,10,9,10,3,1,152,10,14,10,14,14,0,191,14,15,14,15,0,1,217,15,19,15,19,19,0,256,19,20,19,20,5,1,282,20,24,20,24,24,0,321,24,25,24,25,25,0,334,25,26,25,26,26,0,347,26,0,26,0,12,0,0,1009,26,25,0,1,1,0,1022,25,24,1,2,7,1,1048,24,20,2,6,6,0,1087,20,19,6,7,2,1,1113,19,15,7,11,11,0,1152,15,14,11,12,5,1,1178,14,10,12,16,16,0,1217,10,9,16,17,0,1,1243,9,5,17,21,21,0,1282,5,4,21,22,3,1,1308,4,0,22,26,26,0,1347,0,26,26,0,12,1,1,2347,0,4,25,2,2,0,2035,4,5,2,3,6,1,2061,5,9,3,7,7,0,2100,9,10,7,8,3,1,2126,10,14,8,12,12,0,2165,14,15,12,13,0,1,2191,15,19,13,17,17,0,2230,19,20,17,18,5,1,2256,20,24,18,22,22,0,2295,24,25,22,23,23,0,2308,25,26,23,24,24,0,2321,26,0,24,25
finalize,45,28,1,8,0,0,2,0,2,0.10000000000000001,2,1,4,0.40000000000000002,2,2,6,0.90000000000000002,4,3,8,1.6000000000000001,4,4,10,2.5,2,5,12,3.6000000000000001,2,6,14,4.9000000000000004,2,7,16,6.4000000000000004,4,0,18,8.0999999999999996,4,1,20,10,2,2,22,12.100000000000001,2,3,24,14.4,2,4,26,16.900000000000002,4,5,28,19.600000000000001,4,6,30,22.5,2,7,32,25.600000000000001,2,0,34,28.900000000000002,2,1,36,32.399999999999999,4,2,38,36.100000000000001,4,3,40,40,2,4,42,44.100000000000001,2,5,44,48.400000000000006,2,6,46,52.900000000000006,4,7,48,57.600000000000001,4,0,50,62.5,2,1,52,67.600000000000009,2,2,54,72.900000000000006,4,3,34,28.900000000000002,40,40,46,52.900000000000006,52,67.600000000000009,2,0.10000000000000001,8,1.6000000000000001,14,4.9000000000000004,20,10,28,0,1,0,3,4,5,6,7,8,9,10,11,12,13,14,15,16,17,18,19,20,21,22,23,24,25,26,27,9,22,35,48,61,74,87,100,113,126,139,152,165,178,191,204,217,230,243,256,269,282,295,308,321,334,347,360,11,0,2,9,27,3,27,3,3,0,48,3,4,3,4,5,1,74,4,8,4,8,8,0,113,8,9,8,9,2,2,139,9,13,9,13,13,0,178,13,14,13,14,7,2,204,14,18,14,18,18,0,243,18,19,18,19,4,2,269,19,23,19,23,23,0,308,23,24,23,24,1,2,334,24,27,24,27
finalize,46,29,2,8,0,0,2,0,2,0.10000000000000001,2,1,4,0.40000000000000002,4,2,6,0.90000000000000002,4,3,8,1.6000000000000001,2,4,10,2.5,2,5,12,3.6000000000000001,2,6,14,4.9000000000000004,4,7,16,6.4000000000000004,4,0,18,8.0999999999999996,2,1,20,10,2,2,22,12.100000000000001,2,3,24,14.4,4,4,26,16.900000000000002,4,5,28,19.600000000000001,2,6,30,22.5,2,7,32,25.600000000000001,2,0,34,28.900000000000002,4,1,36,32.399999999999999,4,2,38,36.100000000000001,2,3,40,40,2,4,42,44.100000000000001,2,5,44,48.400000000000006,4,6,46,52.900000000000006,4,7,48,57.600000000000001,2,0,50,62.5,2,1,52,67.600000000000009,2,2,54,72.900000000000006,4,3,56,78.400000000000006,4,4,34,28.900000000000002,40,40,46,52.900000000000006,52,67.600000000000009,0,0,6,0.90000000000000002,12,3.6000000000000001,18,8.0999999999999996,29,0,1,2,3,4,5,6,7,8,9,10,11,12,13,14,15,16,17,18,19,20,21,22,23,24,25,26,27,28,9,22,35,48,61,74,87,100,113,126,139,152,165,178,191,204,217,230,243,256,269,282,295,308,321,334,347,360,373,29,28,27,26,25,24,23,22,21,20,19,18,17,16,15,14,13,12,11,10,9,8,7,6,5,4,3,2,1,0,1009,1022,1035,1048,1061,1074,1087,1100,1113,1126,1139,1152,1165,1178,1191,1204,1217,1230,1243,1256,1269,1282,1295,1308,1321,1334,1347,1360,1373,12,0,2,9,28,2,28,2,2,0,35,2,3,2,3,4,2,61,3,7,3,7,7,0,100,7,8,7,8,1,2,126,8,12,8,12,12,0,165,12,13,12,13,6,2,191,13,17,13,17,17,0,230,17,18,17,18,3,2,256,18,22,18,22,22,0,295,22,23,22,23,0,2,321,23,27,23,27,27,0,360,27,28,27,28,12,0,0,1009,28,27,0,1,2,2,1035,27,23,1,5,5,0,1074,23,22,5,6,5,2,1100,22,18,6,10,10,0,1139,18,17,10,11,0,1,1165,17,13,11,15,15,0,1204,13,12,15,16,3,2,1230,12,8,16,20,20,0,1269,8,7,20,21,6,2,1295,7,3,21,25,25,0,1334,3,2,25,26,1,2,1360,2,28,26,0
finalize,47,30,3,8,0,0,2,0,2,0.10000000000000001,4,1,4,0.40000000000000002,4,2,6,0.90000000000000002,2,3,8,1.6000000000000001,2,4,10,2.5,2,5,12,3.6000000000000001,4,6,14,4.9000000000000004,4,7,16,6.4000000000000004,2,0,18,8.0999999999999996,2,1,20,10,2,2,22,12.100000000000001,4,3,24,14.4,4,4,26,16.900000000000002,2,5,28,19.600000000000001,2,6,30,22.5,2,7,32,25.600000000000001,4,0,34,28.900000000000002,4,1,36,32.399999999999999,2,2,38,36.100000000000001,2,3,40,40,2,4,42,44.100000000000001,4,5,44,48.400000000000006,4,6,46,52.900000000000006,2,7,48,57.600000000000001,2,0,50,62.5,2,1,52,67.600000000000009,4,2,54,72.900000000000006,4,3,56,78.400000000000006,2,4,58,84.100000000000009,4,5,34,28.900000000000002,40,40,46,52.900000000000006,52,67.600000000000009,58,84.100000000000009,4,0.40000000000000002,10,2.5,16,6.4000000000000004,30,0,1,2,3,4,5,6,7,8,9,10,11,12,13,14,15,16,17,18,19,20,21,22,23,24,25,26,27,28,29,9,22,35,48,61,74,87,100,113,126,139,152,165,178,191,204,217,230,243,256,269,282,295,308,321,334,347,360,373,386,30,29,28,27,26,25,24,23,22,21,20,19,18,17,16,15,14,13,12,11,10,9,8,7,6,5,4,3,2,1,0,1009,1022,1035,1048,1061,1074,1087,1100,1113,1126,1139,1152,1165,1178,1191,1204,1217,1230,1243,1256,1269,1282,1295,1308,1321,1334,1347,1360,1373,1386,30,2,3,4,5,6,7,8,9,10,11,12,13,14,15,16,17,18,19,20,21,22,23,24,25,26,27,28,29,0,1,2009,2022,2035,2048,2061,2074,2087,2100,2113,2126,2139,2152,2165,2178,2191,2204,2217,2230,2243,2256,2269,2282,2295,2308,2321,2334,2347,2360,2373,2386,13,0,2,9,29,1,29,1,1,0,22,1,2,1,2,3,2,48,2,6,2,6,6,0,87,6,7,6,7,0,2,113,7,11,7,11,11,0,152,11,12,11,12,5,2,178,12,16,12,16,16,0,217,16,17,16,17,2,2,243,17,21,17,21,21,0,282,21,22,21,22,7,2,308,22,26,22,26,26,0,347,26,27,26,27,4,2,373,27,29,27,29,13,4,1,1022,29,27,0,2,2,0,1035,27,26,2,3,1,2,1061,26,22,3,7,7,0,1100,22,21,7,8,4,2,1126,21,17,8,12,12,0,1165,17,16,12,13,7,2,1191,16,12,13,17,17,0,1230,12,11,17,18,2,2,1256,11,7,18,22,22,0,1295,7,6,22,23,5,2,1321,6,2,23,27,27,0,1360,2,1,27,28,0,2,1386,1,29,28,0,13,3,2,2022,2,6,0,4,4,0,2061,6,7,4,5,0,2,2087,7,11,5,9,9,0,2126,11,12,9,10,5,2,2152,12,16,10,14,14,0,2191,16,17,14,15,2,2,2217,17,21,15,19,19,0,2256,21,22,19,20,7,2,2282,22,26,20,24,24,0,2321,26,27,24,25,4,2,2347,27,29,25,27,0,2,2373,29,1,27,29,29,0,2386,1,2,29,0
finalize,48,31,1,8,0,0,4,0,2,0.10000000000000001,4,1,4,0.40000000000000002,2,2,6,0.90000000000000002,2,3,8,1.6000000000000001,2,4,10,2.5,4,5,12,3.6000000000000001,4,6,14,4.9000000000000004,2,7,16,6.4000000000000004,2,0,18,8.0999999999999996,2,1,20,10,4,2,22,12.100000000000001,4,3,24,14.4,2,4,26,16.900000000000002,2,5,28,19.600000000000001,2,6,30,22.5,4,7,32,25.600000000000001,4,0,34,28.900000000000002,2,1,36,32.399999999999999,2,2,38,36.100000000000001,2,3,40,40,4,4,42,44.100000000000001,4,5,44,48.400000000000006,2,6,46,52.900000000000006,2,7,48,57.600000000000001,2,0,50,62.5,4,1,52,67.600000000000009,4,2,54,72.900000000000006,2,3,56,78.400000000000006,2,4,58,84.100000000000009,2,5,60,90,4,6,34,28.900000000000002,40,40,46,52.900000000000006,52,67.600000000000009,58,84.100000000000009,2,0.10000000000000001,8,1.6000000000000001,14,4.9000000000000004,31,0,1,2,3,4,5,6,7,8,9,10,11,12,13,14,15,16,17,18,19,20,21,22,23,24,25,26,27,28,29,30,9,22,35,48,61,74,87,100,113,126,139,152,165,178,191,204,217,230,243,256,269,282,295,308,321,334,347,360,373,386,399,13,0,0,9,0,1,0,1,2,2,35,1,5,1,5,5,0,74,5,6,5,6,7,2,100,6,10,6,10,10,0,139,10,11,10,11,4,2,165,11,15,11,15,15,0,204,15,16,15,16,1,2,230,16,20,16,20,20,0,269,20,21,20,21,6,2,295,21,25,21,25,25,0,334,25,26,25,26,3,1,360,26,30,26,30,30,0,399,30,0,30,0
finalize,49,32,2,8,0,0,4,0,2,0.10000000000000001,2,1,4,0.40000000000000002,2,2,6,0.90000000000000002,2,3,8,1.6000000000000001,4,4,10,2.5,4,5,12,3.6000000000000001,2,6,14,4.9000000000000004,2,7,16,6.4000000000000004,2,0,18,8.0999999999999996,4,1,20,10,4,2,22,12.100000000000001,2,3,24,14.4,2,4,26,16.900000000000002,2,5,28,19.600000000000001,4,6,30,22.5,4,7,32,25.600000000000001,2,0,34,28.900000000000002,2,1,36,32.399999999999999,2,2,38,36.100000000000001,4,3,40,40,4,4,42,44.100000000000001,2,5,44,48.400000000000006,2,6,46,52.900000000000006,2,7,48,57.600000000000001,4,0,50,62.5,4,1,52,67.600000000000009,2,2,54,72.900000000000006,2,3,56,78.400000000000006,2,4,58,84.100000000000009,4,5,60,90,4,6,62,96.100000000000009,4,7,34,28.900000000000002,40,40,46,52.900000000000006,52,67.600000000000009,58,84.100000000000009,0,0,6,0.90000000000000002,12,3.6000000000000001,32,0,1,2,3,4,5,6,7,8,9,10,11,12,13,14,15,16,17,18,19,20,21,22,23,24,25,26,27,28,29,30,31,9,22,35,48,61,74,87,100,113,126,139,152,165,178,191,204,217,230,243,256,269,282,295,308,321,334,347,360,373,386,399,412,32,31,30,29,28,27,26,25,24,23,22,21,20,19,18,17,16,15,14,13,12,11,10,9,8,7,6,5,4,3,2,1,0,1009,1022,1035,1048,1061,1074,1087,1100,1113,1126,1139,1152,1165,1178,1191,1204,1217,1230,1243,1256,1269,1282,1295,1308,1321,1334,1347,1360,1373,1386,1399,1412,14,1,2,22,0,4,0,4,4,0,61,4,5,4,5,6,2,87,5,9,5,9,9,0,126,9,10,9,10,3,2,152,10,14,10,14,14,0,191,14,15,14,15,0,2,217,15,19,15,19,19,0,256,19,20,19,20,5,2,282,20,24,20,24,24,0,321,24,25,24,25,2,2,347,25,29,25,29,29,0,386,29,30,29,30,30,0,399,30,31,30,31,31,0,412,31,0,31,0,14,0,0,1009,31,30,0,1,1,0,1022,30,29,1,2,4,1,1048,29,25,2,6,6,0,1087,25,24,6,7,7,2,1113,24,20,7,11,11,0,1152,20,19,11,12,2,2,1178,19,15,12,16,16,0,1217,15,14,16,17,5,2,1243,14,10,17,21,21,0,1282,10,9,21,22,0,2,1308,9,5,22,26,26,0,1347,5,4,26,27,3,2,1373,4,0,27,31,31,0,1412,0,31,31,0
finalize,50,8,3,8,0,0,2,0,2,0.10000000000000001,2,1,4,0.40000000000000002,2,2,6,0.90000000000000002,4,3,8,1.6000000000000001,4,4,10,2.5,2,5,12,3.6000000000000001,2,6,14,4.9000000000000004,4,7,4,0.40000000000000002,10,2.5,0,0,6,0.90000000000000002,12,3.6000000000000001,2,0.10000000000000001,8,1.6000000000000001,14,4.9000000000000004,8,0,1,0,3,4,5,6,7,9,22,35,48,61,74,87,100,8,7,6,7,4,3,2,1,0,1009,1022,1035,1048,1061,1074,1087,1100,8,2,3,2,5,6,7,0,1,2009,2022,2035,2048,2061,2074,2087,2100,3,0,2,9,7,3,7,3,3,0,48,3,4,3,4,5,2,74,4,7,4,7,4,6,2,1022,7,7,0,2,2,0,1035,7,4,2,3,3,0,1048,4,3,3,4,2,2,1074,3,7,4,0,2,0,2,2087,7,3,5,1,2,2,2035,3,7,1,5
finalize,51,9,1,8,0,0,2,0,2,0.10000000000000001,2,1,4,0.40000000000000002,4,2,6,0.90000000000000002,4,3,8,1.6000000000000001,2,4,10,2.5,2,5,12,3.6000000000000001,2,6,14,4.9000000000000004,4,7,16,6.4000000000000004,4,0,12,3.6000000000000001,0,0,6,0.90000000000000002,12,3.6000000000000001,0,0,6,0.90000000000000002,12,3.6000000000000001,0,0,9,0,1,2,3,4,5,6,7,8,9,22,35,48,61,74,87,100,113,4,0,2,9,8,2,8,2,2,0,35,2,3,2,3,4,2,61,3,7,3,7,7,0,100,7,8,7,8
finalize,52,10,2,8,0,0,2,0,2,0.10000000000000001,4,1,4,0.40000000000000002,4,2,6,0.90000000000000002,2,3,8,1.6000000000000001,2,4,10,2.5,2,5,12,3.6000000000000001,4,6,14,4.9000000000000004,4,7,16,6.4000000000000004,2,0,18,8.0999999999999996,4,1,4,0.40000000000000002,10,2.5,16,6.4000000000000004,2,0.10000000000000001,8,1.6000000000000001,14,4.9000000000000004,0,0,6,0.90000000000000002,10,0,1,2,3,4,5,6,7,8,9,9,22,35,48,61,74,87,100,113,126,10,9,8,7,6,5,4,3,2,1,0,1009,1022,1035,1048,1061,1074,1087,1100,1113,1126,5,0,2,9,9,1,9,1,1,0,22,1,2,1,2,3,2,48,2,6,2,6,6,0,87,6,7,6,7,0,2,113,7,9,7,9,5,0,2,1022,9,7,0,2,2,0,1035,7,6,2,3,5,2,1061,6,2,3,7,7,0,1100,2,1,7,8,0,2,1126,1,9,8,0
finalize,53,11,3,8,0,0,4,0,2,0.10000000000000001,4,1,4,0.40000000000000002,2,2,6,0.90000000000000002,2,3,8,1.6000000000000001,2,4,10,2.5,4,5,12,3.6000000000000001,4,6,14,4.9000000000000004,2,7,16,6.4000000000000004,2,0,18,8.0999999999999996,2,1,20,10,4,2,18,8.0999999999999996,2,0.10000000000000001,8,1.6000000000000001,14,4.9000000000000004,20,10,4,0.40000000000000002,10,2.5,16,6.4000000000000004,11,0,1,2,3,4,5,6,7,8,9,10,9,22,35,48,61,74,87,100,113,126,139,11,10,9,8,7,6,5,4,3,2,1,0,1009,1022,1035,1048,1061,1074,1087,1100,1113,1126,1139,11,2,3,4,5,6,7,8,9,10,0,1,2009,2022,2035,2048,2061,2074,2087,2100,2113,2126,2139,5,0,0,9,0,1,0,1,2,2,35,1,5,1,5,5,0,74,5,6,5,6,7,2,100,6,10,6,10,10,0,139,10,0,10,0,5,1,2,1022,10,6,0,4,4,0,1061,6,5,4,5,4,2,1087,5,1,5,9,9,0,1126,1,0,9,10,10,0,1139,0,10,10,0,5,2,2,2009,1,5,10,3,3,0,2048,5,6,3,4,7,2,2074,6,10,4,8,8,0,2113,10,0,8,9,9,0,2126,0,1,9,10
finalize,54,12,1,8,0,0,4,0,2,0.10000000000000001,2,1,4,0.40000000000000002,2,2,6,0.90000000000000002,2,3,8,1.6000000000000001,4,4,10,2.5,4,5,12,3.6000000000000001,2,6,14,4.9000000000000004,2,7,16,6.4000000000000004,2,0,18,8.0999999999999996,4,1,20,10,4,2,22,12.100000000000001,4,3,12,3.6000000000000001,18,8.0999999999999996,0,0,6,0.90000000000000002,12,3.6000000000000001,18,8.0999999999999996,0,0,6,0.90000000000000002,12,0,1,2,3,4,5,6,7,8,9,10,11,9,22,35,48,61,74,87,100,113,126,139,152,6,1,2,22,0,4,0,4,4,0,61,4,5,4,5,6,2,87,5,9,5,9,9,0,126,9,10,9,10,10,0,139,10,11,10,11,11,0,152,11,0,11,0
finalize,55,13,2,8,11,23,2,0,11,23,2,1,11,23,2,2,11,23,4,3,11,23,4,4,11,23,2,5,11,23,2,6,11,23,2,7,11,23,4,0,11,23,4,1,11,23,2,2,11,23,2,3,11,23,4,4,11,23,11,23,11,23,11,23,11,23,11,23,11,23,11,23,13,0,1,0,3,4,5,6,7,8,9,10,11,12,9,22,35,48,61,74,87,100,113,126,139,152,165,13,12,11,12,9,8,7,6,5,4,3,2,1,0,1009,1022,1035,1048,1061,1074,1087,1100,1113,1126,1139,1152,1165,5,0,1,9,12,3,12,3,3,0,48,3,4,3,4,5,1,74,4,8,4,8,8,0,113,8,9,8,9,2,1,139,9,12,9,12,6,3,1,1022,12,12,0,2,2,0,1035,12,9,2,3,3,0,1048,9,8,3,4,7,1,1074,8,4,4,8,8,0,1113,4,3,8,9,2,1,1139,3,12,9,0
finalize,56,14,3,8,0,0,2,0,2,0.10000000000000001,2,1,4,0.40000000000000002,4,2,6,0.90000000000000002,4,3,8,1.6000000000000001,2,4,10,2.5,2,5,12,3.6000000000000001,2,6,14,4.9000000000000004,4,7,16,6.4000000000000004,4,0,18,8.0999999999999996,2,1,20,10,2,2,22,12.100000000000001,2,3,24,14.4,4,4,26,16.900000000000002,4,5,0,0,6,0.90000000000000002,12,3.6000000000000001,18,8.0999999999999996,24,14.4,2,0.10000000000000001,8,1.6000000000000001,14,4.9000000000000004,14,0,1,2,3,4,5,6,7,8,9,10,11,12,13,9,22,35,48,61,74,87,100,113,126,139,152,165,178,14,13,12,11,10,9,8,7,6,5,4,3,2,1,0,1009,1022,1035,1048,1061,1074,1087,1100,1113,1126,1139,1152,1165,1178,14,2,3,4,5,6,7,8,9,10,11,12,13,0,1,2009,2022,2035,2048,2061,2074,2087,2100,2113,2126,2139,2152,2165,2178,6,0,2,9,13,2,13,2,2,0,35,2,3,2,3,4,2,61,3,7,3,7,7,0,100,7,8,7,8,1,2,126,8,12,8,12,12,0,165,12,13,12,13,6,0,0,1009,13,12,0,1,3,2,1035,12,8,1,5,5,0,1074,8,7,5,6,6,2,1100,7,3,6,10,10,0,1139,3,2,10,11,1,2,1165,2,13,11,0,6,0,0,2009,2,3,0,1,4,2,2035,3,7,1,5,5,0,2074,7,8,5,6,1,2,2100,8,12,6,10,10,0,2139,12,13,10,11,0,2,2165,13,2,11,0
finalize,57,15,1,8,0,0,2,0,2,0.10000000000000001,4,1,4,0.40000000000000002,4,2,6,0.90000000000000002,2,3,8,1.6000000000000001,2,4,10,2.5,2,5,12,3.6000000000000001,4,6,14,4.9000000000000004,4,7,16,6.4000000000000004,2,0,18,8.0999999999999996,2,1,20,10,2,2,22,12.100000000000001,4,3,24,14.4,4,4,26,16.900000000000002,2,5,28,19.600000000000001,4,6,24,14.4,0,0,6,0.90000000000000002,12,3.6000000000000001,18,8.0999999999999996,24,14.4,0,0,6,0.90000000000000002,15,0,1,2,3,4,5,6,7,8,9,10,11,12,13,14,9,22,35,48,61,74,87,100,113,126,139,152,165,178,191,7,0,2,9,14,1,14,1,1,0,22,1,2,1,2,3,2,48,2,6,2,6,6,0,87,6,7,6,7,0,2,113,7,11,7,11,11,0,152,11,12,11,12,5,1,178,12,14,12,14
finalize,58,16,2,8,0,0,4,0,2,0.10000000000000001,4,1,4,0.40000000000000002,2,2,6,0.90000000000000002,2,3,8,1.6000000000000001,2,4,10,2.5,4,5,12,3.6000000000000001,4,6,14,4.9000000000000004,2,7,16,6.4000000000000004,2,0,18,8.0999999999999996,2,1,20,10,4,2,22,12.100000000000001,4,3,24,14.4,2,4,26,16.900000000000002,2,5,28,19.600000000000001,2,6,30,22.5,4,7,20,10,26,16.900000000000002,0,0,6,0.90000000000000002,12,3.6000000000000001,18,8.0999999999999996,24,14.4,30,22.5,16,0,1,2,3,4,5,6,7,8,9,10,11,12,13,14,15,9,22,35,48,61,74,87,100,113,126,139,152,165,178,191,204,16,15,14,13,12,11,10,9,8,7,6,5,4,3,2,1,0,1009,1022,1035,1048,1061,1074,1087,1100,1113,1126,1139,1152,1165,1178,1191,1204,7,0,0,9,0,1,0,1,2,2,35,1,5,1,5,5,0,74,5,6,5,6,7,2,100,6,10,6,10,10,0,139,10,11,10,11,4,2,165,11,15,11,15,15,0,204,15,0,15,0,7,6,2,1022,15,11,0,4,4,0,1061,11,10,4,5,1,2,1087,10,6,5,9,9,0,1126,6,5,9,10,4,2,1152,5,1,10,14,14,0,1191,1,0,14,15,15,0,1204,0,15,15,0
finalize,59,17,3,8,0,0,4,0,2,0.10000000000000001,2,1,4,0.40000000000000002,2,2,6,0.90000000000000002,2,3,8,1.6000000000000001,4,4,10,2.5,4,5,12,3.6000000000000001,2,6,14,4.9000000000000004,2,7,16,6.4000000000000004,2,0,18,8.0999999999999996,4,1,20,10,4,2,22,12.100000000000001,2,3,24,14.4,2,4,26,16.900000000000002,2,5,28,19.600000000000001,4,6,30,22.5,4,7,32,25.600000000000001,4,0,16,6.4000000000000004,22,12.100000000000001,28,19.600000000000001,0,0,6,0.90000000000000002,12,3.6000000000000001,18,8.0999999999999996,24,14.4,17,0,1,2,3,4,5,6,7,8,9,10,11,12,13,14,15,16,9,22,35,48,61,74,87,100,113,126,139,152,165,178,191,204,217,17,16,15,14,13,12,11,10,9,8,7,6,5,4,3,2,1,0,1009,1022,1035,1048,1061,1074,1087,1100,1113,1126,1139,1152,1165,1178,1191,1204,1217,17,2,3,4,5,6,7,8,9,10,11,12,13,14,15,16,0,1,2009,2022,2035,2048,2061,2074,2087,2100,2113,2126,2139,2152,2165,2178,2191,2204,2217,8,1,2,22,0,4,0,4,4,0,61,4,5,4,5,6,2,87,5,9,5,9,9,0,126,9,10,9,10,3,2,152,10,14,10,14,14,0,191,14,15,14,15,15,0,204,15,16,15,16,16,0,217,16,0,16,0,8,0,0,1009,16,15,0,1,1,0,1022,15,14,1,2,5,2,1048,14,10,2,6,6,0,1087,10,9,6,7,0,2,1113,9,5,7,11,11,0,1152,5,4,11,12,3,2,1178,4,0,12,16,16,0,1217,0,16,16,0,8,1,2,2217,0,4,15,2,2,0,2035,4,5,2,3,6,2,2061,5,9,3,7,7,0,2100,9,10,7,8,3,2,2126,10,14,8,12,12,0,2165,14,15,12,13,13,0,2178,15,16,13,14,14,0,2191,16,0,14,15
finalize,60,18,1,8,0,0,2,0,2,0.10000000000000001,2,1,4,0.40000000000000002,2,2,6,0.90000000000000002,4,3,8,1.6000000000000001,4,4,10,2.5,2,5,12,3.6000000000000001,2,6,14,4.9000000000000004,2,7,16,6.4000000000000004,4,0,18,8.0999999999999996,4,1,20,10,2,2,22,12.100000000000001,2,3,24,14.4,2,4,26,16.900000000000002,4,5,28,19.600000000000001,4,6,30,22.5,2,7,32,25.600000000000001,2,0,34,28.900000000000002,4,1,12,3.6000000000000001,18,8.0999999999999996,24,14.4,30,22.5,0,0,6,0.90000000000000002,12,3.6000000000000001,18,8.0999999999999996,18,0,1,0,3,4,5,6,7,8,9,10,11,12,13,14,15,16,17,9,22,35,48,61,74,87,100,113,126,139,152,165,178,191,204,217,230,7,0,2,9,17,3,17,3,3,0,48,3,4,3,4,5,2,74,4,8,4,8,8,0,113,8,9,8,9,2,2,139,9,13,9,13,13,0,178,13,14,13,14,7,2,204,14,17,14,17
finalize,61,19,2,8,0,0,2,0,2,0.10000000000000001,2,1,4,0.40000000000000002,4,2,6,0.90000000000000002,4,3,8,1.6000000000000001,2,4,10,2.5,2,5,12,3.6000000000000001,2,6,14,4.9000000000000004,4,7,16,6.4000000000000004,4,0,18,8.0999999999999996,2,1,20,10,2,2,22,12.100000000000001,2,3,24,14.4,4,4,26,16.900000000000002,4,5,28,19.600000000000001,2,6,30,22.5,2,7,32,25.600000000000001,2,0,34,28.900000000000002,4,1,36,32.399999999999999,4,2,8,1.6000000000000001,14,4.9000000000000004,20,10,26,16.900000000000002,32,25.600000000000001,0,0,6,0.90000000000000002,12,3.6000000000000001,19,0,1,2,3,4,5,6,7,8,9,10,11,12,13,14,15,16,17,18,9,22,35,48,61,74,87,100,113,126,139,152,165,178,191,204,217,230,243,19,18,17,16,15,14,13,12,11,10,9,8,7,6,5,4,3,2,1,0,1009,1022,1035,1048,1061,1074,1087,1100,1113,1126,1139,1152,1165,1178,1191,1204,1217,1230,1243,8,0,2,9,18,2,18,2,2,0,35,2,3,2,3,4,2,61,3,7,3,7,7,0,100,7,8,7,8,1,2,126,8,12,8,12,12,0,165,12,13,12,13,6,2,191,13,17,13,17,17,0,230,17,18,17,18,8,0,0,1009,18,17,0,1,0,2,1035,17,13,1,5,5,0,1074,13,12,5,6,3,2,1100,12,8,6,10,10,0,1139,8,7,10,11,6,2,1165,7,3,11,15,15,0,1204,3,2,15,16,1,2,1230,2,18,16,0
finalize,62,20,3,8,0,0,2,0,2,0.10000000000000001,4,1,4,0.40000000000000002,4,2,6,0.90000000000000002,2,3,8,1.6000000000000001,2,4,10,2.5,2,5,12,3.6000000000000001,4,6,14,4.9000000000000004,4,7,16,6.4000000000000004,2,0,18,8.0999999999999996,2,1,20,10,2,2,22,12.100000000000001,4,3,24,14.4,4,4,26,16.900000000000002,2,5,28,19.600000000000001,2,6,30,22.5,2,7,32,25.600000000000001,4,0,34,28.900000000000002,4,1,36,32.399999999999999,2,2,38,36.100000000000001,4,3,4,0.40000000000000002,10,2.5,16,6.4000000000000004,22,12.100000000000001,28,19.600000000000001,34,28.900000000000002,0,0,6,0.90000000000000002,20,0,1,2,3,4,5,6,7,8,9,10,11,12,13,14,15,16,17,18,19,9,22,35,48,61,74,87,100,113,126,139,152,165,178,191,204,217,230,243,256,20,19,18,17,16,15,14,13,12,11,10,9,8,7,6,5,4,3,2,1,0,1009,1022,1035,1048,1061,1074,1087,1100,1113,1126,1139,1152,1165,1178,1191,1204,1217,1230,1243,1256,20,2,3,4,5,6,7,8,9,10,11,12,13,14,15,16,17,18,19,0,1,2009,2022,2035,2048,2061,2074,2087,2100,2113,2126,2139,2152,2165,2178,2191,2204,2217,2230,2243,2256,9,0,2,9,19,1,19,1,1,0,22,1,2,1,2,3,2,48,2,6,2,6,6,0,87,6,7,6,7,0,2,113,7,11,7,11,11,0,152,11,12,11,12,5,2,178,12,16,12,16,16,0,217,16,17,16,17,2,2,243,17,19,17,19,9,2,2,1022,19,17,0,2,2,0,1035,17,16,2,3,7,2,1061,16,12,3,7,7,0,1100,12,11,7,8,2,2,1126,11,7,8,12,12,0,1165,7,6,12,13,5,2,1191,6,2,13,17,17,0,1230,2,1,17,18,0,2,1256,1,19,18,0,9,3,2,2022,2,6,0,4,4,0,2061,6,7,4,5,0,2,2087,7,11,5,9,9,0,2126,11,12,9,10,5,2,2152,12,16,10,14,14,0,2191,16,17,14,15,2,2,2217,17,19,15,17,0,2,2243,19,1,17,19,19,0,2256,1,2,19,0
finalize,63,21,1,8,0,0,4,0,2,0.10000000000000001,4,1,4,0.40000000000000002,2,2,6,0.90000000000000002,2,3,8,1.6000000000000001,2,4,10,2.5,4,5,12,3.6000000000000001,4,6,14,4.9000000000000004,2,7,16,6.4000000000000004,2,0,18,8.0999999999999996,2,1,20,10,4,2,22,12.100000000000001,4,3,24,14.4,2,4,26,16.900000000000002,2,5,28,19.600000000000001,2,6,30,22.5,4,7,32,25.600000000000001,4,0,34,28.900000000000002,2,1,36,32.399999999999999,2,2,38,36.100000000000001,2,3,40,40,4,4,0,0,6,0.90000000000000002,12,3.6000000000000001,18,8.0999999999999996,24,14.4,30,22.5,36,32.399999999999999,0,0,21,0,1,2,3,4,5,6,7,8,9,10,11,12,13,14,15,16,17,18,19,20,9,22,35,48,61,74,87,100,113,126,139,152,165,178,191,204,217,230,243,256,269,9,0,0,9,0,1,0,1,2,2,35,1,5,1,5,5,0,74,5,6,5,6,7,2,100,6,10,6,10,10,0,139,10,11,10,11,4,2,165,11,15,11,15,15,0,204,15,16,15,16,1,2,230,16,20,16,20,20,0,269,20,0,20,0
finalize,64,22,2,8,0,0,4,0,2,0.10000000000000001,2,1,4,0.40000000000000002,2,2,6,0.90000000000000002,2,3,8,1.6000000000000001,4,4,10,2.5,4,5,12,3.6000000000000001,2,6,14,4.9000000000000004,2,7,16,6.4000000000000004,2,0,18,8.0999999999999996,4,1,20,10,4,2,22,12.100000000000001,2,3,24,14.4,2,4,26,16.900000000000002,2,5,28,19.600000000000001,4,6,30,22.5,4,7,32,25.600000000000001,2,0,34,28.900000000000002,2,1,36,32.399999999999999,2,2,38,36.100000000000001,4,3,40,40,4,4,42,44.100000000000001,4,5,40,40,2,0.10000000000000001,8,1.6000000000000001,14,4.9000000000000004,20,10,26,16.900000000000002,32,25.600000000000001,38,36.100000000000001,22,0,1,2,3,4,5,6,7,8,9,10,11,12,13,14,15,16,17,18,19,20,21,9,22,35,48,61,74,87,100,113,126,139,152,165,178,191,204,217,230,243,256,269,282,22,21,20,19,18,17,16,15,14,13,12,11,10,9,8,7,6,5,4,3,2,1,0,1009,1022,1035,1048,1061,1074,1087,1100,1113,1126,1139,1152,1165,1178,1191,1204,1217,1230,1243,1256,1269,1282,10,1,2,22,0,4,0,4,4,0,61,4,5,4,5,6,2,87,5,9,5,9,9,0,126,9,10,9,10,3,2,152,10,14,10,14,14,0,191,14,15,14,15,0,2,217,15,19,15,19,19,0,256,19,20,19,20,20,0,269,20,21,20,21,21,0,282,21,0,21,0,10,0,0,1009,21,20,0,1,1,0,1022,20,19,1,2,2,2,1048,19,15,2,6,6,0,1087,15,14,6,7,5,2,1113,14,10,7,11,11,0,1152,10,9,11,12,0,2,1178,9,5,12,16,16,0,1217,5,4,16,17,3,2,1243,4,0,17,21,21,0,1282,0,21,21,0
finalize,65,23,3,8,0,0,2,0,2,0.10000000000000001,2,1,4,0.40000000000000002,2,2,6,0.90000000000000002,4,3,8,1.6000000000000001,4,4,10,2.5,2,5,12,3.6000000000000001,2,6,14,4.9000000000000004,2,7,16,6.4000000000000004,4,0,18,8.0999999999999996,4,1,20,10,2,2,22,12.100000000000001,2,3,24,14.4,2,4,26,16.900000000000002,4,5,28,19.600000000000001,4,6,30,22.5,2,7,32,25.600000000000001,2,0,34,28.900000000000002,2,1,36,32.399999999999999,4,2,38,36.100000000000001,4,3,40,40,2,4,42,44.100000000000001,2,5,44,48.400000000000006,4,6,38,36.100000000000001,44,48.400000000000006,4,0.40000000000000002,10,2.5,16,6.4000000000000004,22,12.100000000000001,28,19.600000000000001,34,28.900000000000002,23,0,1,0,3,4,5,6,7,8,9,10,11,12,13,14,15,16,17,18,19,20,21,22,9,22,35,48,61,74,87,100,113,126,139,152,165,178,191,204,217,230,243,256,269,282,295,23,22,21,22,19,18,17,16,15,14,13,12,11,10,9,8,7,6,5,4,3,2,1,0,1009,1022,1035,1048,1061,1074,1087,1100,1113,1126,1139,1152,1165,1178,1191,1204,1217,1230,1243,1256,1269,1282,1295,23,2,3,2,5,6,7,8,9,10,11,12,13,14,15,16,17,18,19,20,21,22,0,1,2009,2022,2035,2048,2061,2074,2087,2100,2113,2126,2139,2152,2165,2178,2191,2204,2217,2230,2243,2256,2269,2282,2295,9,0,2,9,22,3,22,3,3,0,48,3,4,3,4,5,2,74,4,8,4,8,8,0,113,8,9,8,9,2,2,139,9,13,9,13,13,0,178,13,14,13,14,7,2,204,14,18,14,18,18,0,243,18,19,18,19,4,2,269,19,22,19,22,10,5,2,1022,22,22,0,2,2,0,1035,22,19,2,3,3,0,1048,19,18,3,4,1,2,1074,18,14,4,8,8,0,1113,14,13,8,9,4,2,1139,13,9,9,13,13,0,1178,9,8,13,14,7,2,1204,8,4,14,18,18,0,1243,4,3,18,19,2,2,1269,3,22,19,0,8,0,2,2282,22,3,20,1,2,2,2035,3,8,1,6,6,0,2087,8,9,6,7,2,2,2113,9,13,7,11,11,0,2152,13,14,11,12,7,2,2178,14,18,12,16,16,0,2217,18,19,16,17,4,2,2243,19,22,17,20
finalize,66,24,1,8,11,23,2,0,11,23,2,1,11,23,4,2,11,23,4,3,11,23,2,4,11,23,2,5,11,23,2,6,11,23,4,7,11,23,4,0,11,23,2,1,11,23,2,2,11,23,2,3,11,23,4,4,11,23,4,5,11,23,2,6,11,23,2,7,11,23,2,0,11,23,4,1,11,23,4,2,11,23,2,3,11,23,2,4,11,23,2,5,11,23,4,6,11,23,4,7,11,23,11,23,11,23,11,23,11,23,11,23,11,23,11,23,24,0,1,2,3,4,5,6,7,8,9,10,11,12,13,14,15,16,17,18,19,20,21,22,23,9,22,35,48,61,74,87,100,113,126,139,152,165,178,191,204,217,230,243,256,269,282,295,308,10,0,1,9,23,2,23,2,2,0,35,2,3,2,3,4,1,61,3,7,3,7,7,0,100,7,8,7,8,1,1,126,8,12,8,12,12,0,165,12,13,12,13,6,1,191,13,17,13,17,17,0,230,17,18,17,18,3,1,256,18,22,18,22,22,0,295,22,23,22,23
finalize,67,25,2,8,0,0,2,0,2,0.10000000000000001,4,1,4,0.40000000000000002,4,2,6,0.90000000000000002,2,3,8,1.6000000000000001,2,4,10,2.5,2,5,12,3.6000000000000001,4,6,14,4.9000000000000004,4,7,16,6.4000000000000004,2,0,18,8.0999999999999996,2,1,20,10,2,2,22,12.100000000000001,4,3,24,14.4,4,4,26,16.900000000000002,2,5,28,19.600000000000001,2,6,30,22.5,2,7,32,25.600000000000001,4,0,34,28.900000000000002,4,1,36,32.399999999999999,2,2,38,36.100000000000001,2,3,40,40,2,4,42,44.100000000000001,4,5,44,48.400000000000006,4,6,46,52.900000000000006,2,7,48,57.600000000000001,4,0,34,28.900000000000002,40,40,46,52.900000000000006,2,0.10000000000000001,8,1.6000000000000001,14,4.9000000000000004,20,10,26,16.900000000000002,25,0,1,2,3,4,5,6,7,8,9,10,11,12,13,14,15,16,17,18,19,20,21,22,23,24,9,22,35,48,61,74,87,100,113,126,139,152,165,178,191,204,217,230,243,256,269,282,295,308,321,25,24,23,22,21,20,19,18,17,16,15,14,13,12,11,10,9,8,7,6,5,4,3,2,1,0,1009,1022,1035,1048,1061,1074,1087,1100,1113,1126,1139,1152,1165,1178,1191,1204,1217,1230,1243,1256,1269,1282,1295,1308,1321,11,0,2,9,24,1,24,1,1,0,22,1,2,1,2,3,2,48,2,6,2,6,6,0,87,6,7,6,7,0,2,113,7,11,7,11,11,0,152,11,12,11,12,5,2,178,12,16,12,16,16,0,217,16,17,16,17,2,2,243,17,21,17,21,21,0,282,21,22,21,22,7,2,308,22,24,22,24,11,7,2,1022,24,22,0,2,2,0,1035,22,21,2,3,4,2,1061,21,17,3,7,7,0,1100,17,16,7,8,7,2,1126,16,12,8,12,12,0,1165,12,11,12,13,2,2,1191,11,7,13,17,17,0,1230,7,6,17,18,5,2,1256,6,2,18,22,22,0,1295,2,1,22,23,0,2,1321,1,24,23,0
finalize,68,26,3,8,0,0,4,0,2,0.10000000000000001,4,1,4,0.40000000000000002,2,2,6,0.90000000000000002,2,3,8,1.6000000000000001,2,4,10,2.5,4,5,12,3.6000000000000001,4,6,14,4.9000000000000004,2,7,16,6.4000000000000004,2,0,18,8.0999999999999996,2,1,20,10,4,2,22,12.100000000000001,4,3,24,14.4,2,4,26,16.900000000000002,2,5,28,19.600000000000001,2,6,30,22.5,4,7,32,25.600000000000001,4,0,34,28.900000000000002,2,1,36,32.399999999999999,2,2,38,36.100000000000001,2,3,40,40,4,4,42,44.100000000000001,4,5,44,48.400000000000006,2,6,46,52.900000000000006,2,7,48,57.600000000000001,2,0,50,62.5,4,1,32,25.600000000000001,38,36.100000000000001,44,48.400000000000006,50,62.5,4,0.40000000000000002,10,2.5,16,6.4000000000000004,22,12.100000000000001,26,0,1,2,3,4,5,6,7,8,9,10,11,12,13,14,15,16,17,18,19,20,21,22,23,24,25,9,22,35,48,61,74,87,100,113,126,139,152,165,178,191,204,217,230,243,256,269,282,295,308,321,334,26,25,24,23,22,21,20,19,18,17,16,15,14,13,12,11,10,9,8,7,6,5,4,3,2,1,0,1009,1022,1035,1048,1061,1074,1087,1100,1113,1126,1139,1152,1165,1178,1191,1204,1217,1230,1243,1256,1269,1282,1295,1308,1321,1334,26,2,3,4,5,6,7,8,9,10,11,12,13,14,15,16,17,18,19,20,21,22,23,24,25,0,1,2009,2022,2035,2048,2061,2074,2087,2100,2113,2126,2139,2152,2165,2178,2191,2204,2217,2230,2243,2256,2269,2282,2295,2308,2321,2334,11,0,0,9,0,1,0,1,2,2,35,1,5,1,5,5,0,74,5,6,5,6,7,2,100,6,10,6,10,10,0,139,10,11,10,11,4,2,165,11,15,11,15,15,0,204,15,16,15,16,1,2,230,16,20,16,20,20,0,269,20,21,20,21,6,2,295,21,25,21,25,25,0,334,25,0,25,0,11,0,2,1022,25,21,0,4,4,0,1061,21,20,4,5,3,2,1087,20,16,5,9,9,0,1126,16,15,9,10,6,2,1152,15,11,10,14,14,0,1191,11,10,14,15,1,2,1217,10,6,15,19,19,0,1256,6,5,19,20,4,2,1282,5,1,20,24,24,0,1321,1,0,24,25,25,0,1334,0,25,25,0,11,2,2,2009,1,5,25,3,3,0,2048,5,6,3,4,7,2,2074,6,10,4,8,8,0,2113,10,11,8,9,4,2,2139,11,15,9,13,13,0,2178,15,16,13,14,1,2,2204,16,20,14,18,18,0,2243,20,21,18,19,6,2,2269,21,25,19,23,23,0,2308,25,0,23,24,24,0,2321,0,1,24,25
finalize,69,27,1,8,0,0,4,0,2,0.10000000000000001,2,1,4,0.40000000000000002,2,2,6,0.90000000000000002,2,3,8,1.6000000000000001,4,4,10,2.5,4,5,12,3.6000000000000001,2,6,14,4.9000000000000004,2,7,16,6.4000000000000004,2,0,18,8.0999999999999996,4,1,20,10,4,2,22,12.100000000000001,2,3,24,14.4,2,4,26,16.900000000000002,2,5,28,19.600000000000001,4,6,30,22.5,4,7,32,25.600000000000001,2,0,34,28.900000000000002,2,1,36,32.399999999999999,2,2,38,36.100000000000001,4,3,40,40,4,4,42,44.100000000000001,2,5,44,48.400000000000006,2,6,46,52.900000000000006,2,7,48,57.600000000000001,4,0,50,62.5,4,1,52,67.600000000000009,4,2,30,22.5,36,32.399999999999999,42,44.100000000000001,48,57.600000000000001,0,0,6,0.90000000000000002,12,3.6000000000000001,18,8.0999999999999996,27,0,1,2,3,4,5,6,7,8,9,10,11,12,13,14,15,16,17,18,19,20,21,22,23,24,25,26,9,22,35,48,61,74,87,100,113,126,139,152,165,178,191,204,217,230,243,256,269,282,295,308,321,334,347,12,1,2,22,0,4,0,4,4,0,61,4,5,4,5,6,2,87,5,9,5,9,9,0,126,9,10,9,10,3,2,152,10,14,10,14,14,0,191,14,15,14,15,0,1,217,15,19,15,19,19,0,256,19,20,19,20,5,2,282,20,24,20,24,24,0,321,24,25,24,25,25,0,334,25,26,25,26,26,0,347,26,0,26,0
finalize,70,28,2,8,0,0,2,0,2,0.10000000000000001,2,1,4,0.40000000000000002,2,2,6,0.90000000000000002,4,3,8,1.6000000000000001,4,4,10,2.5,2,5,12,3.6000000000000001,2,6,14,4.9000000000000004,2,7,16,6.4000000000000004,4,0,18,8.0999999999999996,4,1,20,10,2,2,22,12.100000000000001,2,3,24,14.4,2,4,26,16.900000000000002,4,5,28,19.600000000000001,4,6,30,22.5,2,7,32,25.600000000000001,2,0,34,28.900000000000002,2,1,36,32.399999999999999,4,2,38,36.100000000000001,4,3,40,40,2,4,42,44.100000000000001,2,5,44,48.400000000000006,2,6,46,52.900000000000006,4,7,48,57.600000000000001,4,0,50,62.5,2,1,52,67.600000000000009,2,2,54,72.900000000000006,4,3,28,19.600000000000001,34,28.900000000000002,40,40,46,52.900000000000006,52,67.600000000000009,2,0.10000000000000001,8,1.6000000000000001,14,4.9000000000000004,28,0,1,0,3,4,5,6,7,8,9,10,11,12,13,14,15,16,17,18,19,20,21,22,23,24,25,26,27,9,22,35,48,61,74,87,100,113,126,139,152,165,178,191,204,217,230,243,256,269,282,295,308,321,334,347,360,28,27,26,27,24,23,22,21,20,19,18,17,16,15,14,13,12,11,10,9,8,7,6,5,4,3,2,1,0,1009,1022,1035,1048,1061,1074,1087,1100,1113,1126,1139,1152,1165,1178,1191,1204,1217,1230,1243,1256,1269,1282,1295,1308,1321,1334,1347,1360,11,0,2,9,27,3,27,3,3,0,48,3,4,3,4,5,2,74,4,8,4,8,8,0,113,8,9,8,9,2,2,139,9,13,9,13,13,0,178,13,14,13,14,7,2,204,14,18,14,18,18,0,243,18,19,18,19,4,2,269,19,23,19,23,23,0,308,23,24,23,24,1,2,334,24,27,24,27,12,2,2,1022,27,27,0,2,2,0,1035,27,24,2,3,3,0,1048,24,23,3,4,6,2,1074,23,19,4,8,8,0,1113,19,18,8,9,1,2,1139,18,14,9,13,13,0,1178,14,13,13,14,4,2,1204,13,9,14,18,18,0,1243,9,8,18,19,7,2,1269,8,4,19,23,23,0,1308,4,3,23,24,2,2,1334,3,27,24,0
finalize,71,29,3,8,0,0,2,0,2,0.10000000000000001,2,1,4,0.40000000000000002,4,2,6,0.90000000000000002,4,3,8,1.6000000000000001,2,4,10,2.5,2,5,12,3.6000000000000001,2,6,14,4.9000000000000004,4,7,16,6.4000000000000004,4,0,18,8.0999999999999996,2,1,20,10,2,2,22,12.100000000000001,2,3,24,14.4,4,4,26,16.900000000000002,4,5,28,19.600000000000001,2,6,30,22.5,2,7,32,25.600000000000001,2,0,34,28.900000000000002,4,1,36,32.399999999999999,4,2,38,36.100000000000001,2,3,40,40,2,4,42,44.100000000000001,2,5,44,48.400000000000006,4,6,46,52.900000000000006,4,7,48,57.600000000000001,2,0,50,62.5,2,1,52,67.600000000000009,2,2,54,72.900000000000006,4,3,56,78.400000000000006,4,4,26,16.900000000000002,32,25.600000000000001,38,36.100000000000001,44,48.400000000000006,50,62.5,56,78.400000000000006,4,0.40000000000000002,10,2.5,29,0,1,2,3,4,5,6,7,8,9,10,11,12,13,14,15,16,17,18,19,20,21,22,23,24,25,26,27,28,9,22,35,48,61,74,87,100,113,126,139,152,165,178,191,204,217,230,243,256,269,282,295,308,321,334,347,360,373,29,28,27,26,25,24,23,22,21,20,19,18,17,16,15,14,13,12,11,10,9,8,7,6,5,4,3,2,1,0,1009,1022,1035,1048,1061,1074,1087,1100,1113,1126,1139,1152,1165,1178,1191,1204,1217,1230,1243,1256,1269,1282,1295,1308,1321,1334,1347,1360,1373,29,2,3,4,5,6,7,8,9,10,11,12,13,14,15,16,17,18,19,20,21,22,23,24,25,26,27,28,0,1,2009,2022,2035,2048,2061,2074,2087,2100,2113,2126,2139,2152,2165,2178,2191,2204,2217,2230,2243,2256,2269,2282,2295,2308,2321,2334,2347,2360,2373,12,0,2,9,28,2,28,2,2,0,35,2,3,2,3,4,2,61,3,7,3,7,7,0,100,7,8,7,8,1,2,126,8,12,8,12,12,0,165,12,13,12,13,6,2,191,13,17,13,17,17,0,230,17,18,17,18,3,2,256,18,22,18,22,22,0,295,22,23,22,23,0,2,321,23,27,23,27,27,0,360,27,28,27,28,12,0,0,1009,28,27,0,1,2,2,1035,27,23,1,5,5,0,1074,23,22,5,6,5,2,1100,22,18,6,10,10,0,1139,18,17,10,11,0,2,1165,17,13,11,15,15,0,1204,13,12,15,16,3,2,1230,12,8,16,20,20,0,1269,8,7,20,21,6,2,1295,7,3,21,25,25,0,1334,3,2,25,26,1,2,1360,2,28,26,0,12,0,0,2009,2,3,0,1,4,2,2035,3,7,1,5,5,0,2074,7,8,5,6,1,2,2100,8,12,6,10,10,0,2139,12,13,10,11,6,2,2165,13,17,11,15,15,0,2204,17,18,15,16,3,2,2230,18,22,16,20,20,0,2269,22,23,20,21,0,2,2295,23,27,21,25,25,0,2334,27,28,25,26,0,2,2360,28,2,26,0
finalize,72,30,1,8,0,0,2,0,2,0.10000000000000001,4,1,4,0.40000000000000002,4,2,6,0.90000000000000002,2,3,8,1.6000000000000001,2,4,10,2.5,2,5,12,3.6000000000000001,4,6,14,4.9000000000000004,4,7,16,6.4000000000000004,2,0,18,8.0999999999999996,2,1,20,10,2,2,22,12.100000000000001,4,3,24,14.4,4,4,26,16.900000000000002,2,5,28,19.600000000000001,2,6,30,22.5,2,7,32,25.600000000000001,4,0,34,28.900000000000002,4,1,36,32.399999999999999,2,2,38,36.100000000000001,2,3,40,40,2,4,42,44.100000000000001,4,5,44,48.400000000000006,4,6,46,52.900000000000006,2,7,48,57.600000000000001,2,0,50,62.5,2,1,52,67.600000000000009,4,2,54,72.900000000000006,4,3,56,78.400000000000006,2,4,58,84.100000000000009,4,5,24,14.4,30,22.5,36,32.399999999999999,42,44.100000000000001,48,57.600000000000001,54,72.900000000000006,0,0,6,0.90000000000000002,30,0,1,2,3,4,5,6,7,8,9,10,11,12,13,14,15,16,17,18,19,20,21,22,23,24,25,26,27,28,29,9,22,35,48,61,74,87,100,113,126,139,152,165,178,191,204,217,230,243,256,269,282,295,308,321,334,347,360,373,386,13,0,2,9,29,1,29,1,1,0,22,1,2,1,2,3,2,48,2,6,2,6,6,0,87,6,7,6,7,0,2,113,7,11,7,11,11,0,152,11,12,11,12,5,2,178,12,16,12,16,16,0,217,16,17,16,17,2,2,243,17,21,17,21,21,0,282,21,22,21,22,7,2,308,22,26,22,26,26,0,347,26,27,26,27,4,2,373,27,29,27,29
finalize,73,31,2,8,0,0,4,0,2,0.10000000000000001,4,1,4,0.40000000000000002,2,2,6,0.90000000000000002,2,3,8,1.6000000000000001,2,4,10,2.5,4,5,12,3.6000000000000001,4,6,14,4.9000000000000004,2,7,16,6.4000000000000004,2,0,18,8.0999999999999996,2,1,20,10,4,2,22,12.100000000000001,4,3,24,14.4,2,4,26,16.900000000000002,2,5,28,19.600000000000001,2,6,30,22.5,4,7,32,25.600000000000001,4,0,34,28.900000000000002,2,1,36,32.399999999999999,2,2,38,36.100000000000001,2,3,40,40,4,4,42,44.100000000000001,4,5,44,48.400000000000006,2,6,46,52.900000000000006,2,7,48,57.600000000000001,2,0,50,62.5,4,1,52,67.600000000000009,4,2,54,72.900000000000006,2,3,56,78.400000000000006,2,4,58,84.100000000000009,2,5,60,90,4,6,22,12.100000000000001,28,19.600000000000001,34,28.900000000000002,40,40,46,52.900000000000006,52,67.600000000000009,58,84.100000000000009,2,0.10000000000000001,31,0,1,2,3,4,5,6,7,8,9,10,11,12,13,14,15,16,17,18,19,20,21,22,23,24,25,26,27,28,29,30,9,22,35,48,61,74,87,100,113,126,139,152,165,178,191,204,217,230,243,256,269,282,295,308,321,334,347,360,373,386,399,31,30,29,28,27,26,25,24,23,22,21,20,19,18,17,16,15,14,13,12,11,10,9,8,7,6,5,4,3,2,1,0,1009,1022,1035,1048,1061,1074,1087,1100,1113,1126,1139,1152,1165,1178,1191,1204,1217,1230,1243,1256,1269,1282,1295,1308,1321,1334,1347,1360,1373,1386,1399,13,0,0,9,0,1,0,1,2,2,35,1,5,1,5,5,0,74,5,6,5,6,7,2,100,6,10,6,10,10,0,139,10,11,10,11,4,2,165,11,15,11,15,15,0,204,15,16,15,16,1,2,230,16,20,16,20,20,0,269,20,21,20,21,6,2,295,21,25,21,25,25,0,334,25,26,25,26,3,2,360,26,30,26,30,30,0,399,30,0,30,0,13,5,2,1022,30,26,0,4,4,0,1061,26,25,4,5,0,2,1087,25,21,5,9,9,0,1126,21,20,9,10,3,1,1152,20,16,10,14,14,0,1191,16,15,14,15,6,2,1217,15,11,15,19,19,0,1256,11,10,19,20,1,2,1282,10,6,20,24,24,0,1321,6,5,24,25,4,2,1347,5,1,25,29,29,0,1386,1,0,29,30,30,0,1399,0,30,30,0
finalize,74,32,3,8,0,0,4,0,2,0.10000000000000001,2,1,4,0.40000000000000002,2,2,6,0.90000000000000002,2,3,8,1.6000000000000001,4,4,10,2.5,4,5,12,3.6000000000000001,2,6,14,4.9000000000000004,2,7,16,6.4000000000000004,2,0,18,8.0999999999999996,4,1,20,10,4,2,22,12.100000000000001,2,3,24,14.4,2,4,26,16.900000000000002,2,5,28,19.600000000000001,4,6,30,22.5,4,7,32,25.600000000000001,2,0,34,28.900000000000002,2,1,36,32.399999999999999,2,2,38,36.100000000000001,4,3,40,40,4,4,42,44.100000000000001,2,5,44,48.400000000000006,2,6,46,52.900000000000006,2,7,48,57.600000000000001,4,0,50,62.5,4,1,52,67.600000000000009,2,2,54,72.900000000000006,2,3,56,78.400000000000006,2,4,58,84.100000000000009,4,5,60,90,4,6,62,96.100000000000009,4,7,20,10,26,16.900000000000002,32,25.600000000000001,38,36.100000000000001,44,48.400000000000006,50,62.5,56,78.400000000000006,62,96.100000000000009,32,0,1,2,3,4,5,6,7,8,9,10,11,12,13,14,15,16,17,18,19,20,21,22,23,24,25,26,27,28,29,30,31,9,22,35,48,61,74,87,100,113,126,139,152,165,178,191,204,217,230,243,256,269,282,295,308,321,334,347,360,373,386,399,412,32,31,30,29,28,27,26,25,24,23,22,21,20,19,18,17,16,15,14,13,12,11,10,9,8,7,6,5,4,3,2,1,0,1009,1022,1035,1048,1061,1074,1087,1100,1113,1126,1139,1152,1165,1178,1191,1204,1217,1230,1243,1256,1269,1282,1295,1308,1321,1334,1347,1360,1373,1386,1399,1412,32,2,3,4,5,6,7,8,9,10,11,12,13,14,15,16,17,18,19,20,21,22,23,24,25,26,27,28,29,30,31,0,1,2009,2022,2035,2048,2061,2074,2087,2100,2113,2126,2139,2152,2165,2178,2191,2204,2217,2230,2243,2256,2269,2282,2295,2308,2321,2334,2347,2360,2373,2386,2399,2412,14,1,2,22,0,4,0,4,4,0,61,4,5,4,5,6,2,87,5,9,5,9,9,0,126,9,10,9,10,3,2,152,10,14,10,14,14,0,191,14,15,14,15,0,2,217,15,19,15,19,19,0,256,19,20,19,20,5,2,282,20,24,20,24,24,0,321,24,25,24,25,2,2,347,25,29,25,29,29,0,386,29,30,29,30,30,0,399,30,31,30,31,31,0,412,31,0,31,0,14,0,0,1009,31,30,0,1,1,0,1022,30,29,1,2,4,2,1048,29,25,2,6,6,0,1087,25,24,6,7,7,2,1113,24,20,7,11,11,0,1152,20,19,11,12,2,2,1178,19,15,12,16,16,0,1217,15,14,16,17,5,2,1243,14,10,17,21,21,0,1282,10,9,21,22,0,2,1308,9,5,22,26,26,0,1347,5,4,26,27,3,2,1373,4,0,27,31,31,0,1412,0,31,31,0,14,1,2,2412,0,4,30,2,2,0,2035,4,5,2,3,6,2,2061,5,9,3,7,7,0,2100,9,10,7,8,3,2,2126,10,14,8,12,12,0,2165,14,15,12,13,0,2,2191,15,19,13,17,17,0,2230,19,20,17,18,5,2,2256,20,24,18,22,22,0,2295,24,25,22,23,2,2,2321,25,29,23,27,27,0,2360,29,30,27,28,28,0,2373,30,31,28,29,29,0,2386,31,0,29,30
finalize,75,8,1,8,0,0,2,0,2,0.10000000000000001,2,1,4,0.40000000000000002,2,2,6,0.90000000000000002,4,3,8,1.6000000000000001,4,4,10,2.5,2,5,12,3.6000000000000001,2,6,14,4.9000000000000004,4,7,6,0.90000000000000002,12,3.6000000000000001,2,0.10000000000000001,8,1.6000000000000001,14,4.9000000000000004,4,0.40000000000000002,10,2.5,0,0,8,0,1,0,3,4,5,6,7,9,22,35,48,61,74,87,100,3,0,2,9,7,3,7,3,3,0,48,3,4,3,4,5,2,74,4,7,4,7
finalize,76,9,2,8,0,0,2,0,2,0.10000000000000001,2,1,4,0.40000000000000002,4,2,6,0.90000000000000002,4,3,8,1.6000000000000001,2,4,10,2.5,2,5,12,3.6000000000000001,2,6,14,4.9000000000000004,4,7,16,6.4000000000000004,4,0,8,1.6000000000000001,14,4.9000000000000004,2,0.10000000000000001,8,1.6000000000000001,14,4.9000000000000004,2,0.10000000000000001,8,1.6000000000000001,14,4.9000000000000004,9,0,1,2,3,4,5,6,7,8,9,22,35,48,61,74,87,100,113,9,8,7,6,5,4,3,2,1,0,1009,1022,1035,1048,1061,1074,1087,1100,1113,4,0,2,9,8,2,8,2,2,0,35,2,3,2,3,4,2,61,3,7,3,7,7,0,100,7,8,7,8,4,0,0,1009,8,7,0,1,6,2,1035,7,3,1,5,5,0,1074,3,2,5,6,1,2,1100,2,8,6,0
finalize,77,10,3,8,11,23,2,0,11,23,4,1,11,23,4,2,11,23,2,3,11,23,2,4,11,23,2,5,11,23,4,6,11,23,4,7,11,23,2,0,11,23,4,1,11,23,11,23,11,23,11,23,11,23,11,23,11,23,11,23,10,0,1,2,3,4,5,6,7,8,9,9,22,35,48,61,74,87,100,113,126,10,9,8,7,6,5,4,3,2,1,0,1009,1022,1035,1048,1061,1074,1087,1100,1113,1126,10,2,3,4,5,6,7,8,9,0,1,2009,2022,2035,2048,2061,2074,2087,2100,2113,2126,5,0,1,9,9,1,9,1,1,0,22,1,2,1,2,3,1,48,2,6,2,6,6,0,87,6,7,6,7,0,1,113,7,9,7,9,5,0,1,1022,9,7,0,2,2,0,1035,7,6,2,3,5,1,1061,6,2,3,7,7,0,1100,2,1,7,8,0,1,1126,1,9,8,0,5,3,1,2022,2,6,0,4,4,0,2061,6,7,4,5,0,1,2087,7,9,5,7,0,1,2113,9,1,7,9,9,0,2126,1,2,9,0
finalize,78,11,1,8,0,0,4,0,2,0.10000000000000001,4,1,4,0.40000000000000002,2,2,6,0.90000000000000002,2,3,8,1.6000000000000001,2,4,10,2.5,4,5,12,3.6000000000000001,4,6,14,4.9000000000000004,2,7,16,6.4000000000000004,2,0,18,8.0999999999999996,2,1,20,10,4,2,2,0.10000000000000001,8,1.6000000000000001,14,4.9000000000000004,20,10,4,0.40000000000000002,10,2.5,16,6.4000000000000004,0,0,11,0,1,2,3,4,5,6,7,8,9,10,9,22,35,48,61,74,87,100,113,126,139,5,0,0,9,0,1,0,1,2,2,35,1,5,1,5,5,0,74,5,6,5,6,7,2,100,6,10,6,10,10,0,139,10,0,10,0
finalize,79,12,2,8,0,0,4,0,2,0.10000000000000001,2,1,4,0.40000000000000002,2,2,6,0.90000000000000002,2,3,8,1.6000000000000001,4,4,10,2.5,4,5,12,3.6000000000000001,2,6,14,4.9000000000000004,2,7,16,6.4000000000000004,2,0,18,8.0999999999999996,4,1,20,10,4,2,22,12.100000000000001,4,3,14,4.9000000000000004,20,10,2,0.10000000000000001,8,1.6000000000000001,14,4.9000000000000004,20,10,2,0.10000000000000001,8,1.6000000000000001,12,0,1,2,3,4,5,6,7,8,9,10,11,9,22,35,48,61,74,87,100,113,126,139,152,12,11,10,9,8,7,6,5,4,3,2,1,0,1009,1022,1035,1048,1061,1074,1087,1100,1113,1126,1139,1152,6,1,2,22,0,4,0,4,4,0,61,4,5,4,5,6,2,87,5,9,5,9,9,0,126,9,10,9,10,10,0,139,10,11,10,11,11,0,152,11,0,11,0,6,0,0,1009,11,10,0,1,1,0,1022,10,9,1,2,0,2,1048,9,5,2,6,6,0,1087,5,4,6,7,3,1,1113,4,0,7,11,11,0,1152,0,11,11,0
finalize,80,13,3,8,0,0,2,0,2,0.10000000000000001,2,1,4,0.40000000000000002,2,2,6,0.90000000000000002,4,3,8,1.6000000000000001,4,4,10,2.5,2,5,12,3.6000000000000001,2,6,14,4.9000000000000004,2,7,16,6.4000000000000004,4,0,18,8.0999999999999996,4,1,20,10,2,2,22,12.100000000000001,2,3,24,14.4,4,4,4,0.40000000000000002,10,2.5,16,6.4000000000000004,22,12.100000000000001,2,0.10000000000000001,8,1.6000000000000001,14,4.9000000000000004,20,10,13,0,1,0,3,4,5,6,7,8,9,10,11,12,9,22,35,48,61,74,87,100,113,126,139,152,165,13,12,11,12,9,8,7,6,5,4,3,2,1,0,1009,1022,1035,1048,1061,1074,1087,1100,1113,1126,1139,1152,1165,13,2,3,2,5,6,7,8,9,10,11,12,0,1,2009,2022,2035,2048,2061,2074,2087,2100,2113,2126,2139,2152,2165,5,0,2,9,12,3,12,3,3,0,48,3,4,3,4,5,1,74,4,8,4,8,8,0,113,8,9,8,9,2,2,139,9,12,9,12,6,3,2,1022,12,12,0,2,2,0,1035,12,9,2,3,3,0,1048,9,8,3,4,7,2,1074,8,4,4,8,8,0,1113,4,3,8,9,2,2,1139,3,12,9,0,4,0,2,2152,12,3,10,1,2,2,2035,3,8,1,6,6,0,2087,8,9,6,7,2,2,2113,9,12,7,10
finalize,81,14,1,8,0,0,2,0,2,0.10000000000000001,2,1,4,0.40000000000000002,4,2,6,0.90000000000000002,4,3,8,1.6000000000000001,2,4,10,2.5,2,5,12,3.6000000000000001,2,6,14,4.9000000000000004,4,7,16,6.4000000000000004,4,0,18,8.0999999999999996,2,1,20,10,2,2,22,12.100000000000001,2,3,24,14.4,4,4,26,16.900000000000002,4,5,22,12.100000000000001,0,0,6,0.90000000000000002,12,3.6000000000000001,18,8.0999999999999996,24,14.4,2,0.10000000000000001,8,1.6000000000000001,14,0,1,2,3,4,5,6,7,8,9,10,11,12,13,9,22,35,48,61,74,87,100,113,126,139,152,165,178,6,0,2,9,13,2,13,2,2,0,35,2,3,2,3,4,2,61,3,7,3,7,7,0,100,7,8,7,8,1,2,126,8,12,8,12,12,0,165,12,13,12,13
finalize,82,15,2,8,0,0,2,0,2,0.10000000000000001,4,1,4,0.40000000000000002,4,2,6,0.90000000000000002,2,3,8,1.6000000000000001,2,4,10,2.5,2,5,12,3.6000000000000001,4,6,14,4.9000000000000004,4,7,16,6.4000000000000004,2,0,18,8.0999999999999996,2,1,20,10,2,2,22,12.100000000000001,4,3,24,14.4,4,4,26,16.900000000000002,2,5,28,19.600000000000001,4,6,14,4.9000000000000004,20,10,26,16.900000000000002,2,0.10000000000000001,8,1.6000000000000001,14,4.9000000000000004,20,10,26,16.900000000000002,15,0,1,2,3,4,5,6,7,8,9,10,11,12,13,14,9,22,35,48,61,74,87,100,113,126,139,152,165,178,191,15,14,13,12,11,10,9,8,7,6,5,4,3,2,1,0,1009,1022,1035,1048,1061,1074,1087,1100,1113,1126,1139,1152,1165,1178,1191,7,0,2,9,14,1,14,1,1,0,22,1,2,1,2,3,2,48,2,6,2,6,6,0,87,6,7,6,7,0,1,113,7,11,7,11,11,0,152,11,12,11,12,5,2,178,12,14,12,14,7,5,2,1022,14,12,0,2,2,0,1035,12,11,2,3,2,2,1061,11,7,3,7,7,0,1100,7,6,7,8,5,2,1126,6,2,8,12,12,0,1165,2,1,12,13,0,2,1191,1,14,13,0
finalize,83,16,3,8,0,0,4,0,2,0.10000000000000001,4,1,4,0.40000000000000002,2,2,6,0.90000000000000002,2,3,8,1.6000000000000001,2,4,10,2.5,4,5,12,3.6000000000000001,4,6,14,4.9000000000000004,2,7,16,6.4000000000000004,2,0,18,8.0999999999999996,2,1,20,10,4,2,22,12.100000000000001,4,3,24,14.4,2,4,26,16.900000000000002,2,5,28,19.600000000000001,2,6,30,22.5,4,7,6,0.90000000000000002,12,3.6000000000000001,18,8.0999999999999996,24,14.4,30,22.5,4,0.40000000000000002,10,2.5,16,6.4000000000000004,16,0,1,2,3,4,5,6,7,8,9,10,11,12,13,14,15,9,22,35,48,61,74,87,100,113,126,139,152,165,178,191,204,16,15,14,13,12,11,10,9,8,7,6,5,4,3,2,1,0,1009,1022,1035,1048,1061,1074,1087,1100,1113,1126,1139,1152,1165,1178,1191,1204,16,2,3,4,5,6,7,8,9,10,11,12,13,14,15,0,1,2009,2022,2035,2048,2061,2074,2087,2100,2113,2126,2139,2152,2165,2178,2191,2204,7,0,0,9,0,1,0,1,2,2,35,1,5,1,5,5,0,74,5,6,5,6,7,2,100,6,10,6,10,10,0,139,10,11,10,11,4,2,165,11,15,11,15,15,0,204,15,0,15,0,7,6,2,1022,15,11,0,4,4,0,1061,11,10,4,5,1,2,1087,10,6,5,9,9,0,1126,6,5,9,10,4,2,1152,5,1,10,14,14,0,1191,1,0,14,15,15,0,1204,0,15,15,0,7,2,2,2009,1,5,15,3,3,0,2048,5,6,3,4,7,2,2074,6,10,4,8,8,0,2113,10,11,8,9,4,2,2139,11,15,9,13,13,0,2178,15,0,13,14,14,0,2191,0,1,14,15
finalize,84,17,1,8,0,0,4,0,2,0.10000000000000001,2,1,4,0.40000000000000002,2,2,6,0.90000000000000002,2,3,8,1.6000000000000001,4,4,10,2.5,4,5,12,3.6000000000000001,2,6,14,4.9000000000000004,2,7,16,6.4000000000000004,2,0,18,8.0999999999999996,4,1,20,10,4,2,22,12.100000000000001,2,3,24,14.4,2,4,26,16.900000000000002,2,5,28,19.600000000000001,4,6,30,22.5,4,7,32,25.600000000000001,4,0,32,25.600000000000001,4,0.40000000000000002,10,2.5,16,6.4000000000000004,22,12.100000000000001,28,19.600000000000001,0,0,6,0.90000000000000002,17,0,1,2,3,4,5,6,7,8,9,10,11,12,13,14,15,16,9,22,35,48,61,74,87,100,113,126,139,152,165,178,191,204,217,8,1,2,22,0,4,0,4,4,0,61,4,5,4,5,6,2,87,5,9,5,9,9,0,126,9,10,9,10,3,2,152,10,14,10,14,14,0,191,14,15,14,15,15,0,204,15,16,15,16,16,0,217,16,0,16,0
finalize,85,18,2,8,0,0,2,0,2,0.10000000000000001,2,1,4,0.40000000000000002,2,2,6,0.90000000000000002,4,3,8,1.6000000000000001,4,4,10,2.5,2,5,12,3.6000000000000001,2,6,14,4.9000000000000004,2,7,16,6.4000000000000004,4,0,18,8.0999999999999996,4,1,20,10,2,2,22,12.100000000000001,2,3,24,14.4,2,4,26,16.900000000000002,4,5,28,19.600000000000001,4,6,30,22.5,2,7,32,25.600000000000001,2,0,34,28.900000000000002,4,1,26,16.900000000000002,32,25.600000000000001,2,0.10000000000000001,8,1.6000000000000001,14,4.9000000000000004,20,10,26,16.900000000000002,32,25.600000000000001,18,0,1,0,3,4,5,6,7,8,9,10,11,12,13,14,15,16,17,9,22,35,48,61,74,87,100,113,126,139,152,165,178,191,204,217,230,18,17,16,17,14,13,12,11,10,9,8,7,6,5,4,3,2,1,0,1009,1022,1035,1048,1061,1074,1087,1100,1113,1126,1139,1152,1165,1178,1191,1204,1217,1230,7,0,2,9,17,3,17,3,3,0,48,3,4,3,4,5,2,74,4,8,4,8,8,0,113,8,9,8,9,2,2,139,9,13,9,13,13,0,178,13,14,13,14,7,2,204,14,17,14,17,8,0,2,1022,17,17,0,2,2,0,1035,17,14,2,3,3,0,1048,14,13,3,4,4,2,1074,13,9,4,8,8,0,1113,9,8,8,9,7,2,1139,8,4,9,13,13,0,1178,4,3,13,14,2,2,1204,3,17,14,0
finalize,86,19,3,8,0,0,2,0,2,0.10000000000000001,2,1,4,0.40000000000000002,4,2,6,0.90000000000000002,4,3,8,1.6000000000000001,2,4,10,2.5,2,5,12,3.6000000000000001,2,6,14,4.9000000000000004,4,7,16,6.4000000000000004,4,0,18,8.0999999999999996,2,1,20,10,2,2,22,12.100000000000001,2,3,24,14.4,4,4,26,16.900000000000002,4,5,28,19.600000000000001,2,6,30,22.5,2,7,32,25.600000000000001,2,0,34,28.900000000000002,4,1,36,32.399999999999999,4,2,20,10,26,16.900000000000002,32,25.600000000000001,0,0,6,0.90000000000000002,12,3.6000000000000001,18,8.0999999999999996,24,14.4,19,0,1,2,3,4,5,6,7,8,9,10,11,12,13,14,15,16,17,18,9,22,35,48,61,74,87,100,113,126,139,152,165,178,191,204,217,230,243,19,18,17,16,15,14,13,12,11,10,9,8,7,6,5,4,3,2,1,0,1009,1022,1035,1048,1061,1074,1087,1100,1113,1126,1139,1152,1165,1178,1191,1204,1217,1230,1243,19,2,3,4,5,6,7,8,9,10,11,12,13,14,15,16,17,18,0,1,2009,2022,2035,2048,2061,2074,2087,2100,2113,2126,2139,2152,2165,2178,2191,2204,2217,2230,2243,8,0,2,9,18,2,18,2,2,0,35,2,3,2,3,4,1,61,3,7,3,7,7,0,100,7,8,7,8,1,2,126,8,12,8,12,12,0,165,12,13,12,13,6,2,191,13,17,13,17,17,0,230,17,18,17,18,8,0,0,1009,18,17,0,1,0,2,1035,17,13,1,5,5,0,1074,13,12,5,6,3,2,1100,12,8,6,10,10,0,1139,8,7,10,11,6,2,1165,7,3,11,15,15,0,1204,3,2,15,16,1,2,1230,2,18,16,0,8,0,0,2009,2,3,0,1,4,1,2035,3,7,1,5,5,0,2074,7,8,5,6,1,2,2100,8,12,6,10,10,0,2139,12,13,10,11,6,2,2165,13,17,11,15,15,0,2204,17,18,15,16,0,2,2230,18,2,16,0
finalize,87,20,1,8,0,0,2,0,2,0.10000000000000001,4,1,4,0.40000000000000002,4,2,6,0.90000000000000002,2,3,8,1.6000000000000001,2,4,10,2.5,2,5,12,3.6000000000000001,4,6,14,4.9000000000000004,4,7,16,6.4000000000000004,2,0,18,8.0999999999999996,2,1,20,10,2,2,22,12.100000000000001,4,3,24,14.4,4,4,26,16.900000000000002,2,5,28,19.600000000000001,2,6,30,22.5,2,7,32,25.600000000000001,4,0,34,28.900000000000002,4,1,36,32.399999999999999,2,2,38,36.100000000000001,4,3,14,4.9000000000000004,20,10,26,16.900000000000002,32,25.600000000000001,38,36.100000000000001,4,0.40000000000000002,10,2.5,16,6.4000000000000004,20,0,1,2,3,4,5,6,7,8,9,10,11,12,13,14,15,16,17,18,19,9,22,35,48,61,74,87,100,113,126,139,152,165,178,191,204,217,230,243,256,9,0,2,9,19,1,19,1,1,0,22,1,2,1,2,3,2,48,2,6,2,6,6,0,87,6,7,6,7,0,1,113,7,11,7,11,11,0,152,11,12,11,12,5,2,178,12,16,12,16,16,0,217,16,17,16,17,2,2,243,17,19,17,19
finalize,88,21,2,8,11,23,4,0,11,23,4,1,11,23,2,2,11,23,2,3,11,23,2,4,11,23,4,5,11,23,4,6,11,23,2,7,11,23,2,0,11,23,2,1,11,23,4,2,11,23,4,3,11,23,2,4,11,23,2,5,11,23,2,6,11,23,4,7,11,23,4,0,11,23,2,1,11,23,2,2,11,23,2,3,11,23,4,4,11,23,11,23,11,23,11,23,11,23,11,23,11,23,11,23,21,0,1,2,3,4,5,6,7,8,9,10,11,12,13,14,15,16,17,18,19,20,9,22,35,48,61,74,87,100,113,126,139,152,165,178,191,204,217,230,243,256,269,21,20,19,18,17,16,15,14,13,12,11,10,9,8,7,6,5,4,3,2,1,0,1009,1022,1035,1048,1061,1074,1087,1100,1113,1126,1139,1152,1165,1178,1191,1204,1217,1230,1243,1256,1269,9,0,0,9,0,1,0,1,2,1,35,1,5,1,5,5,0,74,5,6,5,6,7,1,100,6,10,6,10,10,0,139,10,11,10,11,4,1,165,11,15,11,15,15,0,204,15,16,15,16,1,1,230,16,20,16,20,20,0,269,20,0,20,0,9,3,1,1022,20,16,0,4,4,0,1061,16,15,4,5,6,1,1087,15,11,5,9,9,0,1126,11,10,9,10,1,1,1152,10,6,10,14,14,0,1191,6,5,14,15,4,1,1217,5,1,15,19,19,0,1256,1,0,19,20,20,0,1269,0,20,20,0
finalize,89,22,3,8,0,0,4,0,2,0.10000000000000001,2,1,4,0.40000000000000002,2,2,6,0.90000000000000002,2,3,8,1.6000000000000001,4,4,10,2.5,4,5,12,3.6000000000000001,2,6,14,4.9000000000000004,2,7,16,6.4000000000000004,2,0,18,8.0999999999999996,4,1,20,10,4,2,22,12.100000000000001,2,3,24,14.4,2,4,26,16.900000000000002,2,5,28,19.600000000000001,4,6,30,22.5,4,7,32,25.600000000000001,2,0,34,28.900000000000002,2,1,36,32.399999999999999,2,2,38,36.100000000000001,4,3,40,40,4,4,42,44.100000000000001,4,5,2,0.10000000000000001,8,1.6000000000000001,14,4.9000000000000004,20,10,26,16.900000000000002,32,25.600000000000001,38,36.100000000000001,0,0,22,0,1,2,3,4,5,6,7,8,9,10,11,12,13,14,15,16,17,18,19,20,21,9,22,35,48,61,74,87,100,113,126,139,152,165,178,191,204,217,230,243,256,269,282,22,21,20,19,18,17,16,15,14,13,12,11,10,9,8,7,6,5,4,3,2,1,0,1009,1022,1035,1048,1061,1074,1087,1100,1113,1126,1139,1152,1165,1178,1191,1204,1217,1230,1243,1256,1269,1282,22,2,3,4,5,6,7,8,9,10,11,12,13,14,15,16,17,18,19,20,21,0,1,2009,2022,2035,2048,2061,2074,2087,2100,2113,2126,2139,2152,2165,2178,2191,2204,2217,2230,2243,2256,2269,2282,10,1,2,22,0,4,0,4,4,0,61,4,5,4,5,6,2,87,5,9,5,9,9,0,126,9,10,9,10,3,1,152,10,14,10,14,14,0,191,14,15,14,15,0,2,217,15,19,15,19,19,0,256,19,20,19,20,20,0,269,20,21,20,21,21,0,282,21,0,21,0,10,0,0,1009,21,20,0,1,1,0,1022,20,19,1,2,2,2,1048,19,15,2,6,6,0,1087,15,14,6,7,5,2,1113,14,10,7,11,11,0,1152,10,9,11,12,0,2,1178,9,5,12,16,16,0,1217,5,4,16,17,3,2,1243,4,0,17,21,21,0,1282,0,21,21,0,10,1,2,2282,0,4,20,2,2,0,2035,4,5,2,3,6,2,2061,5,9,3,7,7,0,2100,9,10,7,8,3,1,2126,10,14,8,12,12,0,2165,14,15,12,13,0,2,2191,15,19,13,17,17,0,2230,19,20,17,18,18,0,2243,20,21,18,19,19,0,2256,21,0,19,20
finalize,90,23,1,8,0,0,2,0,2,0.10000000000000001,2,1,4,0.40000000000000002,2,2,6,0.90000000000000002,4,3,8,1.6000000000000001,4,4,10,2.5,2,5,12,3.6000000000000001,2,6,14,4.9000000000000004,2,7,16,6.4000000000000004,4,0,18,8.0999999999999996,4,1,20,10,2,2,22,12.100000000000001,2,3,24,14.4,2,4,26,16.900000000000002,4,5,28,19.600000000000001,4,6,30,22.5,2,7,32,25.600000000000001,2,0,34,28.900000000000002,2,1,36,32.399999999999999,4,2,38,36.100000000000001,4,3,40,40,2,4,42,44.100000000000001,2,5,44,48.400000000000006,4,6,42,44.100000000000001,2,0.10000000000000001,8,1.6000000000000001,14,4.9000000000000004,20,10,26,16.900000000000002,32,25.600000000000001,38,36.100000000000001,23,0,1,0,3,4,5,6,7,8,9,10,11,12,13,14,15,16,17,18,19,20,21,22,9,22,35,48,61,74,87,100,113,126,139,152,165,178,191,204,217,230,243,256,269,282,295,9,0,2,9,22,3,22,3,3,0,48,3,4,3,4,5,2,74,4,8,4,8,8,0,113,8,9,8,9,2,2,139,9,13,9,13,13,0,178,13,14,13,14,7,2,204,14,18,14,18,18,0,243,18,19,18,19,4,2,269,19,22,19,22
finalize,91,24,2,8,0,0,2,0,2,0.10000000000000001,2,1,4,0.40000000000000002,4,2,6,0.90000000000000002,4,3,8,1.6000000000000001,2,4,10,2.5,2,5,12,3.6000000000000001,2,6,14,4.9000000000000004,4,7,16,6.4000000000000004,4,0,18,8.0999999999999996,2,1,20,10,2,2,22,12.100000000000001,2,3,24,14.4,4,4,26,16.900000000000002,4,5,28,19.600000000000001,2,6,30,22.5,2,7,32,25.600000000000001,2,0,34,28.900000000000002,4,1,36,32.399999999999999,4,2,38,36.100000000000001,2,3,40,40,2,4,42,44.100000000000001,2,5,44,48.400000000000006,4,6,46,52.900000000000006,4,7,38,36.100000000000001,44,48.400000000000006,2,0.10000000000000001,8,1.6000000000000001,14,4.9000000000000004,20,10,26,16.900000000000002,32,25.600000000000001,24,0,1,2,3,4,5,6,7,8,9,10,11,12,13,14,15,16,17,18,19,20,21,22,23,9,22,35,48,61,74,87,100,113,126,139,152,165,178,191,204,217,230,243,256,269,282,295,308,24,23,22,21,20,19,18,17,16,15,14,13,12,11,10,9,8,7,6,5,4,3,2,1,0,1009,1022,1035,1048,1061,1074,1087,1100,1113,1126,1139,1152,1165,1178,1191,1204,1217,1230,1243,1256,1269,1282,1295,1308,10,0,2,9,23,2,23,2,2,0,35,2,3,2,3,4,2,61,3,7,3,7,7,0,100,7,8,7,8,1,2,126,8,12,8,12,12,0,165,12,13,12,13,6,1,191,13,17,13,17,17,0,230,17,18,17,18,3,2,256,18,22,18,22,22,0,295,22,23,22,23,10,0,0,1009,23,22,0,1,5,2,1035,22,18,1,5,5,0,1074,18,17,5,6,0,2,1100,17,13,6,10,10,0,1139,13,12,10,11,3,2,1165,12,8,11,15,15,0,1204,8,7,15,16,6,2,1230,7,3,16,20,20,0,1269,3,2,20,21,1,2,1295,2,23,21,0
finalize,92,25,3,8,0,0,2,0,2,0.10000000000000001,4,1,4,0.40000000000000002,4,2,6,0.90000000000000002,2,3,8,1.6000000000000001,2,4,10,2.5,2,5,12,3.6000000000000001,4,6,14,4.9000000000000004,4,7,16,6.4000000000000004,2,0,18,8.0999999999999996,2,1,20,10,2,2,22,12.100000000000001,4,3,24,14.4,4,4,26,16.900000000000002,2,5,28,19.600000000000001,2,6,30,22.5,2,7,32,25.600000000000001,4,0,34,28.900000000000002,4,1,36,32.399999999999999,2,2,38,36.100000000000001,2,3,40,40,2,4,42,44.100000000000001,4,5,44,48.400000000000006,4,6,46,52.900000000000006,2,7,48,57.600000000000001,4,0,34,28.900000000000002,40,40,46,52.900000000000006,2,0.10000000000000001,8,1.6000000000000001,14,4.9000000000000004,20,10,26,16.900000000000002,25,0,1,2,3,4,5,6,7,8,9,10,11,12,13,14,15,16,17,18,19,20,21,22,23,24,9,22,35,48,61,74,87,100,113,126,139,152,165,178,191,204,217,230,243,256,269,282,295,308,321,25,24,23,22,21,20,19,18,17,16,15,14,13,12,11,10,9,8,7,6,5,4,3,2,1,0,1009,1022,1035,1048,1061,1074,1087,1100,1113,1126,1139,1152,1165,1178,1191,1204,1217,1230,1243,1256,1269,1282,1295,1308,1321,25,2,3,4,5,6,7,8,9,10,11,12,13,14,15,16,17,18,19,20,21,22,23,24,0,1,2009,2022,2035,2048,2061,2074,2087,2100,2113,2126,2139,2152,2165,2178,2191,2204,2217,2230,2243,2256,2269,2282,2295,2308,2321,11,0,2,9,24,1,24,1,1,0,22,1,2,1,2,3,2,48,2,6,2,6,6,0,87,6,7,6,7,0,2,113,7,11,7,11,11,0,152,11,12,11,12,5,2,178,12,16,12,16,16,0,217,16,17,16,17,2,2,243,17,21,17,21,21,0,282,21,22,21,22,7,2,308,22,24,22,24,11,7,2,1022,24,22,0,2,2,0,1035,22,21,2,3,4,2,1061,21,17,3,7,7,0,1100,17,16,7,8,7,2,1126,16,12,8,12,12,0,1165,12,11,12,13,2,2,1191,11,7,13,17,17,0,1230,7,6,17,18,5,2,1256,6,2,18,22,22,0,1295,2,1,22,23,0,2,1321,1,24,23,0,11,3,2,2022,2,6,0,4,4,0,2061,6,7,4,5,0,2,2087,7,11,5,9,9,0,2126,11,12,9,10,5,2,2152,12,16,10,14,14,0,2191,16,17,14,15,2,2,2217,17,21,15,19,19,0,2256,21,22,19,20,7,2,2282,22,24,20,22,0,2,2308,24,1,22,24,24,0,2321,1,2,24,0
finalize,93,26,1,8,0,0,4,0,2,0.10000000000000001,4,1,4,0.40000000000000002,2,2,6,0.90000000000000002,2,3,8,1.6000000000000001,2,4,10,2.5,4,5,12,3.6000000000000001,4,6,14,4.9000000000000004,2,7,16,6.4000000000000004,2,0,18,8.0999999999999996,2,1,20,10,4,2,22,12.100000000000001,4,3,24,14.4,2,4,26,16.900000000000002,2,5,28,19.600000000000001,2,6,30,22.5,4,7,32,25.600000000000001,4,0,34,28.900000000000002,2,1,36,32.399999999999999,2,2,38,36.100000000000001,2,3,40,40,4,4,42,44.100000000000001,4,5,44,48.400000000000006,2,6,46,52.900000000000006,2,7,48,57.600000000000001,2,0,50,62.5,4,1,30,22.5,36,32.399999999999999,42,44.100000000000001,48,57.600000000000001,2,0.10000000000000001,8,1.6000000000000001,14,4.9000000000000004,20,10,26,0,1,2,3,4,5,6,7,8,9,10,11,12,13,14,15,16,17,18,19,20,21,22,23,24,25,9,22,35,48,61,74,87,100,113,126,139,152,165,178,191,204,217,230,243,256,269,282,295,308,321,334,11,0,0,9,0,1,0,1,2,2,35,1,5,1,5,5,0,74,5,6,5,6,7,2,100,6,10,6,10,10,0,139,10,11,10,11,4,2,165,11,15,11,15,15,0,204,15,16,15,16,1,2,230,16,20,16,20,20,0,269,20,21,20,21,6,2,295,21,25,21,25,25,0,334,25,0,25,0
finalize,94,27,2,8,0,0,4,0,2,0.10000000000000001,2,1,4,0.40000000000000002,2,2,6,0.90000000000000002,2,3,8,1.6000000000000001,4,4,10,2.5,4,5,12,3.6000000000000001,2,6,14,4.9000000000000004,2,7,16,6.4000000000000004,2,0,18,8.0999999999999996,4,1,20,10,4,2,22,12.100000000000001,2,3,24,14.4,2,4,26,16.900000000000002,2,5,28,19.600000000000001,4,6,30,22.5,4,7,32,25.600000000000001,2,0,34,28.900000000000002,2,1,36,32.399999999999999,2,2,38,36.100000000000001,4,3,40,40,4,4,42,44.100000000000001,2,5,44,48.400000000000006,2,6,46,52.900000000000006,2,7,48,57.600000000000001,4,0,50,62.5,4,1,52,67.600000000000009,4,2,26,16.900000000000002,32,25.600000000000001,38,36.100000000000001,44,48.400000000000006,50,62.5,2,0.10000000000000001,8,1.6000000000000001,14,4.9000000000000004,27,0,1,2,3,4,5,6,7,8,9,10,11,12,13,14,15,16,17,18,19,20,21,22,23,24,25,26,9,22,35,48,61,74,87,100,113,126,139,152,165,178,191,204,217,230,243,256,269,282,295,308,321,334,347,27,26,25,24,23,22,21,20,19,18,17,16,15,14,13,12,11,10,9,8,7,6,5,4,3,2,1,0,1009,1022,1035,1048,1061,1074,1087,1100,1113,1126,1139,1152,1165,1178,1191,1204,1217,1230,1243,1256,1269,1282,1295,1308,1321,1334,1347,12,1,2,22,0,4,0,4,4,0,61,4,5,4,5,6,2,87,5,9,5,9,9,0,126,9,10,9,10,3,2,152,10,14,10,14,14,0,191,14,15,14,15,0,2,217,15,19,15,19,19,0,256,19,20,19,20,5,2,282,20,24,20,24,24,0,321,24,25,24,25,25,0,334,25,26,25,26,26,0,347,26,0,26,0,12,0,0,1009,26,25,0,1,1,0,1022,25,24,1,2,7,2,1048,24,20,2,6,6,0,1087,20,19,6,7,2,1,1113,19,15,7,11,11,0,1152,15,14,11,12,5,2,1178,14,10,12,16,16,0,1217,10,9,16,17,0,2,1243,9,5,17,21,21,0,1282,5,4,21,22,3,2,1308,4,0,22,26,26,0,1347,0,26,26,0
finalize,95,28,3,8,0,0,2,0,2,0.10000000000000001,2,1,4,0.40000000000000002,2,2,6,0.90000000000000002,4,3,8,1.6000000000000001,4,4,10,2.5,2,5,12,3.6000000000000001,2,6,14,4.9000000000000004,2,7,16,6.4000000000000004,4,0,18,8.0999999999999996,4,1,20,10,2,2,22,12.100000000000001,2,3,24,14.4,2,4,26,16.900000000000002,4,5,28,19.600000000000001,4,6,30,22.5,2,7,32,25.600000000000001,2,0,34,28.900000000000002,2,1,36,32.399999999999999,4,2,38,36.100000000000001,4,3,40,40,2,4,42,44.100000000000001,2,5,44,48.400000000000006,2,6,46,52.900000000000006,4,7,48,57.600000000000001,4,0,50,62.5,2,1,52,67.600000000000009,2,2,54,72.900000000000006,4,3,22,12.100000000000001,28,19.600000000000001,34,28.900000000000002,40,40,46,52.900000000000006,52,67.600000000000009,2,0.10000000000000001,8,1.6000000000000001,28,0,1,0,3,4,5,6,7,8,9,10,11,12,13,14,15,16,17,18,19,20,21,22,23,24,25,26,27,9,22,35,48,61,74,87,100,113,126,139,152,165,178,191,204,217,230,243,256,269,282,295,308,321,334,347,360,28,27,26,27,24,23,22,21,20,19,18,17,16,15,14,13,12,11,10,9,8,7,6,5,4,3,2,1,0,1009,1022,1035,1048,1061,1074,1087,1100,1113,1126,1139,1152,1165,1178,1191,1204,1217,1230,1243,1256,1269,1282,1295,1308,1321,1334,1347,1360,28,2,3,2,5,6,7,8,9,10,11,12,13,14,15,16,17,18,19,20,21,22,23,24,25,26,27,0,1,2009,2022,2035,2048,2061,2074,2087,2100,2113,2126,2139,2152,2165,2178,2191,2204,2217,2230,2243,2256,2269,2282,2295,2308,2321,2334,2347,2360,11,0,2,9,27,3,27,3,3,0,48,3,4,3,4,5,2,74,4,8,4,8,8,0,113,8,9,8,9,2,2,139,9,13,9,13,13,0,178,13,14,13,14,7,2,204,14,18,14,18,18,0,243,18,19,18,19,4,2,269,19,23,19,23,23,0,308,23,24,23,24,1,2,334,24,27,24,27,12,2,2,1022,27,27,0,2,2,0,1035,27,24,2,3,3,0,1048,24,23,3,4,6,2,1074,23,19,4,8,8,0,1113,19,18,8,9,1,2,1139,18,14,9,13,13,0,1178,14,13,13,14,4,2,1204,13,9,14,18,18,0,1243,9,8,18,19,7,2,1269,8,4,19,23,23,0,1308,4,3,23,24,2,2,1334,3,27,24,0,10,0,2,2347,27,3,25,1,2,2,2035,3,8,1,6,6,0,2087,8,9,6,7,2,2,2113,9,13,7,11,11,0,2152,13,14,11,12,7,2,2178,14,18,12,16,16,0,2217,18,19,16,17,4,2,2243,19,23,17,21,21,0,2282,23,24,21,22,1,2,2308,24,27,22,25
