optimize,0,8,1,0.0050000000000000001,0.29999999999999999,0.75,0,10,0,0,0,1000,3.5499999999999998,0.97999999999999998,1,1001,4.9299999999999997,0.93000000000000005,2,1002,6.3099999999999996,1.02,3,1003,9.8599999999999994,1.25,4,1004,11.24,2.79,5,1005,12.619999999999999,3.3000000000000007,0,1006,14,3.9500000000000002,1,1007,8,0,1,2,0,4,5,6,7,17,20,23,26,29,32,35,38,1,2,0,2,0,2,0,1,8,0,4,1000,5,1001,5,1002,3,1003,4,1004,5,1005,5,1006,5,1007,0,0,0,0,0,0,0,0,8,0,0,17,0,1,0,1,1,0,20,1,2,1,2,2,0,23,2,0,2,3,3,0,26,0,4,3,4,4,0,29,4,5,4,5,5,0,32,5,6,5,6,6,0,35,6,7,6,7,7,0,38,7,0,7,0,0,0,0,0,0,0,0,0,0,0,0,0
optimize,1,9,2,0.01,0.69999999999999996,0.5,1,10,1.3100000000000001,0.13,1,1000,4.8599999999999994,1.1100000000000001,2,1001,6.2400000000000002,1.0600000000000001,3,1002,7.6200000000000001,1.1500000000000001,4,1003,9,1.3800000000000001,5,1004,12.550000000000001,1.7500000000000002,0,1005,13.93,3.4300000000000006,1,1006,15.31,4.0800000000000001,2,1007,18.859999999999999,4.8700000000000001,3,1008,9,0,1,2,3,4,5,6,7,8,17,20,23,26,29,32,35,38,41,0,2,1,2,0,2,0,2,0,8,0,8,7,6,5,4,3,2,117,120,123,126,129,132,135,138,0,2,0,2,1,2,0,2,9,0,5,1000,5,1001,4,1002,4,1003,2,4,5,1005,5,1006,5,1007,4,1008,0,0,0,0,0,0,0,0,0,8,0,0,17,0,1,0,1,1,0,20,1,2,1,2,2,0,23,2,3,2,3,4,1,29,3,5,3,5,5,0,32,5,6,5,6,6,0,35,6,7,6,7,7,0,38,7,8,7,8,8,0,41,8,0,8,0,7,0,0,117,0,8,0,1,1,0,120,8,7,1,2,2,0,123,7,6,2,3,3,0,126,6,5,3,4,4,2,132,5,3,4,6,6,0,135,3,2,6,7,7,0,138,2,0,7,0,0,0,0,0,0,0,0,0,0,0,0,0,0
optimize,2,10,3,0.014999999999999999,1.1000000000000001,0.5,2,10,2.6200000000000001,0.26000000000000001,2,1000,4,0.070000000000000007,3,1001,7.5499999999999998,1.1899999999999999,4,1002,8.9299999999999997,1.2800000000000002,5,1003,10.31,1.5100000000000002,0,1004,13.859999999999999,1.8800000000000003,1,1005,15.24,3.5600000000000005,2,1006,16.620000000000001,4.21,3,1007,18,5,4,1008,21.550000000000001,5.9300000000000006,5,1009,10,0,1,2,3,4,5,6,7,8,9,17,20,23,26,29,32,35,38,41,44,0,2,0,2,1,2,0,2,0,2,9,0,9,8,7,6,5,4,3,2,117,120,123,126,129,132,135,138,141,0,2,0,2,0,2,1,2,0,8,2,3,4,5,6,7,8,9,217,220,223,226,229,232,235,238,0,1,0,2,0,2,0,2,7,0,5,1000,4,1001,4,1002,2,4,2,4,5,1005,2,5,4,1007,4,1008,5,1009,0,0,0,0,0,0,0,7,0,0,17,0,1,0,1,1,0,20,1,2,1,2,4,1,26,2,5,2,5,5,1,35,5,7,5,7,7,0,38,7,8,7,8,8,0,41,8,9,8,9,9,0,44,9,0,9,0,6,0,0,117,0,9,0,1,1,0,120,9,8,1,2,2,0,123,8,7,2,3,5,2,129,7,5,3,5,4,2,135,5,2,5,8,8,0,141,2,0,8,0,5,4,1,220,2,5,0,3,5,1,229,5,7,3,5,5,0,232,7,8,5,6,6,0,235,8,9,6,7,7,0,238,9,2,7,0,0,0,0,0,0,0,0,0,0,0,0
optimize,3,11,1,0.02,1.5000000000000002,0.75,3,1,3.9299999999999997,0.39000000000000001,3,1000,5.3099999999999996,0.20000000000000001,4,1001,8.8599999999999994,1.3200000000000001,5,1002,10.24,1.4100000000000001,0,1003,11.619999999999999,1.6400000000000001,1,1004,13,2.0100000000000002,2,1005,16.550000000000001,2.5200000000000005,3,1006,17.93,4.3399999999999999,4,1007,19.309999999999999,5.1300000000000008,5,1008,22.859999999999999,6.0600000000000005,0,1009,24.239999999999998,7.1300000000000008,1,1010,11,0,1,2,3,4,5,6,7,8,9,10,17,20,23,26,29,32,35,38,41,44,47,0,2,0,2,0,2,1,2,0,2,0,5,4,4,1000,4,1001,2,0,2,0,2,0,2,0,4,1006,4,1007,2,2,2,2,5,1010,4,5.3099999999999996,0.20000000000000001,8.9118489235126912,1.6088980132453461,12.790610708072554,1.7450848402716255,16.550000000000001,2.5200000000000005,-0.00017823697846894478,-3.2177960264716254e-005,-0.00025581221416014904,-3.4901696805075821e-005,1.0207205606805998,0,0.90363192296951289,0,0,1.0207205606805998,0,0.90363192296951289,0.90363192296951289,0,1.0444412267968775,0,0,0.90363192296951289,0,1.0444412267968775,0,1,6,0,0,0,0,5,0,0,17,0,1,0,1,0,1,23,1,6,1,6,6,0,35,6,7,6,7,2,1,41,7,10,7,10,10,0,47,10,0,10,0,0.027756951682613447,4,-0.00017823697846894478,-3.2177960264716254e-005,-0.00025581221416014904,-3.4901696805075821e-005,4,4,0,1.0207205606805998,1,0,2,0.90363192296951289,3,0,3,1,1.0207205606805998,2,0,3,0.90363192296951289,2,2,1.0444412267968775,3,0,1,3,1.0444412267968775,-0.15000000000000002,0.20000000000000001,-0.10000000000000001,0.25,0,4,4,4,4,5.3099999999999996,0.20000000000000001,9.0618489235126916,1.4088980132453461,12.890610708072554,1.4950848402716255,16.550000000000001,2.5200000000000005,0.15621370791635519
optimize,4,12,2,0.0050000000000000001,1.9000000000000001,0.5,4,10,5.2400000000000002,0.52000000000000002,4,1000,6.6200000000000001,0.33000000000000002,5,1001,8,0.28000000000000003,0,1002,11.550000000000001,1.54,1,1003,12.93,1.77,2,1004,14.31,2.1400000000000001,3,1005,17.859999999999999,2.6500000000000004,4,1006,19.239999999999998,4.4700000000000006,5,1007,20.620000000000001,5.2600000000000007,0,1008,22,6.1900000000000013,1,1009,25.550000000000001,7.2600000000000007,2,1010,26.93,8.4700000000000006,3,1011,12,0,1,2,3,4,5,6,7,8,9,10,11,17,20,23,26,29,32,35,38,41,44,47,50,0,1,0,2,0,2,0,2,1,2,0,2,11,0,11,10,9,8,7,6,5,4,3,2,117,120,123,126,129,132,135,138,141,144,147,0,2,0,1,0,2,0,2,0,2,1,4,8,4,1000,2,0,2,0,2,0,2,0,4,1005,4,1006,2,2,2,2,2,2,2,2,4,1011,4,5.2400000000000002,0.52000000000000002,8.4241014819836977,-0.49550282563192188,11.210047380210842,1.8039167167993209,14.31,2.1400000000000001,-0.00016848202964166647,9.910056512588139e-006,-0.00022420094760323798,-3.6078334336109297e-005,0.67626543377041448,0,0.40677046720724552,0,0,0.67626543377041448,0,0.40677046720724552,0.40677046720724552,0,0.68051574761073008,0,0,0.40677046720724552,0,0.68051574761073008,0,0,5,0,4,17.859999999999999,2.6500000000000004,19.526170877763981,6.500038740553526,24.418095611664839,5.7967758049367255,26.93,8.4700000000000006,-0.00039052341755625285,-0.00013000077481190031,-0.00048836191223737904,-0.00011593551609945241,0.9883604054199272,0,0.61923104479685787,0,0,0.9883604054199272,0,0.61923104479685787,0.61923104479685787,0,0.65455513717341685,0,0,0.61923104479685787,0,0.65455513717341685,0,6,11,0,4,0,1,20,0,5,0,5,5,0,32,5,6,5,6,2,1,38,6,11,6,11,11,0,50,11,0,11,0,4,0,0,117,0,11,0,1,2,2,123,11,6,1,6,6,0,135,6,5,6,7,0,2,141,5,0,7,0,0.10430609082512361,8,-0.00016848202964166647,9.910056512588139e-006,-0.00022420094760323798,-3.6078334336109297e-005,-0.00039052341755625285,-0.00013000077481190031,-0.00048836191223737904,-0.00011593551609945241,8,4,0,0.67626543377041448,1,0,2,0.40677046720724552,3,0,3,1,0.67626543377041448,2,0,3,0.40677046720724552,2,2,0.68051574761073008,3,0,1,3,0.68051574761073008,4,4,0.9883604054199272,5,0,6,0.61923104479685787,7,0,3,5,0.9883604054199272,6,0,7,0.61923104479685787,2,6,0.65455513717341685,7,0,1,7,0.65455513717341685,-0.10000000000000001,0.25,-0.050000000000000003,0.30000000000000004,0,-0.30000000000000004,0.050000000000000003,-0.25,0,4,4,8,5.2400000000000002,0.52000000000000002,8.5241014819836973,-0.74550282563192183,11.260047380210843,1.5039167167993208,14.31,2.1400000000000001,17.859999999999999,2.6500000000000004,19.526170877763981,6.8000387405535259,24.368095611664838,6.0467758049367255,26.93,8.4700000000000006,0.30496291378464563
optimize,5,13,3,0.01,2.2999999999999998,0.5,5,10,30,30,5,1000,50.009999999999998,30.001999999999999,0,1001,50.020000000000003,50.008000000000003,1,1002,30.030000000000001,50.018000000000001,2,1003,30.039999999999999,30.032,3,1004,50.049999999999997,30.050000000000001,4,1005,50.060000000000002,50.072000000000003,5,1006,30.07,50.097999999999999,0,1007,30.079999999999998,30.128,1,1008,50.090000000000003,30.161999999999999,2,1009,50.100000000000001,50.200000000000003,3,1010,30.109999999999999,50.241999999999997,4,1011,30.120000000000001,30.288,5,1012,13,0,1,2,0,4,5,6,7,8,9,10,11,12,17,20,23,26,29,32,35,38,41,44,47,50,53,0,2,0,1,0,2,0,2,0,2,1,2,0,12,0,12,11,0,9,8,7,6,5,4,3,2,117,120,123,126,129,132,135,138,141,144,147,150,0,2,0,2,0,1,0,2,0,2,0,2,11,2,3,4,2,6,7,8,9,10,11,12,217,220,223,226,229,232,235,238,241,244,247,1,2,0,2,0,2,0,1,0,2,0,14,0,4,1000,5,1001,4,1002,5,1003,4,1004,4,1005,5,1006,5,1007,5,1008,5,1009,4,1010,4,1011,2,0,0,0,0,0,0,0,0,0,0,0,0,0,0,0,12,0,0,17,0,1,0,1,1,0,20,1,2,1,2,2,0,23,2,0,2,3,3,0,26,0,4,3,4,4,0,29,4,5,4,5,5,0,32,5,6,5,6,6,0,35,6,7,6,7,7,0,38,7,8,7,8,8,0,41,8,9,8,9,9,0,44,9,10,9,10,10,0,47,10,11,10,11,0,1,53,11,0,11,0,11,0,2,120,0,11,0,2,2,0,123,11,0,2,3,3,0,126,0,9,3,4,4,0,129,9,8,4,5,5,0,132,8,7,5,6,6,0,135,7,6,6,7,7,0,138,6,5,7,8,8,0,141,5,4,8,9,9,0,144,4,3,9,10,10,0,147,3,2,10,11,11,0,150,2,0,11,0,10,0,0,217,2,3,0,1,1,0,220,3,4,1,2,2,0,223,4,2,2,3,3,0,226,2,6,3,4,4,0,229,6,7,4,5,5,0,232,7,8,5,6,6,0,235,8,9,6,7,7,0,238,9,10,7,8,8,0,241,10,11,8,9,0,1,247,11,2,9,0,0,0,0,0,0,0,0,0,0,0,0,0,0,0,0,0,0,0
optimize,6,14,1,0.014999999999999999,2.7000000000000002,0.75,6,10,7.8599999999999994,0.78000000000000003,0,1000,9.2400000000000002,0.59000000000000008,1,1001,10.619999999999999,0.54000000000000004,2,1002,12,0.63000000000000012,3,1003,15.550000000000001,2.0300000000000002,4,1004,16.93,2.4000000000000004,5,1005,18.309999999999999,2.9100000000000006,0,1006,21.859999999999999,3.5600000000000001,1,1007,23.239999999999998,5.5200000000000005,2,1008,24.620000000000001,6.4500000000000011,3,1009,26,7.5200000000000014,4,1010,29.550000000000001,8.7300000000000004,5,1011,30.93,10.080000000000002,0,1012,32.310000000000002,12.740000000000002,1,1013,14,0,1,2,3,4,5,6,7,8,9,10,11,12,13,17,20,23,26,29,32,35,38,41,44,47,50,53,56,0,2,0,2,0,1,0,2,0,2,0,2,1,2,5,8,2,1,2,1,2,1,4,1003,4,1004,2,3,2,3,2,3,2,3,4,1009,4,1010,2,0,5,1012,2,1,0,4,30.93,10.080000000000002,40.628733851317634,23.417780846246384,-5.4723680928672254,-1.805220136083119,12,0.63000000000000012,-0.00081257467702701078,-0.00046835561692626338,0.00010944736185719561,3.6104402721576917e-005,0.098654426513176977,0,0.039014226907299221,0,0,0.098654426513176977,0,0.039014226907299221,0.039014226907299221,0,0.26603561738503029,0,0,0.039014226907299221,0,0.26603561738503029,0,12,17,0,4,15.550000000000001,2.0300000000000002,19.080995788520941,3.0062966942527338,22.408354942489762,3.31500246564537,24.620000000000001,6.4500000000000011,-0.00038161991577212451,-6.0125933884991323e-005,-0.00044816709884784589,-6.6300049312323361e-005,0.71622569116584878,0,0.4511817696725165,0,0,0.71622569116584878,0,0.4511817696725165,0.4511817696725165,0,0.66511736981105585,0,0,0.4511817696725165,0,0.66511736981105585,0,4,9,0,5,1,1,56,12,3,12,3,3,0,26,3,4,3,4,3,1,32,4,9,4,9,9,0,44,9,10,9,10,0,1,50,10,12,10,12,0.80593744506412923,8,-0.00081257467702701078,-0.00046835561692626338,0.00010944736185719561,3.6104402721576917e-005,-0.00038161991577212451,-6.0125933884991323e-005,-0.00044816709884784589,-6.6300049312323361e-005,8,4,0,0.098654426513176977,1,0,2,0.039014226907299221,3,0,3,1,0.098654426513176977,2,0,3,0.039014226907299221,2,2,0.26603561738503029,3,0,1,3,0.26603561738503029,4,4,0.71622569116584878,5,0,6,0.4511817696725165,7,0,3,5,0.71622569116584878,6,0,7,0.4511817696725165,2,6,0.66511736981105585,7,0,1,7,0.66511736981105585,0,-0.30000000000000004,0.050000000000000003,-0.25,0.10000000000000001,-0.20000000000000001,0.15000000000000002,-0.15000000000000002,0,0,4,4,8,30.93,10.080000000000002,40.628733851317634,23.717780846246384,-5.5223680928672252,-1.555220136083119,12,0.63000000000000012,15.550000000000001,2.0300000000000002,18.980995788520939,3.206296694252734,22.258354942489763,3.46500246564537,24.620000000000001,6.4500000000000011,0.87506829548518483
optimize,7,15,2,0.02,0.29999999999999999,0.5,7,0.75,7,0.91000000000000003,1,1000,10.550000000000001,0.71999999999999997,2,1001,11.93,0.67000000000000004,3,1002,13.31,0.76000000000000012,4,1003,16.859999999999999,2.1600000000000001,5,1004,18.239999999999998,2.5300000000000002,0,1005,19.620000000000001,3.0400000000000005,1,1006,21,3.6900000000000004,2,1007,24.550000000000001,4.4800000000000004,3,1008,25.93,6.580000000000001,4,1009,27.309999999999999,7.6500000000000012,5,1010,30.859999999999999,8.8600000000000012,0,1011,32.240000000000002,10.210000000000003,1,1012,33.619999999999997,12.870000000000001,2,1013,35,14.5,3,1014,15,0,1,2,3,4,5,6,7,8,9,10,11,12,13,14,17,20,23,26,29,32,35,38,41,44,47,50,53,56,59,1,2,0,2,0,2,0,1,0,2,0,2,0,2,1,14,0,14,13,12,11,10,9,8,7,6,5,4,3,2,117,120,123,126,129,132,135,138,141,144,147,150,153,156,0,2,1,2,0,2,0,2,0,1,0,2,0,2,7,8,5,1000,2,1,4,1002,4,1003,2,3,2,3,2,3,2,3,4,1008,4,1009,2,5,2,5,2,5,2,5,4,1014,0,0,0,4,13.31,0.76000000000000012,17.069250155612924,1.9918385730853816,20.618219962341506,3.8480804324326154,24.550000000000001,4.4800000000000004,-0.00034138500311033972,-3.9836771461757015e-005,-0.00041236439924917725,-7.6961608647979629e-005,1.0170347471086749,0,0.89611213478523155,0,0,1.0170347471086749,0,0.89611213478523155,0.89611213478523155,0,1.0401948330747697,0,0,0.89611213478523155,0,1.0401948330747697,0,3,8,0,4,25.93,6.580000000000001,30.086932532115316,8.1385411841158337,33.0305295088965,10.38801216133438,35,14.5,-0.00060173865063414822,-0.00016277082368126861,-0.0006606105901681425,-0.00020776024322607944,0.72187636336037453,0,0.60381571403299139,0,0,0.72187636336037453,0,0.60381571403299139,0.60381571403299139,0,0.82837424250525893,0,0,0.60381571403299139,0,0.82837424250525893,0,9,14,0,6,1,1,20,0,2,0,2,2,0,23,2,3,2,3,3,1,29,3,8,3,8,8,0,41,8,9,8,9,5,1,47,9,14,9,14,14,0,59,14,0,14,0,6,0,0,117,0,14,0,1,5,2,123,14,9,1,6,6,0,135,9,8,6,7,3,2,141,8,3,7,12,12,0,153,3,2,12,13,13,0,156,2,0,13,0,0.55628744478578962,8,-0.00034138500311033972,-3.9836771461757015e-005,-0.00041236439924917725,-7.6961608647979629e-005,-0.00060173865063414822,-0.00016277082368126861,-0.0006606105901681425,-0.00020776024322607944,8,4,0,1.0170347471086749,1,0,2,0.89611213478523155,3,0,3,1,1.0170347471086749,2,0,3,0.89611213478523155,2,2,1.0401948330747697,3,0,1,3,1.0401948330747697,4,4,0.72187636336037453,5,0,6,0.60381571403299139,7,0,3,5,0.72187636336037453,6,0,7,0.60381571403299139,2,6,0.82837424250525893,7,0,1,7,0.82837424250525893,0.050000000000000003,-0.25,0.10000000000000001,-0.20000000000000001,0.15000000000000002,-0.15000000000000002,0.20000000000000001,-0.10000000000000001,0,0,0,0,4,4,8,13.31,0.76000000000000012,17.019250155612923,2.2418385730853814,20.518219962341504,4.0480804324326156,24.550000000000001,4.4800000000000004,25.93,6.580000000000001,29.936932532115318,8.2885411841158341,32.830529508896497,10.48801216133438,35,14.5,0.72896448911984679
optimize,8,16,3,0.0050000000000000001,0.69999999999999996,0.5,8,10,8.3100000000000005,1.04,2,1000,11.859999999999999,0.85000000000000009,3,1001,13.24,0.80000000000000004,4,1002,14.619999999999999,0.89000000000000012,5,1003,16,1.1200000000000001,0,1004,19.550000000000001,2.6600000000000001,1,1005,20.93,3.1700000000000004,2,1006,22.309999999999999,3.8200000000000003,3,1007,25.859999999999999,4.6100000000000003,4,1008,27.239999999999998,6.7100000000000009,5,1009,28.620000000000001,7.7800000000000011,0,1010,30,8.9900000000000002,1,1011,33.549999999999997,10.340000000000002,2,1012,34.93,11.830000000000002,3,1013,36.310000000000002,14.630000000000001,4,1014,39.859999999999999,16.400000000000002,5,1015,16,0,1,2,3,4,5,6,7,8,9,10,11,12,13,14,15,17,20,23,26,29,32,35,38,41,44,47,50,53,56,59,62,0,2,1,2,0,2,0,2,0,1,0,2,0,2,0,2,15,0,15,14,13,12,11,10,9,8,7,6,5,4,3,2,117,120,123,126,129,132,135,138,141,144,147,150,153,156,159,0,2,0,2,1,2,0,2,0,2,0,1,0,2,0,14,2,3,4,5,6,7,8,9,10,11,12,13,14,15,217,220,223,226,229,232,235,238,241,244,247,250,253,256,0,2,0,2,0,2,1,2,0,2,0,2,0,1,8,8,5,1000,4,1001,4,1002,2,4,2,4,2,4,2,4,4,1007,4,1008,2,6,2,6,2,6,2,6,4,1013,4,1014,5,1015,0,0,0,0,4,13.24,0.80000000000000004,16.542753103628108,0.67185402013740736,19.333649765768989,2.6947898985579486,22.309999999999999,3.8200000000000003,-0.00033085506207196618,-1.3437080402647038e-005,-0.00038667299531212028,-5.3895797971062476e-005,0.67062093475420903,0,0.40801147479966571,0,0,0.67062093475420903,0,0.40801147479966571,0.40801147479966571,0,0.68688619759762515,0,0,0.40801147479966571,0,0.68688619759762515,0,2,7,0,4,25.859999999999999,4.6100000000000003,27.327362214761816,8.8969294830271295,32.449237467730654,8.7930250192695389,34.93,11.830000000000002,-0.0005465472442983052,-0.00017793858966145062,-0.00064898474936109923,-0.00017586050038718992,0.9813546406573519,0,0.63235962064726803,0,0,0.9813546406573519,0,0.63235962064726803,0.63235962064726803,0,0.68427883864745553,0,0,0.63235962064726803,0,0.68427883864745553,0,8,13,0,8,0,0,17,0,1,0,1,1,0,20,1,2,1,2,4,1,26,2,7,2,7,7,0,38,7,8,7,8,6,1,44,8,13,8,13,13,0,56,13,14,13,14,14,0,59,14,15,14,15,15,0,62,15,0,15,0,7,0,0,117,0,15,0,1,1,0,120,15,14,1,2,2,0,123,14,13,2,3,6,2,129,13,8,3,8,8,0,141,8,7,8,9,4,2,147,7,2,9,14,14,0,159,2,0,14,0,6,4,1,220,2,7,0,5,5,0,232,7,8,5,6,6,1,238,8,13,6,11,11,0,250,13,14,11,12,12,0,253,14,15,12,13,13,0,256,15,2,13,0,0.146871187980534,8,-0.00033085506207196618,-1.3437080402647038e-005,-0.00038667299531212028,-5.3895797971062476e-005,-0.0005465472442983052,-0.00017793858966145062,-0.00064898474936109923,-0.00017586050038718992,8,4,0,0.67062093475420903,1,0,2,0.40801147479966571,3,0,3,1,0.67062093475420903,2,0,3,0.40801147479966571,2,2,0.68688619759762515,3,0,1,3,0.68688619759762515,4,4,0.9813546406573519,5,0,6,0.63235962064726803,7,0,3,5,0.9813546406573519,6,0,7,0.63235962064726803,2,6,0.68427883864745553,7,0,1,7,0.68427883864745553,0.10000000000000001,-0.20000000000000001,0.15000000000000002,-0.15000000000000002,0.20000000000000001,-0.10000000000000001,0.25,-0.050000000000000003,0,0,0,0,0,4,4,8,13.24,0.80000000000000004,16.442753103628107,0.87185402013740743,19.18364976576899,2.8447898985579485,22.309999999999999,3.8200000000000003,25.859999999999999,4.6100000000000003,27.127362214761817,8.9969294830271291,32.199237467730654,8.8430250192695397,34.93,11.830000000000002,0.27932910799133859
optimize,9,17,1,0.01,1.1000000000000001,0.75,9,10,9.6199999999999992,0,3,1000,11,0.97999999999999998,4,1001,14.550000000000001,0.93000000000000005,5,1002,15.93,1.02,0,1003,17.309999999999999,1.25,1,1004,20.859999999999999,2.79,2,1005,22.239999999999998,3.3000000000000007,3,1006,23.620000000000001,3.9500000000000002,4,1007,25,4.7400000000000002,5,1008,28.550000000000001,5.6700000000000008,0,1009,29.93,7.910000000000001,1,1010,31.309999999999999,9.120000000000001,2,1011,34.859999999999999,10.470000000000002,3,1012,36.240000000000002,11.960000000000003,4,1013,37.619999999999997,14.760000000000002,5,1014,39,16.530000000000001,0,1015,42.549999999999997,18.440000000000001,1,1016,17,0,1,2,3,4,5,6,7,8,9,10,11,12,13,14,15,16,17,20,23,26,29,32,35,38,41,44,47,50,53,56,59,62,65,0,2,0,2,1,2,0,2,0,2,0,1,0,2,0,2,0,7,8,4,1000,4,1001,2,0,2,0,2,0,2,0,4,1006,4,1007,2,2,2,2,2,2,2,2,4,1012,4,1013,2,4,2,4,5,1016,4,11,0.97999999999999998,15.012697461424111,0.23856713169905477,18.704094486812483,1.6175888598884076,22.239999999999998,3.3000000000000007,-0.00030025394923179592,-4.7713426339444226e-006,-0.00037408188973499235,-3.2351777197694997e-005,0.98328763038028999,0,0.73142041088605847,0,0,0.98328763038028999,0,0.73142041088605847,0.73142041088605847,0,0.75912094502051974,0,0,0.73142041088605847,0,0.75912094502051974,0,1,6,0,4,23.620000000000001,3.9500000000000002,28.864609135542171,4.2544169587289433,29.73068913678992,9.7998346705070265,34.859999999999999,10.470000000000002,-0.00057729218271008152,-8.5088339172811889e-005,-0.0005946137827374659,-0.00019599669341310855,0.77290503260793653,0,0.66840910907786155,0,0,0.77290503260793653,0,0.66840910907786155,0.66840910907786155,0,0.89815303679200842,0,0,0.66840910907786155,0,0.89815303679200842,0,7,12,0,0,0,0,7,0,0,17,0,1,0,1,0,1,23,1,6,1,6,6,0,35,6,7,6,7,2,1,41,7,12,7,12,12,0,53,12,13,12,13,4,1,59,13,16,13,16,16,0,65,16,0,16,0,0.65965443157291703,8,-0.00030025394923179592,-4.7713426339444226e-006,-0.00037408188973499235,-3.2351777197694997e-005,-0.00057729218271008152,-8.5088339172811889e-005,-0.0005946137827374659,-0.00019599669341310855,8,4,0,0.98328763038028999,1,0,2,0.73142041088605847,3,0,3,1,0.98328763038028999,2,0,3,0.73142041088605847,2,2,0.75912094502051974,3,0,1,3,0.75912094502051974,4,4,0.77290503260793653,5,0,6,0.66840910907786155,7,0,3,5,0.77290503260793653,6,0,7,0.66840910907786155,2,6,0.89815303679200842,7,0,1,7,0.89815303679200842,0.15000000000000002,-0.15000000000000002,0.20000000000000001,-0.10000000000000001,0.25,-0.050000000000000003,0.30000000000000004,0,0,4,4,8,8,8,8,11,0.97999999999999998,14.86269746142411,0.38856713169905477,18.504094486812484,1.7175888598884077,22.239999999999998,3.3000000000000007,23.620000000000001,3.9500000000000002,28.614609135542171,4.3044169587289431,29.430689136789919,9.7998346705070265,34.859999999999999,10.470000000000002,0.84977043512285344
optimize,10,18,2,0.014999999999999999,1.5000000000000002,0.5,10,10,10.93,0.13,4,1000,12.31,1.1100000000000001,5,1001,15.859999999999999,1.0600000000000001,0,1002,17.239999999999998,1.1500000000000001,1,1003,18.620000000000001,1.3800000000000001,2,1004,20,1.7500000000000002,3,1005,23.550000000000001,3.4300000000000006,4,1006,24.93,4.0800000000000001,5,1007,26.309999999999999,4.8700000000000001,0,1008,29.859999999999999,5.8000000000000007,1,1009,31.239999999999998,8.0400000000000009,2,1010,32.619999999999997,9.25,3,1011,34,10.600000000000001,4,1012,37.549999999999997,12.090000000000002,5,1013,38.93,13.720000000000001,0,1014,40.310000000000002,16.66,1,1015,43.859999999999999,18.57,2,1016,45.240000000000002,20.620000000000001,3,1017,18,0,1,2,0,4,5,6,7,8,9,10,11,12,13,14,15,16,17,17,20,23,26,29,32,35,38,41,44,47,50,53,56,59,62,65,68,0,2,0,2,0,2,1,2,0,2,0,2,0,1,0,2,0,2,17,0,17,16,0,14,13,12,11,10,9,8,7,6,5,4,3,2,117,120,123,126,129,132,135,138,141,144,147,150,153,156,159,162,165,0,1,0,2,0,2,0,2,1,2,0,2,0,2,0,1,0,11,8,4,1000,2,0,4,1002,2,9,4,3,4,1005,4,1006,2,5,2,5,2,5,2,5,4,1011,4,1012,2,7,2,7,2,7,2,7,4,1017,0,0,0,0,0,4,23.550000000000001,3.4300000000000006,27.00876503045971,5.2282817647774884,30.625837019236705,5.5631323867153704,32.619999999999997,9.25,-0.00054017530060573166,-0.00010456563529501195,-0.00061251674038578785,-0.00011126264773586581,0.7335049006202502,0,0.46615700730210374,0,0,0.7335049006202502,0,0.46615700730210374,0.46615700730210374,0,0.6699190814777477,0,0,0.46615700730210374,0,0.6699190814777477,0,6,11,0,4,34,10.600000000000001,39.40954406439657,12.11351305741143,40.85122489166541,17.779736418506985,45.240000000000002,20.620000000000001,-0.00078819088128225662,-0.00024227026114172212,-0.00081702449782833364,-0.00035559472837348727,0.92310685442729778,0,0.64763064790265112,0,0,0.92310685442729778,0,0.64763064790265112,0.64763064790265112,0,0.77000073241142608,0,0,0.64763064790265112,0,0.77000073241142608,0,12,17,0,0,0,9,0,1,20,0,2,0,2,2,0,23,2,0,2,3,3,0,26,0,4,3,4,4,0,29,4,5,4,5,5,0,32,5,6,5,6,5,1,38,6,11,6,11,11,0,50,11,12,11,12,7,1,56,12,17,12,17,17,0,68,17,0,17,0,9,0,0,117,0,17,0,1,7,2,123,17,0,1,3,7,2,129,0,12,3,6,6,0,135,12,11,6,7,5,2,141,11,6,7,12,12,0,153,6,5,12,13,13,0,156,5,4,13,14,9,1,162,4,2,14,16,16,0,165,2,0,16,0,1.6089369504973696,8,-0.00054017530060573166,-0.00010456563529501195,-0.00061251674038578785,-0.00011126264773586581,-0.00078819088128225662,-0.00024227026114172212,-0.00081702449782833364,-0.00035559472837348727,8,4,0,0.7335049006202502,1,0,2,0.46615700730210374,3,0,3,1,0.7335049006202502,2,0,3,0.46615700730210374,2,2,0.6699190814777477,3,0,1,3,0.6699190814777477,4,4,0.92310685442729778,5,0,6,0.64763064790265112,7,0,3,5,0.92310685442729778,6,0,7,0.64763064790265112,2,6,0.77000073241142608,7,0,1,7,0.77000073241142608,0.20000000000000001,-0.10000000000000001,0.25,-0.050000000000000003,0.30000000000000004,0,-0.30000000000000004,0.050000000000000003,0,0,0,0,0,0,4,4,8,8,8,23.550000000000001,3.4300000000000006,26.80876503045971,5.328281764777488,30.375837019236705,5.6131323867153702,32.619999999999997,9.25,34,10.600000000000001,39.109544064396573,12.11351305741143,41.151224891665407,17.729736418506985,45.240000000000002,20.620000000000001,1.6938039492752848
optimize,11,19,3,0.02,1.9000000000000001,0.5,11,0.5,30,30,5,1000,50.009999999999998,30.001999999999999,0,1001,50.020000000000003,50.008000000000003,1,1002,30.030000000000001,50.018000000000001,2,1003,30.039999999999999,30.032,3,1004,50.049999999999997,30.050000000000001,4,1005,50.060000000000002,50.072000000000003,5,1006,30.07,50.097999999999999,0,1007,30.079999999999998,30.128,1,1008,50.090000000000003,30.161999999999999,2,1009,50.100000000000001,50.200000000000003,3,1010,30.109999999999999,50.241999999999997,4,1011,30.120000000000001,30.288,5,1012,50.130000000000003,30.338000000000001,0,1013,50.140000000000001,50.392000000000003,1,1014,30.149999999999999,50.450000000000003,2,1015,30.16,30.512,3,1016,50.170000000000002,30.577999999999999,4,1017,50.18,50.648000000000003,5,1018,19,0,1,2,3,4,5,6,7,8,9,10,11,12,13,14,15,16,17,18,17,20,23,26,29,32,35,38,41,44,47,50,53,56,59,62,65,68,71,0,1,0,2,0,2,0,2,1,2,0,2,0,2,0,1,0,2,0,18,0,18,17,16,15,14,13,12,11,10,9,8,7,6,5,4,3,2,117,120,123,126,129,132,135,138,141,144,147,150,153,156,159,162,165,168,0,2,0,1,0,2,0,2,0,2,1,2,0,2,0,2,0,1,17,2,3,4,5,6,7,8,9,10,11,12,13,14,15,16,17,18,217,220,223,226,229,232,235,238,241,244,247,250,253,256,259,262,265,0,2,0,2,0,1,0,2,0,2,0,2,1,2,0,2,0,19,0,5,1000,5,1001,5,1002,5,1003,4,1004,4,1005,5,1006,5,1007,5,1008,5,1009,4,1010,4,1011,5,1012,5,1013,5,1014,5,1015,4,1016,4,1017,5,1018,0,0,0,0,0,0,0,0,0,0,0,0,0,0,0,0,0,0,0,19,0,0,17,0,1,0,1,1,0,20,1,2,1,2,2,0,23,2,3,2,3,3,0,26,3,4,3,4,4,0,29,4,5,4,5,5,0,32,5,6,5,6,6,0,35,6,7,6,7,7,0,38,7,8,7,8,8,0,41,8,9,8,9,9,0,44,9,10,9,10,10,0,47,10,11,10,11,11,0,50,11,12,11,12,12,0,53,12,13,12,13,13,0,56,13,14,13,14,14,0,59,14,15,14,15,15,0,62,15,16,15,16,16,0,65,16,17,16,17,17,0,68,17,18,17,18,18,0,71,18,0,18,0,18,0,0,117,0,18,0,1,1,0,120,18,17,1,2,2,0,123,17,16,2,3,3,0,126,16,15,3,4,4,0,129,15,14,4,5,5,0,132,14,13,5,6,6,0,135,13,12,6,7,7,0,138,12,11,7,8,8,0,141,11,10,8,9,9,0,144,10,9,9,10,10,0,147,9,8,10,11,11,0,150,8,7,11,12,12,0,153,7,6,12,13,13,0,156,6,5,13,14,14,0,159,5,4,14,15,15,0,162,4,3,15,16,16,0,165,3,2,16,17,17,0,168,2,0,17,0,17,0,0,217,2,3,0,1,1,0,220,3,4,1,2,2,0,223,4,5,2,3,3,0,226,5,6,3,4,4,0,229,6,7,4,5,5,0,232,7,8,5,6,6,0,235,8,9,6,7,7,0,238,9,10,7,8,8,0,241,10,11,8,9,9,0,244,11,12,9,10,10,0,247,12,13,10,11,11,0,250,13,14,11,12,12,0,253,14,15,12,13,13,0,256,15,16,13,14,14,0,259,16,17,14,15,15,0,262,17,18,15,16,16,0,265,18,2,16,0,0,0,0,0,0,0,0,0,0,0,0,0,0,0,0,0,0,0,0,0,0,0,0
optimize,12,20,1,0.0050000000000000001,2.2999999999999998,0.75,12,10,13.550000000000001,0.39000000000000001,0,1000,14.93,0.20000000000000001,1,1001,16.309999999999999,1.3200000000000001,2,1002,19.859999999999999,1.4100000000000001,3,1003,21.239999999999998,1.6400000000000001,4,1004,22.620000000000001,2.0100000000000002,5,1005,24,2.5200000000000005,0,1006,27.550000000000001,4.3399999999999999,1,1007,28.93,5.1300000000000008,2,1008,30.309999999999999,6.0600000000000005,3,1009,33.859999999999999,7.1300000000000008,4,1010,35.240000000000002,9.5100000000000016,5,1011,36.619999999999997,10.860000000000001,0,1012,38,12.350000000000001,1,1013,41.549999999999997,13.98,2,1014,42.93,15.750000000000002,3,1015,44.310000000000002,18.830000000000002,4,1016,47.859999999999999,20.879999999999999,5,1017,49.240000000000002,23.070000000000004,0,1018,50.619999999999997,25.400000000000002,1,1019,20,0,1,2,3,4,5,6,7,8,9,10,11,12,13,14,15,16,17,18,19,17,20,23,26,29,32,35,38,41,44,47,50,53,56,59,62,65,68,71,74,0,2,0,1,0,2,0,2,0,2,1,2,0,2,0,2,0,1,0,2,7,10,5,1000,2,1,2,1,4,1003,4,1004,2,3,2,3,2,3,2,3,4,1009,4,1010,2,5,2,5,2,5,2,5,4,1015,4,1016,2,0,2,0,2,0,2,44.310000000000002,18.830000000000002,61.180749294452298,33.722176035812872,50.927415961118953,27.575509369146204,13.549999999999983,0.39000000000000057,-0.0013923224788403854,-0.00082336528107945783,0.29778863053236987,0,0,0.29778863053236987,0,16,20,0,0,4,21.239999999999998,1.6400000000000001,24.550442302435009,2.3905426912651797,27.510080095156251,4.203195127748752,30.309999999999999,6.0600000000000005,-0.00049100884604528594,-4.78108538253183e-005,-0.00055020160190657075,-8.4063902555185643e-005,0.67423790622522306,0,0.41770853199446945,0,0,0.67423790622522306,0,0.41770853199446945,0.41770853199446945,0,0.69735179991567287,0,0,0.41770853199446945,0,0.69735179991567287,0,4,9,0,4,33.859999999999999,7.1300000000000008,35.169716707494707,11.820561099603264,40.450679700797146,12.344897734233243,42.93,15.750000000000002,-0.00070339433413403596,-0.00023641122199156289,-0.00080901359401400197,-0.00024689795469032272,0.9723018424005756,0,0.64228095782618599,0,0,0.9723018424005756,0,0.64228095782618599,0.64228095782618599,0,0.71073993802217095,0,0,0.64228095782618599,0,0.71073993802217095,0,10,15,0,7,1,1,20,0,3,0,3,3,0,26,3,4,3,4,3,1,32,4,9,4,9,9,0,44,9,10,9,10,5,1,50,10,15,10,15,15,0,62,15,16,15,16,0,1,68,16,0,16,0,1.8110818256000016,10,-0.0013923224788403854,-0.00082336528107945783,-0.00049100884604528594,-4.78108538253183e-005,-0.00055020160190657075,-8.4063902555185643e-005,-0.00070339433413403596,-0.00023641122199156289,-0.00080901359401400197,-0.00024689795469032272,10,2,0,0.29778863053236987,1,0,1,1,0.29778863053236987,4,2,0.67423790622522306,3,0,4,0.41770853199446945,5,0,3,3,0.67423790622522306,4,0,5,0.41770853199446945,2,4,0.69735179991567287,5,0,1,5,0.69735179991567287,4,6,0.9723018424005756,7,0,8,0.64228095782618599,9,0,3,7,0.9723018424005756,8,0,9,0.64228095782618599,2,8,0.71073993802217095,9,0,1,9,0.71073993802217095,0.30000000000000004,0,-0.30000000000000004,0.050000000000000003,-0.25,0.10000000000000001,-0.20000000000000001,0.15000000000000002,-0.15000000000000002,0.20000000000000001,0,2,2,2,6,6,10,44.310000000000002,18.830000000000002,60.980749294452295,33.722176035812879,50.72741596111895,27.575509369146218,13.549999999999983,0.39000000000001478,21.239999999999998,1.6400000000000001,24.85044230243501,2.3405426912651799,27.760080095156251,4.1031951277487524,30.309999999999999,6.0600000000000005,33.859999999999999,7.1300000000000008,35.36971670749471,11.670561099603264,40.600679700797144,12.144897734233243,42.93,15.750000000000002,2.0054579665417531
optimize,13,21,2,0.01,2.7000000000000002,0.5,0,10,14.859999999999999,0.52000000000000002,1,1000,16.239999999999998,0.33000000000000002,2,1001,17.620000000000001,0.28000000000000003,3,1002,19,1.54,4,1003,22.550000000000001,1.77,5,1004,23.93,2.1400000000000001,0,1005,25.309999999999999,2.6500000000000004,1,1006,28.859999999999999,4.4700000000000006,2,1007,30.239999999999998,5.2600000000000007,3,1008,31.620000000000001,6.1900000000000013,4,1009,33,7.2600000000000007,5,1010,36.549999999999997,8.4700000000000006,0,1011,37.93,10.990000000000002,1,1012,39.310000000000002,12.480000000000002,2,1013,42.859999999999999,14.110000000000001,3,1014,44.240000000000002,15.880000000000003,4,1015,45.619999999999997,18.960000000000001,5,1016,47,21.010000000000002,0,1017,50.549999999999997,23.200000000000003,1,1018,51.93,25.530000000000005,2,1019,53.310000000000002,28.000000000000004,3,1020,21,0,1,2,3,4,5,6,7,8,9,10,11,12,13,14,15,16,17,18,19,20,17,20,23,26,29,32,35,38,41,44,47,50,53,56,59,62,65,68,71,74,77,0,2,0,2,0,1,0,2,0,2,0,2,1,2,0,2,0,2,0,1,0,20,0,20,19,18,17,16,15,14,13,12,11,10,9,8,7,6,5,4,3,2,117,120,123,126,129,132,135,138,141,144,147,150,153,156,159,162,165,168,171,174,1,2,0,2,0,2,0,1,0,2,0,2,0,2,1,2,0,2,0,2,22,0,5,1000,5,1001,4,1002,4,1003,5,1004,5,1005,5,1006,5,1007,4,1008,4,1009,5,1010,5,1011,5,1012,5,1013,4,1014,4,1015,5,1016,5,1017,5,1018,5,1019,4,1020,0,0,0,0,0,0,0,0,0,0,0,0,0,0,0,0,0,0,0,0,0,0,21,0,0,17,0,1,0,1,1,0,20,1,2,1,2,2,0,23,2,3,2,3,3,0,26,3,4,3,4,4,0,29,4,5,4,5,5,0,32,5,6,5,6,6,0,35,6,7,6,7,7,0,38,7,8,7,8,8,0,41,8,9,8,9,9,0,44,9,10,9,10,10,0,47,10,11,10,11,11,0,50,11,12,11,12,12,0,53,12,13,12,13,13,0,56,13,14,13,14,14,0,59,14,15,14,15,15,0,62,15,16,15,16,16,0,65,16,17,16,17,17,0,68,17,18,17,18,18,0,71,18,19,18,19,19,0,74,19,20,19,20,20,0,77,20,0,20,0,20,0,0,117,0,20,0,1,1,0,120,20,19,1,2,2,0,123,19,18,2,3,3,0,126,18,17,3,4,4,0,129,17,16,4,5,5,0,132,16,15,5,6,6,0,135,15,14,6,7,7,0,138,14,13,7,8,8,0,141,13,12,8,9,9,0,144,12,11,9,10,10,0,147,11,10,10,11,11,0,150,10,9,11,12,12,0,153,9,8,12,13,13,0,156,8,7,13,14,14,0,159,7,6,14,15,15,0,162,6,5,15,16,16,0,165,5,4,16,17,17,0,168,4,3,17,18,18,0,171,3,2,18,19,19,0,174,2,0,19,0,0,0,0,0,0,0,0,0,0,0,0,0,0,0,0,0,0,0,0,0,0,0,0,0,0,0
optimize,14,22,3,0.014999999999999999,0.29999999999999999,0.5,1,10,14,0.65000000000000002,2,1000,17.550000000000001,0.46000000000000002,3,1001,18.93,0.41000000000000003,4,1002,20.309999999999999,1.6700000000000002,5,1003,23.859999999999999,1.9000000000000001,0,1004,25.239999999999998,2.2700000000000005,1,1005,26.620000000000001,2.7800000000000002,2,1006,28,3.4300000000000002,3,1007,31.550000000000001,5.3900000000000006,4,1008,32.93,6.3200000000000012,5,1009,34.310000000000002,7.3900000000000006,0,1010,37.859999999999999,8.6000000000000014,1,1011,39.240000000000002,11.120000000000001,2,1012,40.619999999999997,12.610000000000001,3,1013,42,14.24,4,1014,45.549999999999997,16.010000000000002,5,1015,46.93,17.920000000000002,0,1016,48.310000000000002,21.140000000000001,1,1017,51.859999999999999,23.330000000000002,2,1018,53.240000000000002,25.660000000000004,3,1019,54.619999999999997,28.130000000000003,4,1020,56,31.910000000000004,5,1021,22,0,1,2,3,4,5,6,7,8,9,10,11,12,13,14,15,16,17,18,19,20,21,17,20,23,26,29,32,35,38,41,44,47,50,53,56,59,62,65,68,71,74,77,80,1,2,0,2,0,2,0,1,0,2,0,2,0,2,1,2,0,2,0,2,0,1,21,0,21,20,19,18,17,16,15,14,13,12,11,10,9,8,7,6,5,4,3,2,117,120,123,126,129,132,135,138,141,144,147,150,153,156,159,162,165,168,171,174,177,0,2,1,2,0,2,0,2,0,1,0,2,0,2,0,2,1,2,0,2,0,20,2,3,4,5,6,7,8,9,10,11,12,13,14,15,16,17,18,19,20,21,217,220,223,226,229,232,235,238,241,244,247,250,253,256,259,262,265,268,271,274,0,2,0,2,1,2,0,2,0,2,0,1,0,2,0,2,0,2,1,2,20,0,5,1000,4,1001,4,1002,5,1003,5,1004,2,6,5,1006,4,1007,4,1008,2,9,5,1010,5,1011,5,1012,4,1013,4,1014,5,1015,5,1016,5,1017,5,1018,4,1019,4,1020,5,1021,0,0,0,0,0,0,0,0,0,0,0,0,0,0,0,0,0,0,0,0,20,0,0,17,0,1,0,1,1,0,20,1,2,1,2,2,0,23,2,3,2,3,3,0,26,3,4,3,4,6,1,32,4,6,4,6,6,0,35,6,7,6,7,7,0,38,7,8,7,8,9,1,44,8,10,8,10,10,0,47,10,11,10,11,11,0,50,11,12,11,12,12,0,53,12,13,12,13,13,0,56,13,14,13,14,14,0,59,14,15,14,15,15,0,62,15,16,15,16,16,0,65,16,17,16,17,17,0,68,17,18,17,18,18,0,71,18,19,18,19,19,0,74,19,20,19,20,20,0,77,20,21,20,21,21,0,80,21,0,21,0,19,0,0,117,0,21,0,1,1,0,120,21,20,1,2,2,0,123,20,19,2,3,3,0,126,19,18,3,4,4,0,129,18,17,4,5,5,0,132,17,16,5,6,6,0,135,16,15,6,7,7,0,138,15,14,7,8,8,0,141,14,13,8,9,9,0,144,13,12,9,10,10,0,147,12,11,10,11,11,0,150,11,10,11,12,9,2,156,10,8,12,14,14,0,159,8,7,14,15,15,0,162,7,6,15,16,6,2,168,6,4,16,18,18,0,171,4,3,18,19,19,0,174,3,2,19,20,20,0,177,2,0,20,0,18,0,0,217,2,3,0,1,1,0,220,3,4,1,2,6,1,226,4,6,2,4,4,0,229,6,7,4,5,5,0,232,7,8,5,6,9,1,238,8,10,6,8,8,0,241,10,11,8,9,9,0,244,11,12,9,10,10,0,247,12,13,10,11,11,0,250,13,14,11,12,12,0,253,14,15,12,13,13,0,256,15,16,13,14,14,0,259,16,17,14,15,15,0,262,17,18,15,16,16,0,265,18,19,16,17,17,0,268,19,20,17,18,18,0,271,20,21,18,19,19,0,274,21,2,19,0,0,0,0,0,0,0,0,0,0,0,0,0,0,0,0,0,0,0,0,0,0,0,0,0
optimize,15,23,1,0.02,0.69999999999999996,0.75,2,0.25,15.31,0.78000000000000003,3,1000,18.859999999999999,0.59000000000000008,4,1001,20.239999999999998,0.54000000000000004,5,1002,21.620000000000001,0.63000000000000012,0,1003,23,2.0300000000000002,1,1004,26.550000000000001,2.4000000000000004,2,1005,27.93,2.9100000000000006,3,1006,29.309999999999999,3.5600000000000001,4,1007,32.859999999999999,5.5200000000000005,5,1008,34.240000000000002,6.4500000000000011,0,1009,35.619999999999997,7.5200000000000014,1,1010,37,8.7300000000000004,2,1011,40.549999999999997,10.080000000000002,3,1012,41.93,12.740000000000002,4,1013,43.310000000000002,14.370000000000001,5,1014,46.859999999999999,16.140000000000001,0,1015,48.240000000000002,18.050000000000001,1,1016,49.619999999999997,21.27,2,1017,51,23.460000000000004,3,1018,54.549999999999997,25.790000000000003,4,1019,55.93,28.260000000000005,5,1020,57.310000000000002,30.870000000000005,0,1021,60.859999999999999,34.789999999999999,1,1022,23,0,1,2,0,4,5,6,7,8,9,10,11,12,13,14,15,16,17,18,19,20,21,22,17,20,23,26,29,32,35,38,41,44,47,50,53,56,59,62,65,68,71,74,77,80,83,0,2,1,2,0,2,0,2,0,1,0,2,0,2,0,2,1,2,0,2,0,2,0,16,2,4,1000,4,1001,5,1002,0,1003,2,3,2,3,4,1006,4,1007,2,5,2,5,2,5,5,1011,4,1012,4,1013,5,1014,5,1015,2,10,5,1017,4,1018,4,1019,2,13,2,13,5,1022,0,0,0,0,0,2,29.309999999999999,3.5600000000000001,32.150482620082229,4.8811629591719985,34.713815953415562,6.6044962925053321,37,8.7300000000000022,-0.00067141447860146093,-0.00011083488877176276,1.1330324303422634,0,0,1.1330324303422634,0,7,11,0,0,0,0,0,0,0,0,0,0,15,0,0,17,0,1,0,1,1,0,20,1,2,1,2,2,0,23,2,0,2,3,3,1,29,0,6,3,6,6,0,35,6,7,6,7,5,1,41,7,11,7,11,11,0,50,11,12,11,12,12,0,53,12,13,12,13,13,0,56,13,14,13,14,14,0,59,14,15,14,15,10,1,65,15,17,15,17,17,0,68,17,18,17,18,18,0,71,18,19,18,19,13,1,77,19,22,19,22,22,0,83,22,0,22,0,0.00012584274002593233,2,-0.00067141447860146093,-0.00011083488877176276,2,2,0,1.1330324303422634,1,0,1,1,1.1330324303422634,-0.20000000000000001,0.15000000000000002,0,0,0,0,0,0,2,2,2,2,2,2,2,2,2,2,29.309999999999999,3.5600000000000001,32.283815953415562,4.781162959171998,34.847149286748902,6.5044962925053325,37.000000000000028,8.7300000000000022,0.035415136025820963
optimize,16,24,2,0.0050000000000000001,1.1000000000000001,0.5,3,10,16.620000000000001,0.91000000000000003,4,1000,18,0.71999999999999997,5,1001,21.550000000000001,0.67000000000000004,0,1002,22.93,0.76000000000000012,1,1003,24.309999999999999,2.1600000000000001,2,1004,27.859999999999999,2.5300000000000002,3,1005,29.239999999999998,3.0400000000000005,4,1006,30.620000000000001,3.6900000000000004,5,1007,32,4.4800000000000004,0,1008,35.549999999999997,6.580000000000001,1,1009,36.93,7.6500000000000012,2,1010,38.310000000000002,8.8600000000000012,3,1011,41.859999999999999,10.210000000000003,4,1012,43.240000000000002,12.870000000000001,5,1013,44.619999999999997,14.5,0,1014,46,16.270000000000003,1,1015,49.549999999999997,18.180000000000003,2,1016,50.93,20.23,3,1017,52.310000000000002,23.590000000000003,4,1018,55.859999999999999,25.920000000000002,5,1019,57.240000000000002,28.390000000000004,0,1020,58.619999999999997,31.000000000000004,1,1021,60,34.920000000000002,2,1022,63.549999999999997,37.810000000000002,3,1023,24,0,1,2,3,4,5,6,7,8,9,10,11,12,13,14,15,16,17,18,19,20,21,22,23,17,20,23,26,29,32,35,38,41,44,47,50,53,56,59,62,65,68,71,74,77,80,83,86,0,2,0,2,1,2,0,2,0,2,0,1,0,2,0,2,0,2,1,2,0,2,0,2,23,0,23,22,21,20,19,18,17,16,15,14,13,12,11,10,9,8,7,6,5,4,3,2,117,120,123,126,129,132,135,138,141,144,147,150,153,156,159,162,165,168,171,174,177,180,183,0,2,0,2,0,2,1,2,0,2,0,2,0,1,0,2,0,2,0,2,1,2,0,11,8,4,1000,2,0,2,0,5,1003,2,1,4,1005,4,1006,2,3,2,3,2,3,2,3,4,1011,4,1012,2,5,2,5,2,5,5,1016,4,1017,4,1018,2,8,2,8,2,8,5,1022,4,1023,0,0,0,4,29.239999999999998,3.0400000000000005,32.465211154831302,4.6208666770545044,35.711093253811335,6.3326974875602797,38.310000000000002,8.8600000000000012,-0.00064930422309506777,-9.241733354085728e-005,-0.00071422186507406242,-0.00012665394975168789,0.68534750003489331,0,0.43275415964316588,0,0,0.68534750003489331,0,0.43275415964316588,0.43275415964316588,0,0.7091799856256692,0,0,0.43275415964316588,0,0.7091799856256692,0,6,11,0,2,41.859999999999999,10.210000000000003,43.346784669736223,13.950823801125917,45.910118003069556,16.607490467792584,49.549999999999997,18.18,-0.00088180354008146611,-0.00031642471403309225,1.2078066949547961,0,0,1.2078066949547961,0,12,16,0,0,2,52.310000000000002,23.590000000000003,56.470219206859021,26.116709646536407,59.033552540192353,29.893376313203074,60,34.920000000000002,-0.0011710065762001454,-0.00054760128938169395,1.195253520343486,0,0,1.195253520343486,0,18,22,0,0,11,0,1,20,0,3,0,3,1,1,29,3,5,3,5,5,0,32,5,6,5,6,3,1,38,6,11,6,11,11,0,50,11,12,11,12,5,1,56,12,16,12,16,16,0,65,16,17,16,17,17,0,68,17,18,17,18,8,1,74,18,22,18,22,22,0,83,22,23,22,23,23,0,86,23,0,23,0,11,0,0,117,0,23,0,1,1,0,120,23,22,1,2,8,2,126,22,18,2,6,6,0,135,18,17,6,7,7,0,138,17,16,7,8,5,2,144,16,12,8,12,12,0,153,12,11,12,13,3,2,159,11,6,13,18,18,0,171,6,5,18,19,1,2,177,5,3,19,21,0,2,183,3,0,21,0,0.26049644576573616,8,-0.00064930422309506777,-9.241733354085728e-005,-0.00071422186507406242,-0.00012665394975168789,-0.00088180354008146611,-0.00031642471403309225,-0.0011710065762001454,-0.00054760128938169395,8,4,0,0.68534750003489331,1,0,2,0.43275415964316588,3,0,3,1,0.68534750003489331,2,0,3,0.43275415964316588,2,2,0.7091799856256692,3,0,1,3,0.7091799856256692,2,4,1.2078066949547961,5,0,1,5,1.2078066949547961,2,6,1.195253520343486,7,0,1,7,1.195253520343486,-0.15000000000000002,0.20000000000000001,-0.10000000000000001,0.25,-0.050000000000000003,0.30000000000000004,0,-0.30000000000000004,0,0,0,0,4,4,6,6,6,8,8,29.239999999999998,3.0400000000000005,32.6152111548313,4.4208666770545042,35.811093253811336,6.0826974875602797,38.310000000000002,8.8600000000000012,41.859999999999999,10.210000000000003,43.380118003069555,13.750823801125916,45.943451336402887,16.407490467792577,49.549999999999997,18.179999999999986,52.310000000000002,23.590000000000003,56.470219206859021,26.316709646536406,59.033552540192353,30.09337631320307,60,34.920000000000002,0.44516411653924753
optimize,17,25,3,0.01,1.5000000000000002,0.5,4,10,30,30,5,1000,50.009999999999998,30.001999999999999,0,1001,50.020000000000003,50.008000000000003,1,1002,30.030000000000001,50.018000000000001,2,1003,30.039999999999999,30.032,3,1004,50.049999999999997,30.050000000000001,4,1005,50.060000000000002,50.072000000000003,5,1006,30.07,50.097999999999999,0,1007,30.079999999999998,30.128,1,1008,50.090000000000003,30.161999999999999,2,1009,50.100000000000001,50.200000000000003,3,1010,30.109999999999999,50.241999999999997,4,1011,30.120000000000001,30.288,5,1012,50.130000000000003,30.338000000000001,0,1013,50.140000000000001,50.392000000000003,1,1014,30.149999999999999,50.450000000000003,2,1015,30.16,30.512,3,1016,50.170000000000002,30.577999999999999,4,1017,50.18,50.648000000000003,5,1018,30.190000000000001,50.722000000000001,0,1019,30.199999999999999,30.800000000000001,1,1020,50.210000000000001,30.882000000000001,2,1021,50.219999999999999,50.968000000000004,3,1022,30.23,51.058,4,1023,30.239999999999998,31.152000000000001,5,1024,25,0,1,2,3,4,5,6,7,8,9,10,11,12,13,14,15,16,17,18,19,20,21,22,23,24,17,20,23,26,29,32,35,38,41,44,47,50,53,56,59,62,65,68,71,74,77,80,83,86,89,0,2,0,2,0,2,1,2,0,2,0,2,0,1,0,2,0,2,0,2,1,2,0,2,0,24,0,24,23,22,21,20,19,18,17,16,15,14,13,12,11,10,9,8,7,6,5,4,3,2,117,120,123,126,129,132,135,138,141,144,147,150,153,156,159,162,165,168,171,174,177,180,183,186,0,1,0,2,0,2,0,2,1,2,0,2,0,2,0,1,0,2,0,2,0,2,1,2,23,2,3,4,5,6,7,8,9,10,11,12,13,14,15,16,17,18,19,20,21,22,23,24,217,220,223,226,229,232,235,238,241,244,247,250,253,256,259,262,265,268,271,274,277,280,283,0,2,0,1,0,2,0,2,0,2,1,2,0,2,0,2,0,1,0,2,0,2,0,24,0,5,1000,5,1001,5,1002,5,1003,4,1004,4,1005,5,1006,5,1007,5,1008,5,1009,4,1010,4,1011,5,1012,5,1013,5,1014,5,1015,4,1016,4,1017,5,1018,5,1019,5,1020,5,1021,4,1022,4,1023,2,0,0,0,0,0,0,0,0,0,0,0,0,0,0,0,0,0,0,0,0,0,0,0,0,0,24,0,0,17,0,1,0,1,1,0,20,1,2,1,2,2,0,23,2,3,2,3,3,0,26,3,4,3,4,4,0,29,4,5,4,5,5,0,32,5,6,5,6,6,0,35,6,7,6,7,7,0,38,7,8,7,8,8,0,41,8,9,8,9,9,0,44,9,10,9,10,10,0,47,10,11,10,11,11,0,50,11,12,11,12,12,0,53,12,13,12,13,13,0,56,13,14,13,14,14,0,59,14,15,14,15,15,0,62,15,16,15,16,16,0,65,16,17,16,17,17,0,68,17,18,17,18,18,0,71,18,19,18,19,19,0,74,19,20,19,20,20,0,77,20,21,20,21,21,0,80,21,22,21,22,22,0,83,22,23,22,23,0,1,89,23,0,23,0,23,0,2,120,0,23,0,2,2,0,123,23,22,2,3,3,0,126,22,21,3,4,4,0,129,21,20,4,5,5,0,132,20,19,5,6,6,0,135,19,18,6,7,7,0,138,18,17,7,8,8,0,141,17,16,8,9,9,0,144,16,15,9,10,10,0,147,15,14,10,11,11,0,150,14,13,11,12,12,0,153,13,12,12,13,13,0,156,12,11,13,14,14,0,159,11,10,14,15,15,0,162,10,9,15,16,16,0,165,9,8,16,17,17,0,168,8,7,17,18,18,0,171,7,6,18,19,19,0,174,6,5,19,20,20,0,177,5,4,20,21,21,0,180,4,3,21,22,22,0,183,3,2,22,23,23,0,186,2,0,23,0,22,0,0,217,2,3,0,1,1,0,220,3,4,1,2,2,0,223,4,5,2,3,3,0,226,5,6,3,4,4,0,229,6,7,4,5,5,0,232,7,8,5,6,6,0,235,8,9,6,7,7,0,238,9,10,7,8,8,0,241,10,11,8,9,9,0,244,11,12,9,10,10,0,247,12,13,10,11,11,0,250,13,14,11,12,12,0,253,14,15,12,13,13,0,256,15,16,13,14,14,0,259,16,17,14,15,15,0,262,17,18,15,16,16,0,265,18,19,16,17,17,0,268,19,20,17,18,18,0,271,20,21,18,19,19,0,274,21,22,19,20,20,0,277,22,23,20,21,0,1,283,23,2,21,0,0,0,0,0,0,0,0,0,0,0,0,0,0,0,0,0,0,0,0,0,0,0,0,0,0,0,0,0
optimize,18,26,1,0.014999999999999999,1.9000000000000001,0.75,5,10,19.239999999999998,0,0,1000,20.620000000000001,0.97999999999999998,1,1001,22,0.93000000000000005,2,1002,25.550000000000001,1.02,3,1003,26.93,1.25,4,1004,28.309999999999999,2.79,5,1005,31.859999999999999,3.3000000000000007,0,1006,33.240000000000002,3.9500000000000002,1,1007,34.619999999999997,4.7400000000000002,2,1008,36,5.6700000000000008,3,1009,39.549999999999997,7.910000000000001,4,1010,40.93,9.120000000000001,5,1011,42.310000000000002,10.470000000000002,0,1012,45.859999999999999,11.960000000000003,1,1013,47.240000000000002,14.760000000000002,2,1014,48.619999999999997,16.530000000000001,3,1015,50,18.440000000000001,4,1016,53.549999999999997,20.490000000000002,5,1017,54.93,22.680000000000003,0,1018,56.310000000000002,26.180000000000003,1,1019,59.859999999999999,28.650000000000002,2,1020,61.240000000000002,31.260000000000005,3,1021,62.619999999999997,34.010000000000005,4,1022,64,38.07,5,1023,67.549999999999997,41.100000000000009,0,1024,68.930000000000007,44.27000000000001,1,1025,26,0,1,2,3,4,5,6,7,8,9,10,11,12,13,14,15,16,17,18,19,20,21,22,23,24,25,17,20,23,26,29,32,35,38,41,44,47,50,53,56,59,62,65,68,71,74,77,80,83,86,89,92,0,1,0,2,0,2,0,2,1,2,0,2,0,2,0,1,0,2,0,2,0,2,1,2,0,2,11,12,2,2,2,2,2,2,4,1003,4,1004,2,4,2,4,2,4,2,4,4,1009,4,1010,2,6,2,6,2,6,2,6,4,1015,4,1016,2,8,2,8,2,8,5,1020,4,1021,4,1022,2,0,5,1024,5,1025,0,0,2,68.930000000000007,44.27000000000001,13.066989857984822,11.889615779704442,-1.3930101420151857,-2.5270508869622219,25.549999999999983,1.0200000000000173,0.00029729030426225295,8.6011526621514178e-005,0.10290866315067715,0,0,0.10290866315067715,0,25,29,0,4,26.93,1.25,28.889650538900899,4.391844270734091,33.643769514726884,2.5825245327313842,36,5.6700000000000008,-0.00057779301077783007,-8.7836885415016469e-005,-0.00067287539029906723,-5.1650490654087111e-005,0.61387441204740711,0,0.56888289373559708,0,0,0.61387441204740711,0,0.56888289373559708,0.56888289373559708,0,0.96468923943507512,0,0,0.56888289373559708,0,0.96468923943507512,0,4,9,0,4,39.549999999999997,7.910000000000001,42.682426931419343,11.160276037079685,47.023989262474373,11.868786678286355,48.619999999999997,16.530000000000001,-0.000853648538632297,-0.00022320552074381328,-0.0009404797852541058,-0.0002373757335656923,0.77211656235654869,0,0.49869702498770335,0,0,0.77211656235654869,0,0.49869702498770335,0.49869702498770335,0,0.68562416909570001,0,0,0.49869702498770335,0,0.68562416909570001,0,10,15,0,2,50,18.440000000000001,53.612486269306871,21.510450761073887,56.89915293597354,24.91378409440722,59.860000000000014,28.649999999999991,-0.0011083745880323681,-0.00046091352283117448,1.1554960161705785,0,0,1.1554960161705785,0,16,20,0,0,11,2,1,17,25,3,25,3,3,0,26,3,4,3,4,4,1,32,4,9,4,9,9,0,44,9,10,9,10,6,1,50,10,15,10,15,15,0,62,15,16,15,16,8,1,68,16,20,16,20,20,0,77,20,21,20,21,21,0,80,21,22,21,22,0,1,86,22,24,22,24,24,0,89,24,25,24,25,3.3135465119692564,12,0.00029729030426225295,8.6011526621514178e-005,-0.00057779301077783007,-8.7836885415016469e-005,-0.00067287539029906723,-5.1650490654087111e-005,-0.000853648538632297,-0.00022320552074381328,-0.0009404797852541058,-0.0002373757335656923,-0.0011083745880323681,-0.00046091352283117448,12,2,0,0.10290866315067715,1,0,1,1,0.10290866315067715,4,2,0.61387441204740711,3,0,4,0.56888289373559708,5,0,3,3,0.61387441204740711,4,0,5,0.56888289373559708,2,4,0.96468923943507512,5,0,1,5,0.96468923943507512,4,6,0.77211656235654869,7,0,8,0.49869702498770335,9,0,3,7,0.77211656235654869,8,0,9,0.49869702498770335,2,8,0.68562416909570001,9,0,1,9,0.68562416909570001,2,10,1.1554960161705785,11,0,1,11,1.1554960161705785,-0.050000000000000003,0.30000000000000004,0,-0.30000000000000004,0.050000000000000003,-0.25,0.10000000000000001,-0.20000000000000001,0.15000000000000002,-0.15000000000000002,0.20000000000000001,-0.10000000000000001,0,0,0,2,2,6,6,10,10,12,12,68.930000000000007,44.27000000000001,13.100323191318154,11.689615779704447,-1.3596768086818543,-2.7270508869622141,25.549999999999983,1.020000000000028,26.93,1.25,28.889650538900899,4.6918442707340908,33.593769514726887,2.8325245327313842,36,5.6700000000000008,39.549999999999997,7.910000000000001,42.582426931419342,11.360276037079684,46.873989262474375,12.018786678286355,48.619999999999997,16.530000000000001,50,18.440000000000001,53.479152935973538,21.577117427740554,56.765819602640207,24.980450761073886,59.860000000000014,28.649999999999991,3.5063104794474542
optimize,19,27,2,0.02,2.2999999999999998,0.5,6,1.25,20.550000000000001,0.13,1,1000,21.93,1.1100000000000001,2,1001,23.309999999999999,1.0600000000000001,3,1002,26.859999999999999,1.1500000000000001,4,1003,28.239999999999998,1.3800000000000001,5,1004,29.620000000000001,1.7500000000000002,0,1005,31,3.4300000000000006,1,1006,34.549999999999997,4.0800000000000001,2,1007,35.93,4.8700000000000001,3,1008,37.310000000000002,5.8000000000000007,4,1009,40.859999999999999,8.0400000000000009,5,1010,42.240000000000002,9.25,0,1011,43.619999999999997,10.600000000000001,1,1012,45,12.090000000000002,2,1013,48.549999999999997,13.720000000000001,3,1014,49.93,16.66,4,1015,51.310000000000002,18.57,5,1016,54.859999999999999,20.620000000000001,0,1017,56.240000000000002,22.810000000000002,1,1018,57.619999999999997,26.310000000000002,2,1019,59,28.780000000000005,3,1020,62.549999999999997,31.390000000000004,4,1021,63.93,34.140000000000001,5,1022,65.310000000000002,37.030000000000001,0,1023,68.859999999999999,41.230000000000004,1,1024,70.239999999999995,44.400000000000006,2,1025,71.620000000000005,47.710000000000008,3,1026,27,0,1,2,3,4,5,6,7,8,9,10,11,12,13,14,15,16,17,18,19,20,21,22,23,24,25,26,17,20,23,26,29,32,35,38,41,44,47,50,53,56,59,62,65,68,71,74,77,80,83,86,89,92,95,0,2,0,1,0,2,0,2,0,2,1,2,0,2,0,2,0,1,0,2,0,2,0,2,1,2,0,26,0,26,25,24,23,22,21,20,19,18,17,16,15,14,13,12,11,10,9,8,7,6,5,4,3,2,117,120,123,126,129,132,135,138,141,144,147,150,153,156,159,162,165,168,171,174,177,180,183,186,189,192,0,2,0,2,0,1,0,2,0,2,0,2,1,2,0,2,0,2,0,1,0,2,0,2,0,2,11,16,5,1000,2,1,4,1002,4,1003,2,3,2,3,2,3,2,3,4,1008,4,1009,2,5,2,5,2,5,2,5,4,1014,4,1015,2,7,2,7,2,7,2,7,4,1020,4,1021,2,9,2,9,2,9,2,9,4,1026,0,0,0,4,26.859999999999999,1.1500000000000001,30.273875256018741,1.8035793066144914,32.358663408828981,4.2006179604960616,35.93,4.8700000000000001,-0.0006054775051154912,-3.6071586132002675e-005,-0.0006471732681779252,-8.4012359209600929e-005,0.86477884038666331,0,0.49655350360396661,0,0,0.86477884038666331,0,0.49655350360396661,0.49655350360396661,0,0.5526125756386836,0,0,0.49655350360396661,0,0.5526125756386836,0,3,8,0,4,37.310000000000002,5.8000000000000007,41.99964924966114,7.2537800619475954,43.658730366535259,12.756949735348144,48.549999999999997,13.720000000000001,-0.00083999298498700289,-0.00014507560123828978,-0.00087317460730931135,-0.00025513899470959445,0.99225723977905311,0,0.84754495386247319,0,0,0.99225723977905311,0,0.84754495386247319,0.84754495386247319,0,1.0110694516186092,0,0,0.84754495386247319,0,1.0110694516186092,0,9,14,0,4,49.93,16.66,54.069979948547363,19.937463489970522,57.355284377862077,23.407532220954625,59,28.780000000000005,-0.0010813995989922345,-0.00039874926980430769,-0.0011471056875671792,-0.00046815064442701226,0.7804751807055792,0,0.61374091374635331,0,0,0.7804751807055792,0,0.61374091374635331,0.61374091374635331,0,0.81036958470420217,0,0,0.61374091374635331,0,0.81036958470420217,0,15,20,0,4,62.549999999999997,31.390000000000004,64.611422720850243,37.478559492479953,70.151506569028896,41.325848121370655,71.620000000000005,47.710000000000008,-0.0012922284544231027,-0.0007495711898604096,-0.0014030301313838478,-0.00082651696243540851,0.78438386449031594,0,0.54099893410535871,0,0,0.78438386449031594,0,0.54099893410535871,0.54099893410535871,0,0.77512253978109635,0,0,0.54099893410535871,0,0.77512253978109635,0,21,26,0,10,1,1,20,0,2,0,2,2,0,23,2,3,2,3,3,1,29,3,8,3,8,8,0,41,8,9,8,9,5,1,47,9,14,9,14,14,0,59,14,15,14,15,7,1,65,15,20,15,20,20,0,77,20,21,20,21,9,1,83,21,26,21,26,26,0,95,26,0,26,0,10,0,0,117,0,26,0,1,9,2,123,26,21,1,6,6,0,135,21,20,6,7,7,2,141,20,15,7,12,12,0,153,15,14,12,13,5,2,159,14,9,13,18,18,0,171,9,8,18,19,3,2,177,8,3,19,24,24,0,189,3,2,24,25,25,0,192,2,0,25,0,1.5009998178561774,16,-0.0006054775051154912,-3.6071586132002675e-005,-0.0006471732681779252,-8.4012359209600929e-005,-0.00083999298498700289,-0.00014507560123828978,-0.00087317460730931135,-0.00025513899470959445,-0.0010813995989922345,-0.00039874926980430769,-0.0011471056875671792,-0.00046815064442701226,-0.0012922284544231027,-0.0007495711898604096,-0.0014030301313838478,-0.00082651696243540851,16,4,0,0.86477884038666331,1,0,2,0.49655350360396661,3,0,3,1,0.86477884038666331,2,0,3,0.49655350360396661,2,2,0.5526125756386836,3,0,1,3,0.5526125756386836,4,4,0.99225723977905311,5,0,6,0.84754495386247319,7,0,3,5,0.99225723977905311,6,0,7,0.84754495386247319,2,6,1.0110694516186092,7,0,1,7,1.0110694516186092,4,8,0.7804751807055792,9,0,10,0.61374091374635331,11,0,3,9,0.7804751807055792,10,0,11,0.61374091374635331,2,10,0.81036958470420217,11,0,1,11,0.81036958470420217,4,12,0.78438386449031594,13,0,14,0.54099893410535871,15,0,3,13,0.78438386449031594,14,0,15,0.54099893410535871,2,14,0.77512253978109635,15,0,1,15,0.77512253978109635,0,-0.30000000000000004,0.050000000000000003,-0.25,0.10000000000000001,-0.20000000000000001,0.15000000000000002,-0.15000000000000002,0.20000000000000001,-0.10000000000000001,0.25,-0.050000000000000003,0.30000000000000004,0,-0.30000000000000004,0.050000000000000003,0,0,0,0,4,4,8,8,12,12,16,26.859999999999999,1.1500000000000001,30.273875256018741,2.1035793066144914,32.308663408828984,4.4506179604960616,35.93,4.8700000000000001,37.310000000000002,5.8000000000000007,41.899649249661138,7.4537800619475956,43.508730366535261,12.906949735348144,48.549999999999997,13.720000000000001,49.93,16.66,53.86997994854736,20.037463489970524,57.105284377862077,23.457532220954626,59,28.780000000000005,62.549999999999997,31.390000000000004,64.311422720850246,37.478559492479953,70.451506569028894,41.275848121370657,71.620000000000005,47.710000000000008,1.7834660776513143
optimize,20,28,3,0.0050000000000000001,2.7000000000000002,0.5,7,10,21.859999999999999,0.26000000000000001,2,1000,23.239999999999998,0.070000000000000007,3,1001,24.620000000000001,1.1899999999999999,4,1002,26,1.2800000000000002,5,1003,29.550000000000001,1.5100000000000002,0,1004,30.93,1.8800000000000003,1,1005,32.310000000000002,3.5600000000000005,2,1006,35.859999999999999,4.21,3,1007,37.240000000000002,5,4,1008,38.619999999999997,5.9300000000000006,5,1009,40,7.0000000000000009,0,1010,43.549999999999997,9.3800000000000008,1,1011,44.93,10.730000000000002,2,1012,46.310000000000002,12.220000000000002,3,1013,49.859999999999999,13.850000000000001,4,1014,51.240000000000002,16.790000000000003,5,1015,52.619999999999997,18.700000000000003,0,1016,54,20.75,1,1017,57.549999999999997,22.940000000000005,2,1018,58.93,25.270000000000003,3,1019,60.310000000000002,28.910000000000004,4,1020,63.859999999999999,31.520000000000003,5,1021,65.239999999999995,34.270000000000003,0,1022,66.620000000000005,37.160000000000004,1,1023,68,41.360000000000007,2,1024,71.549999999999997,44.530000000000008,3,1025,72.930000000000007,47.840000000000011,4,1026,74.310000000000002,51.290000000000006,5,1027,28,0,1,2,0,4,5,6,7,8,9,10,11,12,13,14,15,16,17,18,19,20,21,22,23,24,25,26,27,17,20,23,26,29,32,35,38,41,44,47,50,53,56,59,62,65,68,71,74,77,80,83,86,89,92,95,98,0,2,0,2,0,1,0,2,0,2,0,2,1,2,0,2,0,2,0,1,0,2,0,2,0,2,1,2,27,0,27,26,0,24,23,22,21,20,19,18,17,16,15,14,13,12,11,10,9,8,7,6,5,4,3,2,117,120,123,126,129,132,135,138,141,144,147,150,153,156,159,162,165,168,171,174,177,180,183,186,189,192,195,1,2,0,2,0,2,0,1,0,2,0,2,0,2,1,2,0,2,0,2,0,1,0,2,0,2,0,26,2,3,4,2,6,7,8,9,10,11,12,13,14,15,16,17,18,19,20,21,22,23,24,25,26,27,217,220,223,226,229,232,235,238,241,244,247,250,253,256,259,262,265,268,271,274,277,280,283,286,289,292,0,2,1,2,0,2,0,2,0,1,0,2,0,2,0,2,1,2,0,2,0,2,0,1,0,2,13,12,4,1,4,1001,4,1002,2,11,4,3,2,3,2,3,4,1007,4,1008,2,5,2,5,2,5,2,5,4,1013,4,1014,2,7,2,7,2,7,2,7,4,1019,4,1020,2,9,2,9,2,9,2,9,4,1025,4,1026,5,1027,0,0,0,0,0,4,37.240000000000002,5,40.320207382991072,7.3431794943957556,43.915118217119534,9.0783336541433535,46.310000000000002,12.220000000000002,-0.00080640414766490476,-0.00014686358988696448,-0.00087830236433743269,-0.00018156667308310073,0.70065368454447063,0,0.45017845374201404,0,0,0.70065368454447063,0,0.45017845374201404,0.45017845374201404,0,0.72087323602248621,0,0,0.45017845374201404,0,0.72087323602248621,0,8,13,0,4,49.859999999999999,13.850000000000001,50.957145584150624,19.302914994174035,56.40334963168926,21.096035399789034,58.93,25.270000000000003,-0.0010191429116804054,-0.00038605829988406365,-0.001128066992635679,-0.00042192070799484949,0.95317737086548437,0,0.65458891781373529,0,0,0.95317737086548437,0,0.65458891781373529,0.65458891781373529,0,0.75264133958002577,0,0,0.65458891781373529,0,0.75264133958002577,0,14,19,0,4,60.310000000000002,28.910000000000004,67.576674418099699,31.459059307356238,64.936832106602523,41.44206562865174,71.549999999999997,44.530000000000008,-0.0013515334883580157,-0.00062918118614385503,-0.0012987366421342988,-0.00082884131257098675,0.98207781317795373,0,0.71080705865205407,0,0,0.98207781317795373,0,0.71080705865205407,0.71080705865205407,0,0.83439034612788132,0,0,0.71080705865205407,0,0.83439034612788132,0,20,25,0,0,0,14,0,0,17,0,1,0,1,1,0,20,1,2,1,2,2,0,23,2,0,2,3,3,0,26,0,4,3,4,3,1,32,4,7,4,7,7,0,38,7,8,7,8,5,1,44,8,13,8,13,13,0,56,13,14,13,14,7,1,62,14,19,14,19,19,0,74,19,20,19,20,9,1,80,20,25,20,25,25,0,92,25,26,25,26,26,0,95,26,27,26,27,27,0,98,27,0,27,0,12,0,0,117,0,27,0,1,1,0,120,27,26,1,2,2,0,123,26,0,2,3,9,2,129,0,20,3,8,8,0,141,20,19,8,9,7,2,147,19,14,9,14,14,0,159,14,13,14,15,5,2,165,13,8,15,20,20,0,177,8,7,20,21,3,2,183,7,4,21,24,11,1,192,4,2,24,26,26,0,195,2,0,26,0,12,11,2,220,2,4,0,2,2,0,223,4,2,2,3,3,2,229,2,7,3,5,5,0,232,7,8,5,6,5,1,238,8,13,6,11,11,0,250,13,14,11,12,7,1,256,14,19,12,17,17,0,268,19,20,17,18,9,1,274,20,25,18,23,23,0,286,25,26,23,24,24,0,289,26,27,24,25,25,0,292,27,2,25,0,0.45480647125100798,12,-0.00080640414766490476,-0.00014686358988696448,-0.00087830236433743269,-0.00018156667308310073,-0.0010191429116804054,-0.00038605829988406365,-0.001128066992635679,-0.00042192070799484949,-0.0013515334883580157,-0.00062918118614385503,-0.0012987366421342988,-0.00082884131257098675,12,4,0,0.70065368454447063,1,0,2,0.45017845374201404,3,0,3,1,0.70065368454447063,2,0,3,0.45017845374201404,2,2,0.72087323602248621,3,0,1,3,0.72087323602248621,4,4,0.95317737086548437,5,0,6,0.65458891781373529,7,0,3,5,0.95317737086548437,6,0,7,0.65458891781373529,2,6,0.75264133958002577,7,0,1,7,0.75264133958002577,4,8,0.98207781317795373,9,0,10,0.71080705865205407,11,0,3,9,0.98207781317795373,10,0,11,0.71080705865205407,2,10,0.83439034612788132,11,0,1,11,0.83439034612788132,0.050000000000000003,-0.25,0.10000000000000001,-0.20000000000000001,0.15000000000000002,-0.15000000000000002,0.20000000000000001,-0.10000000000000001,0.25,-0.050000000000000003,0.30000000000000004,0,0,0,0,0,0,0,4,4,8,8,12,12,12,37.240000000000002,5,40.270207382991074,7.5931794943957556,43.815118217119533,9.2783336541433528,46.310000000000002,12.220000000000002,49.859999999999999,13.850000000000001,50.807145584150625,19.452914994174034,56.203349631689257,21.196035399789036,58.93,25.270000000000003,60.310000000000002,28.910000000000004,67.326674418099699,31.509059307356239,64.636832106602526,41.44206562865174,71.549999999999997,44.530000000000008,0.71388173693025503
optimize,21,29,1,0.01,0.29999999999999999,0.75,8,10,21,0.39000000000000001,3,1000,24.550000000000001,0.20000000000000001,4,1001,25.93,1.3200000000000001,5,1002,27.309999999999999,1.4100000000000001,0,1003,30.859999999999999,1.6400000000000001,1,1004,32.240000000000002,2.0100000000000002,2,1005,33.619999999999997,2.5200000000000005,3,1006,35,4.3399999999999999,4,1007,38.549999999999997,5.1300000000000008,5,1008,39.93,6.0600000000000005,0,1009,41.310000000000002,7.1300000000000008,1,1010,44.859999999999999,9.5100000000000016,2,1011,46.240000000000002,10.860000000000001,3,1012,47.619999999999997,12.350000000000001,4,1013,49,13.98,5,1014,52.549999999999997,15.750000000000002,0,1015,53.93,18.830000000000002,1,1016,55.310000000000002,20.879999999999999,2,1017,58.859999999999999,23.070000000000004,3,1018,60.240000000000002,25.400000000000002,4,1019,61.619999999999997,29.040000000000003,5,1020,63,31.650000000000006,0,1021,66.549999999999997,34.400000000000006,1,1022,67.930000000000007,37.289999999999999,2,1023,69.310000000000002,40.320000000000007,3,1024,72.859999999999999,44.660000000000004,4,1025,74.239999999999995,47.970000000000006,5,1026,75.620000000000005,51.420000000000009,0,1027,77,55.010000000000005,1,1028,29,0,1,2,3,4,5,6,7,8,9,10,11,12,13,14,15,16,17,18,19,20,21,22,23,24,25,26,27,28,17,20,23,26,29,32,35,38,41,44,47,50,53,56,59,62,65,68,71,74,77,80,83,86,89,92,95,98,101,1,2,0,2,0,2,0,1,0,2,0,2,0,2,1,2,0,2,0,2,0,1,0,2,0,2,0,2,1,16,8,4,1000,4,1001,2,0,2,0,2,0,2,0,4,1006,4,1007,2,2,2,2,2,2,2,2,4,1012,4,1013,5,1014,5,1015,2,6,5,1017,4,1018,4,1019,2,9,5,1021,5,1022,2,11,4,1024,4,1025,2,13,2,13,5,1028,4,24.550000000000001,0.20000000000000001,26.863113576847041,2.7359263437178525,30.827506367366972,0.67543666179490758,33.619999999999997,2.5200000000000005,-0.00053726227153491016,-5.4718526874575693e-005,-0.00061655012734940229,-1.3508733235689796e-005,0.74608198594800501,0,0.46212735944009281,0,0,0.74608198594800501,0,0.46212735944009281,0.46212735944009281,0,0.71487874966706499,0,0,0.46212735944009281,0,0.71487874966706499,0,1,6,0,4,35,4.3399999999999999,39.497644643128837,4.7045158866122057,42.901766670788014,8.1989411986989467,46.240000000000002,10.860000000000001,-0.00078995289286097267,-9.409031773153359e-005,-0.00085803533342435762,-0.00016397882397539698,0.99950789739546564,0,0.70351501786793003,0,0,0.99950789739546564,0,0.70351501786793003,0.70351501786793003,0,0.73876458832759584,0,0,0.70351501786793003,0,0.73876458832759584,0,7,12,0,0,0,0,0,0,0,0,0,0,0,0,0,16,0,0,17,0,1,0,1,0,1,23,1,6,1,6,6,0,35,6,7,6,7,2,1,41,7,12,7,12,12,0,53,12,13,12,13,13,0,56,13,14,13,14,14,0,59,14,15,14,15,6,1,65,15,17,15,17,17,0,68,17,18,17,18,18,0,71,18,19,18,19,9,1,77,19,21,19,21,21,0,80,21,22,21,22,11,1,86,22,24,22,24,24,0,89,24,25,24,25,13,1,95,25,28,25,28,28,0,101,28,0,28,0,0.12836510351238514,8,-0.00053726227153491016,-5.4718526874575693e-005,-0.00061655012734940229,-1.3508733235689796e-005,-0.00078995289286097267,-9.409031773153359e-005,-0.00085803533342435762,-0.00016397882397539698,8,4,0,0.74608198594800501,1,0,2,0.46212735944009281,3,0,3,1,0.74608198594800501,2,0,3,0.46212735944009281,2,2,0.71487874966706499,3,0,1,3,0.71487874966706499,4,4,0.99950789739546564,5,0,6,0.70351501786793003,7,0,3,5,0.99950789739546564,6,0,7,0.70351501786793003,2,6,0.73876458832759584,7,0,1,7,0.73876458832759584,0.10000000000000001,-0.20000000000000001,0.15000000000000002,-0.15000000000000002,0.20000000000000001,-0.10000000000000001,0.25,-0.050000000000000003,0,4,4,8,8,8,8,8,8,8,8,8,8,8,8,8,24.550000000000001,0.20000000000000001,26.76311357684704,2.9359263437178527,30.677506367366973,0.8254366617949076,33.619999999999997,2.5200000000000005,35,4.3399999999999999,39.297644643128834,4.8045158866122053,42.651766670788014,8.2489411986989474,46.240000000000002,10.860000000000001,0.27207560891152016
optimize,22,30,2,0.014999999999999999,0.69999999999999996,0.5,9,10,22.309999999999999,0.52000000000000002,4,1000,25.859999999999999,0.33000000000000002,5,1001,27.239999999999998,0.28000000000000003,0,1002,28.620000000000001,1.54,1,1003,30,1.77,2,1004,33.549999999999997,2.1400000000000001,3,1005,34.93,2.6500000000000004,4,1006,36.310000000000002,4.4700000000000006,5,1007,39.859999999999999,5.2600000000000007,0,1008,41.240000000000002,6.1900000000000013,1,1009,42.619999999999997,7.2600000000000007,2,1010,44,8.4700000000000006,3,1011,47.549999999999997,10.990000000000002,4,1012,48.93,12.480000000000002,5,1013,50.310000000000002,14.110000000000001,0,1014,53.859999999999999,15.880000000000003,1,1015,55.240000000000002,18.960000000000001,2,1016,56.619999999999997,21.010000000000002,3,1017,58,23.200000000000003,4,1018,61.549999999999997,25.530000000000005,5,1019,62.93,28.000000000000004,0,1020,64.310000000000002,31.780000000000005,1,1021,67.859999999999999,34.530000000000001,2,1022,69.239999999999995,37.420000000000002,3,1023,70.620000000000005,40.45000000000001,4,1024,72,44.790000000000006,5,1025,75.549999999999997,48.100000000000009,0,1026,76.930000000000007,51.550000000000011,1,1027,78.310000000000002,55.140000000000001,2,1028,81.859999999999999,58.870000000000005,3,1029,30,0,1,2,3,4,5,6,7,8,9,10,11,12,13,14,15,16,17,18,19,20,21,22,23,24,25,26,27,28,29,17,20,23,26,29,32,35,38,41,44,47,50,53,56,59,62,65,68,71,74,77,80,83,86,89,92,95,98,101,104,0,2,1,2,0,2,0,2,0,1,0,2,0,2,0,2,1,2,0,2,0,2,0,1,0,2,0,2,0,2,29,0,29,28,27,26,25,24,23,22,21,20,19,18,17,16,15,14,13,12,11,10,9,8,7,6,5,4,3,2,117,120,123,126,129,132,135,138,141,144,147,150,153,156,159,162,165,168,171,174,177,180,183,186,189,192,195,198,201,0,2,0,2,1,2,0,2,0,2,0,1,0,2,0,2,0,2,1,2,0,2,0,2,0,1,0,2,0,12,16,4,1000,2,0,2,0,2,0,2,0,4,1005,4,1006,2,2,2,2,2,2,2,2,4,1011,4,1012,2,4,2,4,2,4,2,4,4,1017,4,1018,2,6,2,6,2,6,2,6,4,1023,4,1024,5,1025,5,1026,2,10,2,10,4,1029,4,22.309999999999999,0.52000000000000002,26.871162246242218,-1.5368411626109051,29.018502298458845,3.1736719021246453,33.549999999999997,2.1400000000000001,-0.00053742324491791102,3.0736823252504319e-005,-0.0005803700459625985,-6.3473438042374597e-005,1.0141211872646552,0,0.8593223896872072,0,0,1.0141211872646552,0,0.8593223896872072,0.8593223896872072,0,1.0083621215103773,0,0,0.8593223896872072,0,1.0083621215103773,0,0,5,0,4,34.93,2.6500000000000004,36.784262404365663,6.0939606832292723,41.905618533006169,4.7914644106149353,44,8.4700000000000006,-0.00073568524809188018,-0.00012187921366473703,-0.00083811237065624378,-9.5829288212195829e-005,0.64504552198593723,0,0.58848411401658607,0,0,0.64504552198593723,0,0.58848411401658607,0.58848411401658607,0,0.9652399157892686,0,0,0.58848411401658607,0,0.9652399157892686,0,6,11,0,4,47.549999999999997,10.990000000000002,50.490506649807543,14.872074738237558,55.190299572733096,15.9089102902,56.619999999999997,21.010000000000002,-0.0010098101329833395,-0.0002974414947667231,-0.0011038059914407761,-0.00031817820580234968,0.78924565589132967,0,0.51403412174894925,0,0,0.78924565589132967,0,0.51403412174894925,0.51403412174894925,0,0.69488400011422347,0,0,0.51403412174894925,0,0.69488400011422347,0,12,17,0,4,58,23.200000000000003,63.66372342889931,26.354564369423301,64.838847229592474,33.0997660473571,69.239999999999995,37.420000000000002,-0.0012732744685854114,-0.00052709128739059086,-0.0012967769445955679,-0.00066199532095417846,0.90230288698524475,0,0.6344462516767464,0,0,0.90230288698524475,0,0.6344462516767464,0.6344462516767464,0,0.78341676659193882,0,0,0.6344462516767464,0,0.78341676659193882,0,18,23,0,0,0,0,0,12,0,1,20,0,5,0,5,5,0,32,5,6,5,6,2,1,38,6,11,6,11,11,0,50,11,12,11,12,4,1,56,12,17,12,17,17,0,68,17,18,17,18,6,1,74,18,23,18,23,23,0,86,23,24,23,24,24,0,89,24,25,24,25,25,0,92,25,26,25,26,10,1,98,26,29,26,29,29,0,104,29,0,29,0,12,0,0,117,0,29,0,1,10,2,123,29,26,1,4,4,0,129,26,25,4,5,5,0,132,25,24,5,6,6,0,135,24,23,6,7,6,2,141,23,18,7,12,12,0,153,18,17,12,13,4,2,159,17,12,13,18,18,0,171,12,11,18,19,2,2,177,11,6,19,24,24,0,189,6,5,24,25,0,2,195,5,0,25,0,2.4767468105339314,16,-0.00053742324491791102,3.0736823252504319e-005,-0.0005803700459625985,-6.3473438042374597e-005,-0.00073568524809188018,-0.00012187921366473703,-0.00083811237065624378,-9.5829288212195829e-005,-0.0010098101329833395,-0.0002974414947667231,-0.0011038059914407761,-0.00031817820580234968,-0.0012732744685854114,-0.00052709128739059086,-0.0012967769445955679,-0.00066199532095417846,16,4,0,1.0141211872646552,1,0,2,0.8593223896872072,3,0,3,1,1.0141211872646552,2,0,3,0.8593223896872072,2,2,1.0083621215103773,3,0,1,3,1.0083621215103773,4,4,0.64504552198593723,5,0,6,0.58848411401658607,7,0,3,5,0.64504552198593723,6,0,7,0.58848411401658607,2,6,0.9652399157892686,7,0,1,7,0.9652399157892686,4,8,0.78924565589132967,9,0,10,0.51403412174894925,11,0,3,9,0.78924565589132967,10,0,11,0.51403412174894925,2,10,0.69488400011422347,11,0,1,11,0.69488400011422347,4,12,0.90230288698524475,13,0,14,0.6344462516767464,15,0,3,13,0.90230288698524475,14,0,15,0.6344462516767464,2,14,0.78341676659193882,15,0,1,15,0.78341676659193882,0.15000000000000002,-0.15000000000000002,0.20000000000000001,-0.10000000000000001,0.25,-0.050000000000000003,0.30000000000000004,0,-0.30000000000000004,0.050000000000000003,-0.25,0.10000000000000001,-0.20000000000000001,0.15000000000000002,-0.15000000000000002,0.20000000000000001,0,4,4,8,8,12,12,16,16,16,16,16,22.309999999999999,0.52000000000000002,26.721162246242219,-1.3868411626109052,28.818502298458846,3.2736719021246454,33.549999999999997,2.1400000000000001,34.93,2.6500000000000004,36.534262404365663,6.1439606832292721,41.605618533006172,4.7914644106149353,44,8.4700000000000006,47.549999999999997,10.990000000000002,50.79050664980754,14.822074738237557,55.440299572733096,15.8089102902,56.619999999999997,21.010000000000002,58,23.200000000000003,63.863723428899313,26.204564369423302,64.98884722959248,32.899766047357097,69.239999999999995,37.420000000000002,2.8653911810689063
optimize,23,31,3,0.02,1.1000000000000001,0.5,10,1,30,30,5,1000,50.009999999999998,30.001999999999999,0,1001,50.020000000000003,50.008000000000003,1,1002,30.030000000000001,50.018000000000001,2,1003,30.039999999999999,30.032,3,1004,50.049999999999997,30.050000000000001,4,1005,50.060000000000002,50.072000000000003,5,1006,30.07,50.097999999999999,0,1007,30.079999999999998,30.128,1,1008,50.090000000000003,30.161999999999999,2,1009,50.100000000000001,50.200000000000003,3,1010,30.109999999999999,50.241999999999997,4,1011,30.120000000000001,30.288,5,1012,50.130000000000003,30.338000000000001,0,1013,50.140000000000001,50.392000000000003,1,1014,30.149999999999999,50.450000000000003,2,1015,30.16,30.512,3,1016,50.170000000000002,30.577999999999999,4,1017,50.18,50.648000000000003,5,1018,30.190000000000001,50.722000000000001,0,1019,30.199999999999999,30.800000000000001,1,1020,50.210000000000001,30.882000000000001,2,1021,50.219999999999999,50.968000000000004,3,1022,30.23,51.058,4,1023,30.239999999999998,31.152000000000001,5,1024,50.25,31.25,0,1025,50.259999999999998,51.351999999999997,1,1026,30.27,51.457999999999998,2,1027,30.280000000000001,31.568000000000001,3,1028,50.289999999999999,31.681999999999999,4,1029,50.299999999999997,51.799999999999997,5,1030,31,0,1,2,3,4,5,6,7,8,9,10,11,12,13,14,15,16,17,18,19,20,21,22,23,24,25,26,27,28,29,30,17,20,23,26,29,32,35,38,41,44,47,50,53,56,59,62,65,68,71,74,77,80,83,86,89,92,95,98,101,104,107,0,2,0,2,1,2,0,2,0,2,0,1,0,2,0,2,0,2,1,2,0,2,0,2,0,1,0,2,0,2,0,30,0,30,29,28,27,26,25,24,23,22,21,20,19,18,17,16,15,14,13,12,11,10,9,8,7,6,5,4,3,2,117,120,123,126,129,132,135,138,141,144,147,150,153,156,159,162,165,168,171,174,177,180,183,186,189,192,195,198,201,204,0,2,0,2,0,2,1,2,0,2,0,2,0,1,0,2,0,2,0,2,1,2,0,2,0,2,0,1,0,2,29,2,3,4,5,6,7,8,9,10,11,12,13,14,15,16,17,18,19,20,21,22,23,24,25,26,27,28,29,30,217,220,223,226,229,232,235,238,241,244,247,250,253,256,259,262,265,268,271,274,277,280,283,286,289,292,295,298,301,0,1,0,2,0,2,0,2,1,2,0,2,0,2,0,1,0,2,0,2,0,2,1,2,0,2,0,2,0,31,0,5,1000,5,1001,5,1002,5,1003,4,1004,4,1005,5,1006,5,1007,5,1008,5,1009,4,1010,4,1011,5,1012,5,1013,5,1014,5,1015,4,1016,4,1017,5,1018,5,1019,5,1020,5,1021,4,1022,4,1023,5,1024,5,1025,5,1026,5,1027,4,1028,4,1029,5,1030,0,0,0,0,0,0,0,0,0,0,0,0,0,0,0,0,0,0,0,0,0,0,0,0,0,0,0,0,0,0,0,31,0,0,17,0,1,0,1,1,0,20,1,2,1,2,2,0,23,2,3,2,3,3,0,26,3,4,3,4,4,0,29,4,5,4,5,5,0,32,5,6,5,6,6,0,35,6,7,6,7,7,0,38,7,8,7,8,8,0,41,8,9,8,9,9,0,44,9,10,9,10,10,0,47,10,11,10,11,11,0,50,11,12,11,12,12,0,53,12,13,12,13,13,0,56,13,14,13,14,14,0,59,14,15,14,15,15,0,62,15,16,15,16,16,0,65,16,17,16,17,17,0,68,17,18,17,18,18,0,71,18,19,18,19,19,0,74,19,20,19,20,20,0,77,20,21,20,21,21,0,80,21,22,21,22,22,0,83,22,23,22,23,23,0,86,23,24,23,24,24,0,89,24,25,24,25,25,0,92,25,26,25,26,26,0,95,26,27,26,27,27,0,98,27,28,27,28,28,0,101,28,29,28,29,29,0,104,29,30,29,30,30,0,107,30,0,30,0,30,0,0,117,0,30,0,1,1,0,120,30,29,1,2,2,0,123,29,28,2,3,3,0,126,28,27,3,4,4,0,129,27,26,4,5,5,0,132,26,25,5,6,6,0,135,25,24,6,7,7,0,138,24,23,7,8,8,0,141,23,22,8,9,9,0,144,22,21,9,10,10,0,147,21,20,10,11,11,0,150,20,19,11,12,12,0,153,19,18,12,13,13,0,156,18,17,13,14,14,0,159,17,16,14,15,15,0,162,16,15,15,16,16,0,165,15,14,16,17,17,0,168,14,13,17,18,18,0,171,13,12,18,19,19,0,174,12,11,19,20,20,0,177,11,10,20,21,21,0,180,10,9,21,22,22,0,183,9,8,22,23,23,0,186,8,7,23,24,24,0,189,7,6,24,25,25,0,192,6,5,25,26,26,0,195,5,4,26,27,27,0,198,4,3,27,28,28,0,201,3,2,28,29,29,0,204,2,0,29,0,29,0,0,217,2,3,0,1,1,0,220,3,4,1,2,2,0,223,4,5,2,3,3,0,226,5,6,3,4,4,0,229,6,7,4,5,5,0,232,7,8,5,6,6,0,235,8,9,6,7,7,0,238,9,10,7,8,8,0,241,10,11,8,9,9,0,244,11,12,9,10,10,0,247,12,13,10,11,11,0,250,13,14,11,12,12,0,253,14,15,12,13,13,0,256,15,16,13,14,14,0,259,16,17,14,15,15,0,262,17,18,15,16,16,0,265,18,19,16,17,17,0,268,19,20,17,18,18,0,271,20,21,18,19,19,0,274,21,22,19,20,20,0,277,22,23,20,21,21,0,280,23,24,21,22,22,0,283,24,25,22,23,23,0,286,25,26,23,24,24,0,289,26,27,24,25,25,0,292,27,28,25,26,26,0,295,28,29,26,27,27,0,298,29,30,27,28,28,0,301,30,2,28,0,0,0,0,0,0,0,0,0,0,0,0,0,0,0,0,0,0,0,0,0,0,0,0,0,0,0,0,0,0,0,0,0,0,0,0
optimize,24,32,1,0.0050000000000000001,1.5000000000000002,0.75,11,10,24.93,0.78000000000000003,0,1000,26.309999999999999,0.59000000000000008,1,1001,29.859999999999999,0.54000000000000004,2,1002,31.239999999999998,0.63000000000000012,3,1003,32.619999999999997,2.0300000000000002,4,1004,34,2.4000000000000004,5,1005,37.549999999999997,2.9100000000000006,0,1006,38.93,3.5600000000000001,1,1007,40.310000000000002,5.5200000000000005,2,1008,43.859999999999999,6.4500000000000011,3,1009,45.240000000000002,7.5200000000000014,4,1010,46.619999999999997,8.7300000000000004,5,1011,48,10.080000000000002,0,1012,51.549999999999997,12.740000000000002,1,1013,52.93,14.370000000000001,2,1014,54.310000000000002,16.140000000000001,3,1015,57.859999999999999,18.050000000000001,4,1016,59.240000000000002,21.27,5,1017,60.619999999999997,23.460000000000004,0,1018,62,25.790000000000003,1,1019,65.549999999999997,28.260000000000005,2,1020,66.930000000000007,30.870000000000005,3,1021,68.310000000000002,34.789999999999999,4,1022,71.859999999999999,37.68,5,1023,73.239999999999995,40.710000000000008,0,1024,74.620000000000005,43.88000000000001,1,1025,76,48.360000000000007,2,1026,79.549999999999997,51.810000000000009,3,1027,80.930000000000007,55.400000000000006,4,1028,82.310000000000002,59.130000000000003,5,1029,85.859999999999999,63.000000000000007,0,1030,87.239999999999995,68.180000000000007,1,1031,32,0,1,2,3,4,5,6,7,8,9,10,11,12,13,14,15,16,17,18,19,20,21,22,23,24,25,26,27,28,29,30,31,17,20,23,26,29,32,35,38,41,44,47,50,53,56,59,62,65,68,71,74,77,80,83,86,89,92,95,98,101,104,107,110,0,2,0,2,0,2,1,2,0,2,0,2,0,1,0,2,0,2,0,2,1,2,0,2,0,2,0,1,0,2,0,2,11,18,2,1,2,1,2,1,4,1003,4,1004,2,3,2,3,2,3,2,3,4,1009,4,1010,2,5,2,5,2,5,2,5,4,1015,4,1016,2,7,2,7,2,7,2,7,4,1021,4,1022,2,9,2,9,2,9,2,9,4,1027,4,1028,2,0,2,0,5,1031,0,2,87.239999999999995,68.180000000000007,14.126228372825878,22.089219594228325,-4.5404382938407792,-0.42744707243835478,31.240000000000023,0.62999999999996703,0.00044861314881151481,1.9123412159453932e-005,0.04890555274445043,0,0,0.04890555274445043,0,31,35,0,4,32.619999999999997,2.0300000000000002,37.785493150725628,1.211509217246012,39.40739125386628,5.9405437788026729,43.859999999999999,6.4500000000000011,-0.0007557098630104897,-2.4230184344289918e-005,-0.00078814782507671821,-0.00011881087557480408,0.84221117863234396,0,0.70393197746899394,0,0,0.84221117863234396,0,0.70393197746899394,0.70393197746899394,0,0.85292756086962906,0,0,0.70393197746899394,0,0.85292756086962906,0,4,9,0,4,45.240000000000002,7.5200000000000014,48.147018508426193,10.556842237756092,52.108443639264273,12.430874385707428,54.310000000000002,16.140000000000001,-0.00096294037017787514,-0.00021113684475600192,-0.0010421688727918488,-0.00024861748771404929,0.71720535637383498,0,0.46788265550781905,0,0,0.71720535637383498,0,0.46788265550781905,0.46788265550781905,0,0.731799835323939,0,0,0.46788265550781905,0,0.731799835323939,0,10,15,0,4,57.859999999999999,18.050000000000001,58.889193160823751,23.878553955473794,64.36845914613636,26.293399438717316,66.930000000000007,30.870000000000005,-0.0011777838632173881,-0.00047757107910954139,-0.0012873691829205225,-0.00052586798877540808,0.94436661298272928,0,0.6581062001882354,0,0,0.94436661298272928,0,0.6581062001882354,0.6581062001882354,0,0.76860611052484828,0,0,0.6581062001882354,0,0.76860611052484828,0,16,21,0,4,68.310000000000002,34.789999999999999,75.690865997636791,37.921235628430281,72.796752694759476,48.195120287280197,79.549999999999997,51.810000000000009,-0.0015138173199510142,-0.00075842471256165264,-0.0014559350538888433,-0.00096390240575055033,0.97164136304811144,0,0.70279652313018948,0,0,0.97164136304811144,0,0.70279652313018948,0.70279652313018948,0,0.83162572647761268,0,0,0.70279652313018948,0,0.83162572647761268,0,22,27,0,11,1,1,17,31,3,31,3,3,0,26,3,4,3,4,3,1,32,4,9,4,9,9,0,44,9,10,9,10,5,1,50,10,15,10,15,15,0,62,15,16,15,16,7,1,68,16,21,16,21,21,0,80,21,22,21,22,9,1,86,22,27,22,27,27,0,98,27,28,27,28,0,1,104,28,31,28,31,1.1831495545038044,18,0.00044861314881151481,1.9123412159453932e-005,-0.0007557098630104897,-2.4230184344289918e-005,-0.00078814782507671821,-0.00011881087557480408,-0.00096294037017787514,-0.00021113684475600192,-0.0010421688727918488,-0.00024861748771404929,-0.0011777838632173881,-0.00047757107910954139,-0.0012873691829205225,-0.00052586798877540808,-0.0015138173199510142,-0.00075842471256165264,-0.0014559350538888433,-0.00096390240575055033,18,2,0,0.04890555274445043,1,0,1,1,0.04890555274445043,4,2,0.84221117863234396,3,0,4,0.70393197746899394,5,0,3,3,0.84221117863234396,4,0,5,0.70393197746899394,2,4,0.85292756086962906,5,0,1,5,0.85292756086962906,4,6,0.71720535637383498,7,0,8,0.46788265550781905,9,0,3,7,0.71720535637383498,8,0,9,0.46788265550781905,2,8,0.731799835323939,9,0,1,9,0.731799835323939,4,10,0.94436661298272928,11,0,12,0.6581062001882354,13,0,3,11,0.94436661298272928,12,0,13,0.6581062001882354,2,12,0.76860611052484828,13,0,1,13,0.76860611052484828,4,14,0.97164136304811144,15,0,16,0.70279652313018948,17,0,3,15,0.97164136304811144,16,0,17,0.70279652313018948,2,16,0.83162572647761268,17,0,1,17,0.83162572647761268,0.25,-0.050000000000000003,0.30000000000000004,0,-0.30000000000000004,0.050000000000000003,-0.25,0.10000000000000001,-0.20000000000000001,0.15000000000000002,-0.15000000000000002,0.20000000000000001,-0.10000000000000001,0.25,-0.050000000000000003,0.30000000000000004,0,-0.30000000000000004,0,0,2,2,6,6,10,10,14,14,18,87.239999999999995,68.180000000000007,13.959561706159221,22.122552927561657,-4.7071049605074364,-0.39411373910502334,31.240000000000023,0.62999999999996703,32.619999999999997,2.0300000000000002,37.485493150725631,1.211509217246012,39.707391253866277,5.8905437788026731,43.859999999999999,6.4500000000000011,45.240000000000002,7.5200000000000014,48.397018508426193,10.456842237756092,52.308443639264276,12.280874385707428,54.310000000000002,16.140000000000001,57.859999999999999,18.050000000000001,59.03919316082375,23.678553955473795,64.468459146136354,26.043399438717316,66.930000000000007,30.870000000000005,68.310000000000002,34.789999999999999,75.740865997636789,37.621235628430284,72.796752694759476,48.495120287280194,79.549999999999997,51.810000000000009,1.3965475282005031
optimize,25,8,2,0.01,1.9000000000000001,0.5,12,10,26.239999999999998,0.91000000000000003,1,1000,27.620000000000001,0.71999999999999997,2,1001,29,0.67000000000000004,3,1002,32.549999999999997,0.76000000000000012,4,1003,33.93,2.1600000000000001,5,1004,35.310000000000002,2.5300000000000002,0,1005,38.859999999999999,3.0400000000000005,1,1006,40.240000000000002,3.6900000000000004,2,1007,8,0,1,2,0,4,5,6,7,17,20,23,26,29,32,35,38,0,1,0,2,0,2,0,2,7,0,7,6,0,4,3,2,117,120,123,126,129,132,135,0,2,0,1,0,2,0,3,4,4,1000,2,1,4,1002,3,1003,2,0,2,0,2,0,2,0,4,26.239999999999998,0.91000000000000003,32.0765780734339,1.2920491029758245,57.3925314094366,7.5128172598997667,26.239999999999998,0.91000000000000003,-0.00064153156145316248,-2.5840982060487683e-005,-0.0011478506281775019,-0.00015025634519799658,1.3845347406839339,0,0.88105139969666091,0,0,1.3845347406839339,0,0.88105139969666091,0.88105139969666091,0,0.64463231961523471,0,0,0.88105139969666091,0,0.64463231961523471,0,3,8,0,0,3,1,1,20,0,2,0,2,2,0,23,2,0,2,3,0,1,29,0,0,3,0,4,0,1,120,0,0,0,3,0,1,129,0,3,3,5,5,0,132,3,2,5,6,6,0,135,2,0,6,0,0.1262320714118309,4,-0.00064153156145316248,-2.5840982060487683e-005,-0.0011478506281775019,-0.00015025634519799658,4,4,0,1.3845347406839339,1,0,2,0.88105139969666091,3,0,3,1,1.3845347406839339,2,0,3,0.88105139969666091,2,2,0.64463231961523471,3,0,1,3,0.64463231961523471,0.30000000000000004,0,-0.30000000000000004,0.050000000000000003,0,4,4,26.239999999999998,0.91000000000000003,31.7765780734339,1.2920491029758245,57.692531409436597,7.4628172598997669,26.239999999999998,0.91000000000000003,0.13891045814935604
optimize,26,9,3,0.014999999999999999,2.2999999999999998,0.5,0,10,27.550000000000001,1.04,2,1000,28.93,0.85000000000000009,3,1001,30.309999999999999,0.80000000000000004,4,1002,33.859999999999999,0.89000000000000012,5,1003,35.240000000000002,1.1200000000000001,0,1004,36.619999999999997,2.6600000000000001,1,1005,38,3.1700000000000004,2,1006,41.549999999999997,3.8200000000000003,3,1007,42.93,4.6100000000000003,4,1008,9,0,1,2,3,4,5,6,7,8,17,20,23,26,29,32,35,38,41,0,2,0,1,0,2,0,2,0,8,0,8,7,6,5,4,3,2,117,120,123,126,129,132,135,138,0,2,0,2,0,1,0,2,7,2,3,4,5,6,7,8,217,220,223,226,229,232,235,1,2,0,2,0,2,0,9,0,5,1000,4,1001,4,1002,5,1003,5,1004,5,1005,5,1006,4,1007,4,1008,0,0,0,0,0,0,0,0,0,9,0,0,17,0,1,0,1,1,0,20,1,2,1,2,2,0,23,2,3,2,3,3,0,26,3,4,3,4,4,0,29,4,5,4,5,5,0,32,5,6,5,6,6,0,35,6,7,6,7,7,0,38,7,8,7,8,8,0,41,8,0,8,0,8,0,0,117,0,8,0,1,1,0,120,8,7,1,2,2,0,123,7,6,2,3,3,0,126,6,5,3,4,4,0,129,5,4,4,5,5,0,132,4,3,5,6,6,0,135,3,2,6,7,7,0,138,2,0,7,0,7,0,0,217,2,3,0,1,1,0,220,3,4,1,2,2,0,223,4,5,2,3,3,0,226,5,6,3,4,4,0,229,6,7,4,5,5,0,232,7,8,5,6,6,0,235,8,2,6,0,0,0,0,0,0,0,0,0,0,0,0,0,0
optimize,27,10,1,0.02,2.7000000000000002,0.75,1,0.75,28.859999999999999,0,3,1000,30.239999999999998,0.97999999999999998,4,1001,31.620000000000001,0.93000000000000005,5,1002,33,1.02,0,1003,36.549999999999997,1.25,1,1004,37.93,2.79,2,1005,39.310000000000002,3.3000000000000007,3,1006,42.859999999999999,3.9500000000000002,4,1007,44.240000000000002,4.7400000000000002,5,1008,45.619999999999997,5.6700000000000008,0,1009,10,0,1,2,3,4,5,6,7,8,9,17,20,23,26,29,32,35,38,41,44,0,2,0,2,0,1,0,2,0,2,8,0,4,1000,4,1001,2,0,5,1003,5,1004,5,1005,4,1006,4,1007,2,5,5,1009,0,0,0,0,0,0,0,0,8,0,0,17,0,1,0,1,0,1,23,1,3,1,3,3,0,26,3,4,3,4,4,0,29,4,5,4,5,5,0,32,5,6,5,6,6,0,35,6,7,6,7,5,1,41,7,9,7,9,9,0,44,9,0,9,0,0,0,0,0,0,0,0,0,0,0,0,0
optimize,28,11,2,0.0050000000000000001,0.29999999999999999,0.5,2,10,28,0.13,4,1000,31.550000000000001,1.1100000000000001,5,1001,32.93,1.0600000000000001,0,1002,34.310000000000002,1.1500000000000001,1,1003,37.859999999999999,1.3800000000000001,2,1004,39.240000000000002,1.7500000000000002,3,1005,40.619999999999997,3.4300000000000006,4,1006,42,4.0800000000000001,5,1007,45.549999999999997,4.8700000000000001,0,1008,46.93,5.8000000000000007,1,1009,48.310000000000002,8.0400000000000009,2,1010,11,0,1,2,3,4,5,6,7,8,9,10,17,20,23,26,29,32,35,38,41,44,47,1,2,0,2,0,2,0,1,0,2,0,10,0,10,9,8,7,6,5,4,3,2,117,120,123,126,129,132,135,138,141,144,0,2,1,2,0,2,0,2,0,1,7,0,4,1000,2,0,2,0,5,1003,2,1,4,1005,4,1006,2,3,5,1008,2,4,5,1010,0,0,0,0,0,0,0,6,0,1,20,0,3,0,3,1,1,29,3,5,3,5,5,0,32,5,6,5,6,3,1,38,6,8,6,8,4,1,44,8,10,8,10,10,0,47,10,0,10,0,6,0,0,117,0,10,0,1,4,2,123,10,8,1,3,3,2,129,8,6,3,5,5,0,132,6,5,5,6,1,2,138,5,3,6,8,0,2,144,3,0,8,0,0,0,0,0,0,0,0,0,0,0,0
optimize,29,12,3,0.01,0.69999999999999996,0.5,3,10,30,30,5,1000,50.009999999999998,30.001999999999999,0,1001,50.020000000000003,50.008000000000003,1,1002,30.030000000000001,50.018000000000001,2,1003,30.039999999999999,30.032,3,1004,50.049999999999997,30.050000000000001,4,1005,50.060000000000002,50.072000000000003,5,1006,30.07,50.097999999999999,0,1007,30.079999999999998,30.128,1,1008,50.090000000000003,30.161999999999999,2,1009,50.100000000000001,50.200000000000003,3,1010,30.109999999999999,50.241999999999997,4,1011,12,0,1,2,3,4,5,6,7,8,9,10,11,17,20,23,26,29,32,35,38,41,44,47,50,0,2,1,2,0,2,0,2,0,1,0,2,11,0,11,10,9,8,7,6,5,4,3,2,117,120,123,126,129,132,135,138,141,144,147,0,2,0,2,1,2,0,2,0,2,0,10,2,3,4,5,6,7,8,9,10,11,217,220,223,226,229,232,235,238,241,244,0,2,0,2,0,2,1,2,0,2,12,0,5,1000,5,1001,5,1002,5,1003,4,1004,4,1005,5,1006,5,1007,5,1008,5,1009,4,1010,4,1011,0,0,0,0,0,0,0,0,0,0,0,0,12,0,0,17,0,1,0,1,1,0,20,1,2,1,2,2,0,23,2,3,2,3,3,0,26,3,4,3,4,4,0,29,4,5,4,5,5,0,32,5,6,5,6,6,0,35,6,7,6,7,7,0,38,7,8,7,8,8,0,41,8,9,8,9,9,0,44,9,10,9,10,10,0,47,10,11,10,11,11,0,50,11,0,11,0,11,0,0,117,0,11,0,1,1,0,120,11,10,1,2,2,0,123,10,9,2,3,3,0,126,9,8,3,4,4,0,129,8,7,4,5,5,0,132,7,6,5,6,6,0,135,6,5,6,7,7,0,138,5,4,7,8,8,0,141,4,3,8,9,9,0,144,3,2,9,10,10,0,147,2,0,10,0,10,0,0,217,2,3,0,1,1,0,220,3,4,1,2,2,0,223,4,5,2,3,3,0,226,5,6,3,4,4,0,229,6,7,4,5,5,0,232,7,8,5,6,6,0,235,8,9,6,7,7,0,238,9,10,7,8,8,0,241,10,11,8,9,9,0,244,11,2,9,0,0,0,0,0,0,0,0,0,0,0,0,0,0,0,0,0
optimize,30,13,1,0.014999999999999999,1.1000000000000001,0.75,4,10,30.620000000000001,0.39000000000000001,0,1000,32,0.20000000000000001,1,1001,35.549999999999997,1.3200000000000001,2,1002,36.93,1.4100000000000001,3,1003,38.310000000000002,1.6400000000000001,4,1004,41.859999999999999,2.0100000000000002,5,1005,43.240000000000002,2.5200000000000005,0,1006,44.619999999999997,4.3399999999999999,1,1007,46,5.1300000000000008,2,1008,49.549999999999997,6.0600000000000005,3,1009,50.93,7.1300000000000008,4,1010,52.310000000000002,9.5100000000000016,5,1011,55.859999999999999,10.860000000000001,0,1012,13,0,1,2,0,4,5,6,7,8,9,10,11,12,17,20,23,26,29,32,35,38,41,44,47,50,53,0,2,0,2,1,2,0,2,0,2,0,1,0,9,2,4,1000,2,3,5,1002,3,1003,4,1004,2,6,2,6,2,6,5,1008,4,1009,4,1010,5,1011,5,1012,0,0,0,0,0,0,2,38.310000000000002,1.6400000000000001,41.481869269500095,1.513349649256956,44.045202602833427,2.6766829825902896,46,5.1300000000000008,-0.00086135607807119596,-2.90004894766549e-005,1.115960639105869,0,0,1.115960639105869,0,4,8,0,0,9,3,1,20,0,2,0,2,2,0,23,2,0,2,3,3,0,26,0,4,3,4,6,1,32,4,8,4,8,8,0,41,8,9,8,9,9,0,44,9,10,9,10,10,0,47,10,11,10,11,11,0,50,11,12,11,12,12,0,53,12,0,12,0,0.28463522702500932,2,-0.00086135607807119596,-2.90004894766549e-005,2,2,0,1.115960639105869,1,0,1,1,1.115960639105869,-0.10000000000000001,0.25,0,0,0,0,0,0,0,2,2,38.310000000000002,1.6400000000000001,41.548535936166765,1.3466829825902895,44.111869269500097,2.5100163159236235,46,5.1300000000000026,0.32500955220715894
optimize,31,14,2,0.02,1.5000000000000002,0.5,5,0.5,31.93,0.52000000000000002,1,1000,33.310000000000002,0.33000000000000002,2,1001,36.859999999999999,0.28000000000000003,3,1002,38.240000000000002,1.54,4,1003,39.619999999999997,1.77,5,1004,41,2.1400000000000001,0,1005,44.549999999999997,2.6500000000000004,1,1006,45.93,4.4700000000000006,2,1007,47.310000000000002,5.2600000000000007,3,1008,50.859999999999999,6.1900000000000013,4,1009,52.240000000000002,7.2600000000000007,5,1010,53.619999999999997,8.4700000000000006,0,1011,55,10.990000000000002,1,1012,58.549999999999997,12.480000000000002,2,1013,14,0,1,2,3,4,5,6,7,8,9,10,11,12,13,17,20,23,26,29,32,35,38,41,44,47,50,53,56,0,2,0,2,0,2,1,2,0,2,0,2,0,1,13,0,13,12,11,10,9,8,7,6,5,4,3,2,117,120,123,126,129,132,135,138,141,144,147,150,153,0,1,0,2,0,2,0,2,1,2,0,2,0,5,8,5,1000,2,1,4,1002,4,1003,2,3,2,3,2,3,2,3,4,1008,4,1009,2,0,2,0,2,0,2,0,4,50.859999999999999,6.1900000000000013,58.915130714772438,15.998741841750194,80.064000788104792,21.654096067588377,31.93,0.52000000000000002,-0.0011783026143056541,-0.00031997483683364469,-0.0016012800157629431,-0.00043308192135133039,0.73181379790578838,0,0.18659763574984933,0,0,0.73181379790578838,0,0.18659763574984933,0.18659763574984933,0,0.055665006883770241,0,0,0.18659763574984933,0,0.055665006883770241,0,9,14,0,0,4,38.240000000000002,1.54,41.767485410311224,2.0895088759272329,44.989672747999975,2.4192809594148761,47.310000000000002,5.2600000000000007,-0.00083534970821544721,-4.1790177518909177e-005,-0.00089979345495708185,-4.8385619188712203e-005,0.70949982730757466,0,0.44475493699969804,0,0,0.70949982730757466,0,0.44475493699969804,0.44475493699969804,0,0.66388162841974341,0,0,0.44475493699969804,0,0.66388162841974341,0,3,8,0,5,1,1,20,0,2,0,2,2,0,23,2,3,2,3,3,1,29,3,8,3,8,8,0,41,8,9,8,9,0,1,47,9,0,9,0,5,0,2,120,0,9,0,5,5,0,132,9,8,5,6,3,2,138,8,3,6,11,11,0,150,3,2,11,12,12,0,153,2,0,12,0,1.1055174261050948,8,-0.0011783026143056541,-0.00031997483683364469,-0.0016012800157629431,-0.00043308192135133039,-0.00083534970821544721,-4.1790177518909177e-005,-0.00089979345495708185,-4.8385619188712203e-005,8,4,0,0.73181379790578838,1,0,2,0.18659763574984933,3,0,3,1,0.73181379790578838,2,0,3,0.18659763574984933,2,2,0.055665006883770241,3,0,1,3,0.055665006883770241,4,4,0.70949982730757466,5,0,6,0.44475493699969804,7,0,3,5,0.70949982730757466,6,0,7,0.44475493699969804,2,6,0.66388162841974341,7,0,1,7,0.66388162841974341,-0.050000000000000003,0.30000000000000004,0,-0.30000000000000004,0.050000000000000003,-0.25,0.10000000000000001,-0.20000000000000001,0,4,4,4,8,50.859999999999999,6.1900000000000013,58.965130714772435,15.698741841750193,80.064000788104792,21.954096067588377,31.93,0.52000000000000002,38.240000000000002,1.54,41.717485410311227,2.3395088759272329,44.889672747999974,2.6192809594148763,47.310000000000002,5.2600000000000007,1.1892095463901096
optimize,32,15,3,0.0050000000000000001,1.9000000000000001,0.5,6,10,33.240000000000002,0.65000000000000002,2,1000,34.619999999999997,0.46000000000000002,3,1001,36,0.41000000000000003,4,1002,39.549999999999997,1.6700000000000002,5,1003,40.93,1.9000000000000001,0,1004,42.310000000000002,2.2700000000000005,1,1005,45.859999999999999,2.7800000000000002,2,1006,47.240000000000002,3.4300000000000002,3,1007,48.619999999999997,5.3900000000000006,4,1008,50,6.3200000000000012,5,1009,53.549999999999997,7.3900000000000006,0,1010,54.93,8.6000000000000014,1,1011,56.310000000000002,11.120000000000001,2,1012,59.859999999999999,12.610000000000001,3,1013,61.240000000000002,14.24,4,1014,15,0,1,2,3,4,5,6,7,8,9,10,11,12,13,14,17,20,23,26,29,32,35,38,41,44,47,50,53,56,59,0,1,0,2,0,2,0,2,1,2,0,2,0,2,0,14,0,14,13,12,11,10,9,8,7,6,5,4,3,2,117,120,123,126,129,132,135,138,141,144,147,150,153,156,0,2,0,1,0,2,0,2,0,2,1,2,0,2,13,2,3,4,5,6,7,8,9,10,11,12,13,14,217,220,223,226,229,232,235,238,241,244,247,250,253,0,2,0,2,0,1,0,2,0,2,0,2,1,7,8,5,1000,4,1001,4,1002,2,3,2,3,2,3,2,3,4,1007,4,1008,2,5,2,5,2,5,2,5,4,1013,4,1014,0,0,0,4,36,0.41000000000000003,39.455299499145752,2.4822639612729946,43.738940023647743,1.6987450992984772,47.240000000000002,3.4300000000000002,-0.00078910598997150019,-4.9645279225235886e-005,-0.00087477880046560319,-3.3974901985853179e-005,0.94751871706189228,0,0.75099710995730962,0,0,0.94751871706189228,0,0.75099710995730962,0.75099710995730962,0,0.82235423564456911,0,0,0.75099710995730962,0,0.82235423564456911,0,2,7,0,4,48.619999999999997,5.3900000000000006,54.037965248227472,5.9369465837475612,55.128914091421002,11.262500916038267,59.859999999999999,12.610000000000001,-0.0010807593049514258,-0.000118738931674231,-0.0011025782818263608,-0.00022525001831819047,0.85219826242615626,0,0.68453429333109261,0,0,0.85219826242615626,0,0.68453429333109261,0.68453429333109261,0,0.83049156152705517,0,0,0.68453429333109261,0,0.83049156152705517,0,8,13,0,7,0,0,17,0,1,0,1,1,0,20,1,2,1,2,3,1,26,2,7,2,7,7,0,38,7,8,7,8,5,1,44,8,13,8,13,13,0,56,13,14,13,14,14,0,59,14,0,14,0,6,0,0,117,0,14,0,1,1,0,120,14,13,1,2,5,2,126,13,8,2,7,7,0,138,8,7,7,8,3,2,144,7,2,8,13,13,0,156,2,0,13,0,5,3,1,220,2,7,0,5,5,0,232,7,8,5,6,5,1,238,8,13,6,11,11,0,250,13,14,11,12,12,0,253,14,2,12,0,0.91697991759831066,8,-0.00078910598997150019,-4.9645279225235886e-005,-0.00087477880046560319,-3.3974901985853179e-005,-0.0010807593049514258,-0.000118738931674231,-0.0011025782818263608,-0.00022525001831819047,8,4,0,0.94751871706189228,1,0,2,0.75099710995730962,3,0,3,1,0.94751871706189228,2,0,3,0.75099710995730962,2,2,0.82235423564456911,3,0,1,3,0.82235423564456911,4,4,0.85219826242615626,5,0,6,0.68453429333109261,7,0,3,5,0.85219826242615626,6,0,7,0.68453429333109261,2,6,0.83049156152705517,7,0,1,7,0.83049156152705517,0,-0.30000000000000004,0.050000000000000003,-0.25,0.10000000000000001,-0.20000000000000001,0.15000000000000002,-0.15000000000000002,0,0,0,0,4,4,8,36,0.41000000000000003,39.455299499145752,2.7822639612729949,43.688940023647746,1.9487450992984772,47.240000000000002,3.4300000000000002,48.619999999999997,5.3900000000000006,53.937965248227471,6.1369465837475614,54.978914091421004,11.412500916038267,59.859999999999999,12.610000000000001,1.1136996446807028
optimize,33,16,1,0.01,2.2999999999999998,0.75,7,10,34.549999999999997,0.78000000000000003,3,1000,35.93,0.59000000000000008,4,1001,37.310000000000002,0.54000000000000004,5,1002,40.859999999999999,0.63000000000000012,0,1003,42.240000000000002,2.0300000000000002,1,1004,43.619999999999997,2.4000000000000004,2,1005,45,2.9100000000000006,3,1006,48.549999999999997,3.5600000000000001,4,1007,49.93,5.5200000000000005,5,1008,51.310000000000002,6.4500000000000011,0,1009,54.859999999999999,7.5200000000000014,1,1010,56.240000000000002,8.7300000000000004,2,1011,57.619999999999997,10.080000000000002,3,1012,59,12.740000000000002,4,1013,62.549999999999997,14.370000000000001,5,1014,63.93,16.140000000000001,0,1015,16,0,1,2,3,4,5,6,7,8,9,10,11,12,13,14,15,17,20,23,26,29,32,35,38,41,44,47,50,53,56,59,62,0,2,0,1,0,2,0,2,0,2,1,2,0,2,0,2,7,8,4,1000,4,1001,2,0,2,0,2,0,2,0,4,1006,4,1007,2,2,2,2,2,2,2,2,4,1012,4,1013,2,4,5,1015,4,35.93,0.59000000000000008,39.690202762908818,-0.60057942926868024,41.783444792322676,1.959888623724068,45,2.9100000000000006,-0.00079380405525580932,1.2011588585293274e-005,-0.00083566889584859444,-3.9197772474729511e-005,0.54725211849363453,0,0.51342573128109126,0,0,0.54725211849363453,0,0.51342573128109126,0.51342573128109126,0,0.88937467644989454,0,0,0.51342573128109126,0,0.88937467644989454,0,1,6,0,4,48.549999999999997,3.5600000000000001,50.079446316724805,7.7720954017616481,55.576973054732356,6.3029506759041247,57.619999999999997,10.080000000000002,-0.0010015889263403979,-0.00015544190803474731,-0.0011115394610995838,-0.00012605901351721294,0.80193789551412065,0,0.53407878296678768,0,0,0.80193789551412065,0,0.53407878296678768,0.53407878296678768,0,0.77433850871381738,0,0,0.53407878296678768,0,0.77433850871381738,0,7,12,0,0,0,0,7,0,0,17,0,1,0,1,0,1,23,1,6,1,6,6,0,35,6,7,6,7,2,1,41,7,12,7,12,12,0,53,12,13,12,13,4,1,59,13,15,13,15,15,0,62,15,0,15,0,0.36081927405890707,8,-0.00079380405525580932,1.2011588585293274e-005,-0.00083566889584859444,-3.9197772474729511e-005,-0.0010015889263403979,-0.00015544190803474731,-0.0011115394610995838,-0.00012605901351721294,8,4,0,0.54725211849363453,1,0,2,0.51342573128109126,3,0,3,1,0.54725211849363453,2,0,3,0.51342573128109126,2,2,0.88937467644989454,3,0,1,3,0.88937467644989454,4,4,0.80193789551412065,5,0,6,0.53407878296678768,7,0,3,5,0.80193789551412065,6,0,7,0.53407878296678768,2,6,0.77433850871381738,7,0,1,7,0.77433850871381738,0.050000000000000003,-0.25,0.10000000000000001,-0.20000000000000001,0.15000000000000002,-0.15000000000000002,0.20000000000000001,-0.10000000000000001,0,4,4,8,8,8,8,35.93,0.59000000000000008,39.640202762908821,-0.35057942926868024,41.683444792322675,2.159888623724068,45,2.9100000000000006,48.549999999999997,3.5600000000000001,49.929446316724807,7.9220954017616485,55.376973054732353,6.4029506759041244,57.619999999999997,10.080000000000002,0.4909673551206889
optimize,34,17,2,0.014999999999999999,2.7000000000000002,0.5,8,10,35.859999999999999,0.91000000000000003,4,1000,37.240000000000002,0.71999999999999997,5,1001,38.619999999999997,0.67000000000000004,0,1002,40,0.76000000000000012,1,1003,43.549999999999997,2.1600000000000001,2,1004,44.93,2.5300000000000002,3,1005,46.310000000000002,3.0400000000000005,4,1006,49.859999999999999,3.6900000000000004,5,1007,51.240000000000002,4.4800000000000004,0,1008,52.619999999999997,6.580000000000001,1,1009,54,7.6500000000000012,2,1010,57.549999999999997,8.8600000000000012,3,1011,58.93,10.210000000000003,4,1012,60.310000000000002,12.870000000000001,5,1013,63.859999999999999,14.5,0,1014,65.239999999999995,16.270000000000003,1,1015,66.620000000000005,18.180000000000003,2,1016,17,0,1,2,3,4,5,6,7,8,9,10,11,12,13,14,15,16,17,20,23,26,29,32,35,38,41,44,47,50,53,56,59,62,65,0,2,0,2,0,1,0,2,0,2,0,2,1,2,0,2,0,16,0,16,15,14,13,12,11,10,9,8,7,6,5,4,3,2,117,120,123,126,129,132,135,138,141,144,147,150,153,156,159,162,1,2,0,2,0,2,0,1,0,2,0,2,0,2,1,2,6,12,4,1000,2,0,2,0,2,0,2,0,4,1005,4,1006,2,2,2,2,2,2,2,2,4,1011,4,1012,2,4,2,4,2,4,2,4,4,35.859999999999999,0.91000000000000003,39.078837864830618,-0.10254820364423838,41.94418841459548,1.6444718949114987,44.93,2.5300000000000002,-0.00078157675730144809,2.0509640728874623e-006,-0.00083888376829375361,-3.2889437898420137e-005,0.94275682838708674,0,0.50678357759348713,0,0,0.94275682838708674,0,0.50678357759348713,0.50678357759348713,0,0.50315628208096586,0,0,0.50678357759348713,0,0.50315628208096586,0,0,5,0,4,46.310000000000002,3.0400000000000005,51.997423245530733,1.7437873440562224,52.096236862724233,9.3214840031279849,57.549999999999997,8.8600000000000012,-0.0010399484649102064,-3.4875746880588809e-005,-0.0010419247372515164,-0.00018642968006218202,0.99598299518840894,0,0.79516838854255778,0,0,0.99598299518840894,0,0.79516838854255778,0.79516838854255778,0,0.95562552182472504,0,0,0.79516838854255778,0,0.95562552182472504,0,6,11,0,4,58.93,10.210000000000003,67.741147594146881,20.569850537332314,91.807487846059317,35.898852239741714,35.859999999999999,0.91000000000000003,-0.0013548229518840771,-0.00041139701074605073,-0.0018361497569211113,-0.00071797704479481528,0.90386673642341331,0,0.22454917113953471,0,0,0.90386673642341331,0,0.22454917113953471,0.22454917113953471,0,0.060937878675517171,0,0,0.22454917113953471,0,0.060937878675517171,0,12,17,0,5,0,1,20,0,5,0,5,5,0,32,5,6,5,6,2,1,38,6,11,6,11,11,0,50,11,12,11,12,4,1,56,12,0,12,0,5,4,2,120,0,12,0,5,5,0,132,12,11,5,6,2,2,138,11,6,6,11,11,0,150,6,5,11,12,0,2,156,5,0,12,0,67.147375422000465,12,2.7033980175881656,8.596447771033489,-0.00083888376829375361,-3.2889437898420137e-005,-0.0010399484649102064,-3.4875746880588809e-005,-0.0010419247372515164,-0.00018642968006218202,-0.0013548229518840771,-0.00041139701074605073,0.24250958918053162,-0.3914290002521234,12,6,0,-0.79167860465593287,1,-2.8430121561390163,2,0.50678357759348713,3,0,10,-0.018569388046177703,11,0.029692617663012406,5,1,0.39488221235596799,2,0,3,0.50678357759348713,10,-0.059031114918427004,11,0.094391281023124121,2,2,0.50315628208096586,3,0,1,3,0.50315628208096586,4,4,0.99598299518840894,5,0,6,0.79516838854255778,7,0,3,5,0.99598299518840894,6,0,7,0.79516838854255778,2,6,0.95562552182472504,7,0,1,7,0.95562552182472504,4,8,0.90386673642341331,9,0,10,0.22454917113953471,11,0,3,9,0.90386673642341331,10,0,11,0.22454917113953471,2,10,0.052980940784359276,11,0.0057396837610994124,1,11,0.062926801754964512,0.10000000000000001,-0.20000000000000001,0.15000000000000002,-0.15000000000000002,0.20000000000000001,-0.10000000000000001,0.25,-0.050000000000000003,0.30000000000000004,0,-0.30000000000000004,0.050000000000000003,0,4,4,8,8,12,35.859999999999999,0.91000000000000003,38.978837864830616,0.097451796355761636,41.794188414595482,1.7944718949114988,44.93,2.5300000000000002,46.310000000000002,3.0400000000000005,51.79742324553073,1.8437873440562225,51.846236862724233,9.3714840031279856,57.549999999999997,8.8600000000000012,58.93,10.210000000000003,67.441147594146884,20.569850537332314,92.107487846059314,35.848852239741717,35.859999999999999,0.91000000000000003,68.901498689012186
optimize,35,18,3,0.02,0.29999999999999999,0.5,9,0.25,30,30,5,1000,50.009999999999998,30.001999999999999,0,1001,50.020000000000003,50.008000000000003,1,1002,30.030000000000001,50.018000000000001,2,1003,30.039999999999999,30.032,3,1004,50.049999999999997,30.050000000000001,4,1005,50.060000000000002,50.072000000000003,5,1006,30.07,50.097999999999999,0,1007,30.079999999999998,30.128,1,1008,50.090000000000003,30.161999999999999,2,1009,50.100000000000001,50.200000000000003,3,1010,30.109999999999999,50.241999999999997,4,1011,30.120000000000001,30.288,5,1012,50.130000000000003,30.338000000000001,0,1013,50.140000000000001,50.392000000000003,1,1014,30.149999999999999,50.450000000000003,2,1015,30.16,30.512,3,1016,50.170000000000002,30.577999999999999,4,1017,18,0,1,2,0,4,5,6,7,8,9,10,11,12,13,14,15,16,17,17,20,23,26,29,32,35,38,41,44,47,50,53,56,59,62,65,68,1,2,0,2,0,2,0,1,0,2,0,2,0,2,1,2,0,2,17,0,17,16,0,14,13,12,11,10,9,8,7,6,5,4,3,2,117,120,123,126,129,132,135,138,141,144,147,150,153,156,159,162,165,0,2,1,2,0,2,0,2,0,1,0,2,0,2,0,2,1,16,2,3,4,2,6,7,8,9,10,11,12,13,14,15,16,17,217,220,223,226,229,232,235,238,241,244,247,250,253,256,259,262,0,2,0,2,1,2,0,2,0,2,0,1,0,2,0,2,20,0,4,1000,5,1001,4,1002,5,1003,4,1004,4,1005,5,1006,5,1007,5,1008,5,1009,4,1010,4,1011,5,1012,5,1013,5,1014,5,1015,4,1016,4,1017,0,0,0,0,0,0,0,0,0,0,0,0,0,0,0,0,0,0,0,0,18,0,0,17,0,1,0,1,1,0,20,1,2,1,2,2,0,23,2,0,2,3,3,0,26,0,4,3,4,4,0,29,4,5,4,5,5,0,32,5,6,5,6,6,0,35,6,7,6,7,7,0,38,7,8,7,8,8,0,41,8,9,8,9,9,0,44,9,10,9,10,10,0,47,10,11,10,11,11,0,50,11,12,11,12,12,0,53,12,13,12,13,13,0,56,13,14,13,14,14,0,59,14,15,14,15,15,0,62,15,16,15,16,16,0,65,16,17,16,17,17,0,68,17,0,17,0,17,0,0,117,0,17,0,1,1,0,120,17,16,1,2,2,0,123,16,0,2,3,3,0,126,0,14,3,4,4,0,129,14,13,4,5,5,0,132,13,12,5,6,6,0,135,12,11,6,7,7,0,138,11,10,7,8,8,0,141,10,9,8,9,9,0,144,9,8,9,10,10,0,147,8,7,10,11,11,0,150,7,6,11,12,12,0,153,6,5,12,13,13,0,156,5,4,13,14,14,0,159,4,3,14,15,15,0,162,3,2,15,16,16,0,165,2,0,16,0,16,0,0,217,2,3,0,1,1,0,220,3,4,1,2,2,0,223,4,2,2,3,3,0,226,2,6,3,4,4,0,229,6,7,4,5,5,0,232,7,8,5,6,6,0,235,8,9,6,7,7,0,238,9,10,7,8,8,0,241,10,11,8,9,9,0,244,11,12,9,10,10,0,247,12,13,10,11,11,0,250,13,14,11,12,12,0,253,14,15,12,13,13,0,256,15,16,13,14,14,0,259,16,17,14,15,15,0,262,17,2,15,0,0,0,0,0,0,0,0,0,0,0,0,0,0,0,0,0,0,0,0,0,0,0,0,0
optimize,36,19,1,0.0050000000000000001,0.69999999999999996,0.75,10,10,36.310000000000002,0,0,1000,39.859999999999999,0.97999999999999998,1,1001,41.240000000000002,0.93000000000000005,2,1002,42.619999999999997,1.02,3,1003,44,1.25,4,1004,47.549999999999997,2.79,5,1005,48.93,3.3000000000000007,0,1006,50.310000000000002,3.9500000000000002,1,1007,53.859999999999999,4.7400000000000002,2,1008,55.240000000000002,5.6700000000000008,3,1009,56.619999999999997,7.910000000000001,4,1010,58,9.120000000000001,5,1011,61.549999999999997,10.470000000000002,0,1012,62.93,11.960000000000003,1,1013,64.310000000000002,14.760000000000002,2,1014,67.859999999999999,16.530000000000001,3,1015,69.239999999999995,18.440000000000001,4,1016,70.620000000000005,20.490000000000002,5,1017,72,22.680000000000003,0,1018,19,0,1,2,3,4,5,6,7,8,9,10,11,12,13,14,15,16,17,18,17,20,23,26,29,32,35,38,41,44,47,50,53,56,59,62,65,68,71,0,2,1,2,0,2,0,2,0,1,0,2,0,2,0,2,1,2,0,7,10,2,1,2,1,2,1,4,1003,4,1004,2,3,2,3,2,3,2,3,4,1009,4,1010,2,5,2,5,2,5,2,5,4,1015,4,1016,2,0,5,1018,0,2,72,22.680000000000003,33.069787391103347,4.8785047128481906,23.27645405777001,-2.34149528715181,42.61999999999999,1.0200000000000014,-0.00027209362173381477,8.0444858616125076e-005,0.13439188755877216,0,0,0.13439188755877216,0,18,22,0,4,44,1.25,47.445289442620897,3.5397764310193729,51.83193583938192,3.5780680997442302,55.240000000000002,5.6700000000000008,-0.00094890578885062707,-7.0795528621513115e-005,-0.0010366387167862756,-7.1561361995348127e-005,0.94866876497835473,0,0.74964653889866528,0,0,0.94866876497835473,0,0.74964653889866528,0.74964653889866528,0,0.82948332867140928,0,0,0.74964653889866528,0,0.82948332867140928,0,4,9,0,4,56.619999999999997,7.910000000000001,62.063911816987066,9.1370433181358379,63.02706065416708,14.710559603894914,67.859999999999999,16.530000000000001,-0.0012412782363522279,-0.00018274086636363429,-0.0012605412130779481,-0.00029421119207417856,0.8561874599348025,0,0.67670660416917316,0,0,0.8561874599348025,0,0.67670660416917316,0.67670660416917316,0,0.82409499444423717,0,0,0.67670660416917316,0,0.82409499444423717,0,10,15,0,7,1,1,17,18,3,18,3,3,0,26,3,4,3,4,3,1,32,4,9,4,9,9,0,44,9,10,9,10,5,1,50,10,15,10,15,15,0,62,15,16,15,16,0,1,68,16,18,16,18,1.5227542879551088,10,-0.00027209362173381477,8.0444858616125076e-005,-0.00094890578885062707,-7.0795528621513115e-005,-0.0010366387167862756,-7.1561361995348127e-005,-0.0012412782363522279,-0.00018274086636363429,-0.0012605412130779481,-0.00029421119207417856,10,2,0,0.13439188755877216,1,0,1,1,0.13439188755877216,4,2,0.94866876497835473,3,0,4,0.74964653889866528,5,0,3,3,0.94866876497835473,4,0,5,0.74964653889866528,2,4,0.82948332867140928,5,0,1,5,0.82948332867140928,4,6,0.8561874599348025,7,0,8,0.67670660416917316,9,0,3,7,0.8561874599348025,8,0,9,0.67670660416917316,2,8,0.82409499444423717,9,0,1,9,0.82409499444423717,0.20000000000000001,-0.10000000000000001,0.25,-0.050000000000000003,0.30000000000000004,0,-0.30000000000000004,0.050000000000000003,-0.25,0.10000000000000001,0,0,2,2,6,6,10,72,22.680000000000003,32.936454057770014,4.9451713795148571,23.14312072443667,-2.2748286204851436,42.619999999999976,1.0200000000000014,44,1.25,47.195289442620897,3.5897764310193727,51.531935839381923,3.5780680997442302,55.240000000000002,5.6700000000000008,56.619999999999997,7.910000000000001,62.363911816987063,9.0870433181358372,63.27706065416708,14.610559603894915,67.859999999999999,16.530000000000001,1.7740610330019768
optimize,37,20,2,0.01,1.1000000000000001,0.5,11,10,37.619999999999997,0.13,1,1000,39,1.1100000000000001,2,1001,42.549999999999997,1.0600000000000001,3,1002,43.93,1.1500000000000001,4,1003,45.310000000000002,1.3800000000000001,5,1004,48.859999999999999,1.7500000000000002,0,1005,50.240000000000002,3.4300000000000006,1,1006,51.619999999999997,4.0800000000000001,2,1007,53,4.8700000000000001,3,1008,56.549999999999997,5.8000000000000007,4,1009,57.93,8.0400000000000009,5,1010,59.310000000000002,9.25,0,1011,62.859999999999999,10.600000000000001,1,1012,64.239999999999995,12.090000000000002,2,1013,65.620000000000005,13.720000000000001,3,1014,67,16.66,4,1015,70.549999999999997,18.57,5,1016,71.930000000000007,20.620000000000001,0,1017,73.310000000000002,22.810000000000002,1,1018,76.859999999999999,26.310000000000002,2,1019,20,0,1,2,3,4,5,6,7,8,9,10,11,12,13,14,15,16,17,18,19,17,20,23,26,29,32,35,38,41,44,47,50,53,56,59,62,65,68,71,74,0,2,0,2,1,2,0,2,0,2,0,1,0,2,0,2,0,2,1,2,19,0,19,18,17,16,15,14,13,12,11,10,9,8,7,6,5,4,3,2,117,120,123,126,129,132,135,138,141,144,147,150,153,156,159,162,165,168,171,0,2,0,2,0,2,1,2,0,2,0,2,0,1,0,2,0,2,0,7,12,5,1000,2,1,4,1002,4,1003,2,3,2,3,2,3,2,3,4,1008,4,1009,2,5,2,5,2,5,2,5,4,1014,4,1015,2,0,2,0,2,0,2,0,4,67,16.66,83.243936999713497,26.382752148532006,94.968428496168372,65.667473040351425,37.619999999999997,0.13,-0.0016648787400050657,-0.00052765504296538313,-0.0018993685699266322,-0.0013133494608049967,0.73195720144722964,0,0.15573591319173574,0,0,0.73195720144722964,0,0.15573591319173574,0.15573591319173574,0,0.038254399888323097,0,0,0.15573591319173574,0,0.038254399888323097,0,15,20,0,0,4,43.93,1.1500000000000001,47.947006971899143,0.59000220302956086,49.860575130885081,3.20014504288865,53,4.8700000000000001,-0.00095894013944121804,-1.180004406056874e-005,-0.0009972115026230092,-6.40029008579443e-005,0.56649809683469632,0,0.5205208863841887,0,0,0.56649809683469632,0,0.5205208863841887,0.5205208863841887,0,0.87880260731353488,0,0,0.5205208863841887,0,0.87880260731353488,0,3,8,0,4,56.549999999999997,5.8000000000000007,57.869901524413791,10.463026859270464,63.805835006280113,9.4280135560304963,65.620000000000005,13.720000000000001,-0.0011573980305047728,-0.00020926053718714477,-0.0012761167001305307,-0.00018856027112185147,0.81419367249820895,0,0.55421456863056728,0,0,0.81419367249820895,0,0.55421456863056728,0.55421456863056728,0,0.79059936114670126,0,0,0.55421456863056728,0,0.79059936114670126,0,9,14,0,7,1,1,20,0,2,0,2,2,0,23,2,3,2,3,3,1,29,3,8,3,8,8,0,41,8,9,8,9,5,1,47,9,14,9,14,14,0,59,14,15,14,15,0,1,65,15,0,15,0,7,0,2,120,0,15,0,5,5,0,132,15,14,5,6,5,2,138,14,9,6,11,11,0,150,9,8,11,12,3,2,156,8,3,12,17,17,0,168,3,2,17,18,18,0,171,2,0,18,0,1.0618917394313809,12,-0.0016648787400050657,-0.00052765504296538313,-0.0018993685699266322,-0.0013133494608049967,-0.00095894013944121804,-1.180004406056874e-005,-0.0009972115026230092,-6.40029008579443e-005,-0.0011573980305047728,-0.00020926053718714477,-0.0012761167001305307,-0.00018856027112185147,12,4,0,0.73195720144722964,1,0,2,0.15573591319173574,3,0,3,1,0.73195720144722964,2,0,3,0.15573591319173574,2,2,0.038254399888323097,3,0,1,3,0.038254399888323097,4,4,0.56649809683469632,5,0,6,0.5205208863841887,7,0,3,5,0.56649809683469632,6,0,7,0.5205208863841887,2,6,0.87880260731353488,7,0,1,7,0.87880260731353488,4,8,0.81419367249820895,9,0,10,0.55421456863056728,11,0,3,9,0.81419367249820895,10,0,11,0.55421456863056728,2,10,0.79059936114670126,11,0,1,11,0.79059936114670126,0.25,-0.050000000000000003,0.30000000000000004,0,-0.30000000000000004,0.050000000000000003,-0.25,0.10000000000000001,-0.20000000000000001,0.15000000000000002,-0.15000000000000002,0.20000000000000001,0,4,4,4,8,8,12,67,16.66,82.993936999713497,26.432752148532007,94.668428496168374,65.667473040351425,37.619999999999997,0.13,43.93,1.1500000000000001,48.24700697189914,0.54000220302956081,50.110575130885081,3.1001450428886499,53,4.8700000000000001,56.549999999999997,5.8000000000000007,58.069901524413794,10.313026859270463,63.955835006280111,9.228013556030497,65.620000000000005,13.720000000000001,1.2822570806887812
optimize,38,21,3,0.014999999999999999,1.5000000000000002,0.5,12,10,38.93,0.26000000000000001,2,1000,40.310000000000002,0.070000000000000007,3,1001,43.859999999999999,1.1899999999999999,4,1002,45.240000000000002,1.2800000000000002,5,1003,46.619999999999997,1.5100000000000002,0,1004,48,1.8800000000000003,1,1005,51.549999999999997,3.5600000000000005,2,1006,52.93,4.21,3,1007,54.310000000000002,5,4,1008,57.859999999999999,5.9300000000000006,5,1009,59.240000000000002,7.0000000000000009,0,1010,60.619999999999997,9.3800000000000008,1,1011,62,10.730000000000002,2,1012,65.549999999999997,12.220000000000002,3,1013,66.930000000000007,13.850000000000001,4,1014,68.310000000000002,16.790000000000003,5,1015,71.859999999999999,18.700000000000003,0,1016,73.239999999999995,20.75,1,1017,74.620000000000005,22.940000000000005,2,1018,76,25.270000000000003,3,1019,79.549999999999997,28.910000000000004,4,1020,21,0,1,2,3,4,5,6,7,8,9,10,11,12,13,14,15,16,17,18,19,20,17,20,23,26,29,32,35,38,41,44,47,50,53,56,59,62,65,68,71,74,77,0,2,0,2,0,2,1,2,0,2,0,2,0,1,0,2,0,2,0,2,1,20,0,20,19,18,17,16,15,14,13,12,11,10,9,8,7,6,5,4,3,2,117,120,123,126,129,132,135,138,141,144,147,150,153,156,159,162,165,168,171,174,0,1,0,2,0,2,0,2,1,2,0,2,0,2,0,1,0,2,0,2,19,2,3,4,5,6,7,8,9,10,11,12,13,14,15,16,17,18,19,20,217,220,223,226,229,232,235,238,241,244,247,250,253,256,259,262,265,268,271,0,2,0,1,0,2,0,2,0,2,1,2,0,2,0,2,0,1,0,9,12,5,1000,4,1001,4,1002,2,3,2,3,2,3,2,3,4,1007,4,1008,2,5,2,5,2,5,2,5,4,1013,4,1014,2,7,2,7,2,7,2,7,4,1019,4,1020,0,0,0,4,43.859999999999999,1.1899999999999999,47.1764277455841,1.0765276995434365,50.046383641469092,2.8208295051493635,52.93,4.21,-0.00094352855491502095,-2.1530553990921353e-005,-0.0010009276728363287,-5.6416590102820879e-005,0.9367731726173314,0,0.49810117775416185,0,0,0.9367731726173314,0,0.49810117775416185,0.49810117775416185,0,0.50043502022260089,0,0,0.49810117775416185,0,0.50043502022260089,0,2,7,0,4,54.310000000000002,5,60.33139680882487,4.1634827567593335,59.797417158717884,12.294362737288663,65.549999999999997,12.220000000000002,-0.0012066279361639017,-8.3269655133208498e-005,-0.001195948343159503,-0.00024588725474573164,0.98425699745386619,0,0.77331494905956011,0,0,0.98425699745386619,0,0.77331494905956011,0.77331494905956011,0,0.94021921771532091,0,0,0.77331494905956011,0,0.94021921771532091,0,8,13,0,4,66.930000000000007,13.850000000000001,68.810375193712872,18.514800668932924,74.632465929488902,19.792503043183856,76,25.270000000000003,-0.0013762075038723579,-0.00037029601337969231,-0.0014926493185979384,-0.00039585006086625962,0.74501471787896534,0,0.63911616201198806,0,0,0.74501471787896534,0,0.63911616201198806,0.63911616201198806,0,0.94362547555423604,0,0,0.63911616201198806,0,0.94362547555423604,0,14,19,0,9,0,0,17,0,1,0,1,1,0,20,1,2,1,2,3,1,26,2,7,2,7,7,0,38,7,8,7,8,5,1,44,8,13,8,13,13,0,56,13,14,13,14,7,1,62,14,19,14,19,19,0,74,19,20,19,20,20,0,77,20,0,20,0,8,0,0,117,0,20,0,1,1,0,120,20,19,1,2,7,2,126,19,14,2,7,7,0,138,14,13,7,8,5,2,144,13,8,8,13,13,0,156,8,7,13,14,3,2,162,7,2,14,19,19,0,174,2,0,19,0,7,3,1,220,2,7,0,5,5,0,232,7,8,5,6,5,1,238,8,13,6,11,11,0,250,13,14,11,12,7,1,256,14,19,12,17,17,0,268,19,20,17,18,18,0,271,20,2,18,0,0.69203923932444467,12,-0.00094352855491502095,-2.1530553990921353e-005,-0.0010009276728363287,-5.6416590102820879e-005,-0.0012066279361639017,-8.3269655133208498e-005,-0.001195948343159503,-0.00024588725474573164,-0.0013762075038723579,-0.00037029601337969231,-0.0014926493185979384,-0.00039585006086625962,12,4,0,0.9367731726173314,1,0,2,0.49810117775416185,3,0,3,1,0.9367731726173314,2,0,3,0.49810117775416185,2,2,0.50043502022260089,3,0,1,3,0.50043502022260089,4,4,0.98425699745386619,5,0,6,0.77331494905956011,7,0,3,5,0.98425699745386619,6,0,7,0.77331494905956011,2,6,0.94021921771532091,7,0,1,7,0.94021921771532091,4,8,0.74501471787896534,9,0,10,0.63911616201198806,11,0,3,9,0.74501471787896534,10,0,11,0.63911616201198806,2,10,0.94362547555423604,11,0,1,11,0.94362547555423604,0.30000000000000004,0,-0.30000000000000004,0.050000000000000003,-0.25,0.10000000000000001,-0.20000000000000001,0.15000000000000002,-0.15000000000000002,0.20000000000000001,-0.10000000000000001,0.25,0,0,0,0,4,4,8,8,12,43.859999999999999,1.1899999999999999,46.876427745584103,1.0765276995434365,50.346383641469089,2.7708295051493637,52.93,4.21,54.310000000000002,5,60.58139680882487,4.0634827567593339,59.997417158717887,12.144362737288663,65.549999999999997,12.220000000000002,66.930000000000007,13.850000000000001,68.960375193712878,18.314800668932925,74.732465929488896,19.542503043183856,76,25.270000000000003,0.92617239578880273
optimize,39,22,1,0.02,1.9000000000000001,0.75,0,1.25,40.240000000000002,0.39000000000000001,3,1000,41.619999999999997,0.20000000000000001,4,1001,43,1.3200000000000001,5,1002,46.549999999999997,1.4100000000000001,0,1003,47.93,1.6400000000000001,1,1004,49.310000000000002,2.0100000000000002,2,1005,52.859999999999999,2.5200000000000005,3,1006,54.240000000000002,4.3399999999999999,4,1007,55.619999999999997,5.1300000000000008,5,1008,57,6.0600000000000005,0,1009,60.549999999999997,7.1300000000000008,1,1010,61.93,9.5100000000000016,2,1011,63.310000000000002,10.860000000000001,3,1012,66.859999999999999,12.350000000000001,4,1013,68.239999999999995,13.98,5,1014,69.620000000000005,15.750000000000002,0,1015,71,18.830000000000002,1,1016,74.549999999999997,20.879999999999999,2,1017,75.930000000000007,23.070000000000004,3,1018,77.310000000000002,25.400000000000002,4,1019,80.859999999999999,29.040000000000003,5,1020,82.239999999999995,31.650000000000006,0,1021,22,0,1,2,3,4,5,6,7,8,9,10,11,12,13,14,15,16,17,18,19,20,21,17,20,23,26,29,32,35,38,41,44,47,50,53,56,59,62,65,68,71,74,77,80,0,1,0,2,0,2,0,2,1,2,0,2,0,2,0,1,0,2,0,2,0,2,22,0,4,1000,4,1001,5,1002,5,1003,5,1004,5,1005,4,1006,4,1007,5,1008,5,1009,5,1010,5,1011,4,1012,4,1013,5,1014,5,1015,5,1016,5,1017,4,1018,4,1019,5,1020,5,1021,0,0,0,0,0,0,0,0,0,0,0,0,0,0,0,0,0,0,0,0,0,0,22,0,0,17,0,1,0,1,1,0,20,1,2,1,2,2,0,23,2,3,2,3,3,0,26,3,4,3,4,4,0,29,4,5,4,5,5,0,32,5,6,5,6,6,0,35,6,7,6,7,7,0,38,7,8,7,8,8,0,41,8,9,8,9,9,0,44,9,10,9,10,10,0,47,10,11,10,11,11,0,50,11,12,11,12,12,0,53,12,13,12,13,13,0,56,13,14,13,14,14,0,59,14,15,14,15,15,0,62,15,16,15,16,16,0,65,16,17,16,17,17,0,68,17,18,17,18,18,0,71,18,19,18,19,19,0,74,19,20,19,20,20,0,77,20,21,20,21,21,0,80,21,0,21,0,0,0,0,0,0,0,0,0,0,0,0,0,0,0,0,0,0,0,0,0,0,0,0,0,0,0
optimize,40,23,2,0.0050000000000000001,2.2999999999999998,0.5,1,10,41.549999999999997,0.52000000000000002,4,1000,42.93,0.33000000000000002,5,1001,44.310000000000002,0.28000000000000003,0,1002,47.859999999999999,1.54,1,1003,49.240000000000002,1.77,2,1004,50.619999999999997,2.1400000000000001,3,1005,52,2.6500000000000004,4,1006,55.549999999999997,4.4700000000000006,5,1007,56.93,5.2600000000000007,0,1008,58.310000000000002,6.1900000000000013,1,1009,61.859999999999999,7.2600000000000007,2,1010,63.240000000000002,8.4700000000000006,3,1011,64.620000000000005,10.990000000000002,4,1012,66,12.480000000000002,5,1013,69.549999999999997,14.110000000000001,0,1014,70.930000000000007,15.880000000000003,1,1015,72.310000000000002,18.960000000000001,2,1016,75.859999999999999,21.010000000000002,3,1017,77.239999999999995,23.200000000000003,4,1018,78.620000000000005,25.530000000000005,5,1019,80,28.000000000000004,0,1020,83.549999999999997,31.780000000000005,1,1021,84.930000000000007,34.530000000000001,2,1022,23,0,1,2,0,4,5,6,7,8,9,10,11,12,13,14,15,16,17,18,19,20,21,22,17,20,23,26,29,32,35,38,41,44,47,50,53,56,59,62,65,68,71,74,77,80,83,0,2,0,1,0,2,0,2,0,2,1,2,0,2,0,2,0,1,0,2,0,2,0,22,0,22,21,0,19,18,17,16,15,14,13,12,11,10,9,8,7,6,5,4,3,2,117,120,123,126,129,132,135,138,141,144,147,150,153,156,159,162,165,168,171,174,177,180,0,2,0,2,0,1,0,2,0,2,0,2,1,2,0,2,0,2,0,1,0,2,25,0,4,1000,2,0,4,1002,5,1003,4,1004,4,1005,4,1006,2,6,5,1008,5,1009,5,1010,4,1011,4,1012,5,1013,5,1014,5,1015,5,1016,4,1017,4,1018,2,17,5,1020,5,1021,5,1022,0,0,0,0,0,0,0,0,0,0,0,0,0,0,0,0,0,0,0,0,0,0,0,0,0,20,0,1,20,0,2,0,2,2,0,23,2,0,2,3,3,0,26,0,4,3,4,4,0,29,4,5,4,5,5,0,32,5,6,5,6,6,1,38,6,8,6,8,8,0,41,8,9,8,9,9,0,44,9,10,9,10,10,0,47,10,11,10,11,11,0,50,11,12,11,12,12,0,53,12,13,12,13,13,0,56,13,14,13,14,14,0,59,14,15,14,15,15,0,62,15,16,15,16,16,0,65,16,17,16,17,17,0,68,17,18,17,18,17,1,74,18,20,18,20,20,0,77,20,21,20,21,21,0,80,21,22,21,22,22,0,83,22,0,22,0,20,0,0,117,0,22,0,1,1,0,120,22,21,1,2,2,0,123,21,0,2,3,17,2,129,0,18,3,5,5,0,132,18,17,5,6,6,0,135,17,16,6,7,7,0,138,16,15,7,8,8,0,141,15,14,8,9,9,0,144,14,13,9,10,10,0,147,13,12,10,11,11,0,150,12,11,11,12,12,0,153,11,10,12,13,13,0,156,10,9,13,14,14,0,159,9,8,14,15,6,2,165,8,6,15,17,17,0,168,6,5,17,18,18,0,171,5,4,18,19,19,0,174,4,3,19,20,20,0,177,3,2,20,21,21,0,180,2,0,21,0,0,0,0,0,0,0,0,0,0,0,0,0,0,0,0,0,0,0,0,0,0,0,0,0,0,0,0,0,0
optimize,41,24,3,0.01,2.7000000000000002,0.5,2,10,30,30,5,1000,50.009999999999998,30.001999999999999,0,1001,50.020000000000003,50.008000000000003,1,1002,30.030000000000001,50.018000000000001,2,1003,30.039999999999999,30.032,3,1004,50.049999999999997,30.050000000000001,4,1005,50.060000000000002,50.072000000000003,5,1006,30.07,50.097999999999999,0,1007,30.079999999999998,30.128,1,1008,50.090000000000003,30.161999999999999,2,1009,50.100000000000001,50.200000000000003,3,1010,30.109999999999999,50.241999999999997,4,1011,30.120000000000001,30.288,5,1012,50.130000000000003,30.338000000000001,0,1013,50.140000000000001,50.392000000000003,1,1014,30.149999999999999,50.450000000000003,2,1015,30.16,30.512,3,1016,50.170000000000002,30.577999999999999,4,1017,50.18,50.648000000000003,5,1018,30.190000000000001,50.722000000000001,0,1019,30.199999999999999,30.800000000000001,1,1020,50.210000000000001,30.882000000000001,2,1021,50.219999999999999,50.968000000000004,3,1022,30.23,51.058,4,1023,24,0,1,2,3,4,5,6,7,8,9,10,11,12,13,14,15,16,17,18,19,20,21,22,23,17,20,23,26,29,32,35,38,41,44,47,50,53,56,59,62,65,68,71,74,77,80,83,86,0,2,0,2,0,1,0,2,0,2,0,2,1,2,0,2,0,2,0,1,0,2,0,2,23,0,23,22,21,20,19,18,17,16,15,14,13,12,11,10,9,8,7,6,5,4,3,2,117,120,123,126,129,132,135,138,141,144,147,150,153,156,159,162,165,168,171,174,177,180,183,1,2,0,2,0,2,0,1,0,2,0,2,0,2,1,2,0,2,0,2,0,1,0,22,2,3,4,5,6,7,8,9,10,11,12,13,14,15,16,17,18,19,20,21,22,23,217,220,223,226,229,232,235,238,241,244,247,250,253,256,259,262,265,268,271,274,277,280,0,2,1,2,0,2,0,2,0,1,0,2,0,2,0,2,1,2,0,2,0,2,24,0,5,1000,5,1001,5,1002,5,1003,4,1004,4,1005,5,1006,5,1007,5,1008,5,1009,4,1010,4,1011,5,1012,5,1013,5,1014,5,1015,4,1016,4,1017,5,1018,5,1019,5,1020,5,1021,4,1022,4,1023,0,0,0,0,0,0,0,0,0,0,0,0,0,0,0,0,0,0,0,0,0,0,0,0,24,0,0,17,0,1,0,1,1,0,20,1,2,1,2,2,0,23,2,3,2,3,3,0,26,3,4,3,4,4,0,29,4,5,4,5,5,0,32,5,6,5,6,6,0,35,6,7,6,7,7,0,38,7,8,7,8,8,0,41,8,9,8,9,9,0,44,9,10,9,10,10,0,47,10,11,10,11,11,0,50,11,12,11,12,12,0,53,12,13,12,13,13,0,56,13,14,13,14,14,0,59,14,15,14,15,15,0,62,15,16,15,16,16,0,65,16,17,16,17,17,0,68,17,18,17,18,18,0,71,18,19,18,19,19,0,74,19,20,19,20,20,0,77,20,21,20,21,21,0,80,21,22,21,22,22,0,83,22,23,22,23,23,0,86,23,0,23,0,23,0,0,117,0,23,0,1,1,0,120,23,22,1,2,2,0,123,22,21,2,3,3,0,126,21,20,3,4,4,0,129,20,19,4,5,5,0,132,19,18,5,6,6,0,135,18,17,6,7,7,0,138,17,16,7,8,8,0,141,16,15,8,9,9,0,144,15,14,9,10,10,0,147,14,13,10,11,11,0,150,13,12,11,12,12,0,153,12,11,12,13,13,0,156,11,10,13,14,14,0,159,10,9,14,15,15,0,162,9,8,15,16,16,0,165,8,7,16,17,17,0,168,7,6,17,18,18,0,171,6,5,18,19,19,0,174,5,4,19,20,20,0,177,4,3,20,21,21,0,180,3,2,21,22,22,0,183,2,0,22,0,22,0,0,217,2,3,0,1,1,0,220,3,4,1,2,2,0,223,4,5,2,3,3,0,226,5,6,3,4,4,0,229,6,7,4,5,5,0,232,7,8,5,6,6,0,235,8,9,6,7,7,0,238,9,10,7,8,8,0,241,10,11,8,9,9,0,244,11,12,9,10,10,0,247,12,13,10,11,11,0,250,13,14,11,12,12,0,253,14,15,12,13,13,0,256,15,16,13,14,14,0,259,16,17,14,15,15,0,262,17,18,15,16,16,0,265,18,19,16,17,17,0,268,19,20,17,18,18,0,271,20,21,18,19,19,0,274,21,22,19,20,20,0,277,22,23,20,21,21,0,280,23,2,21,0,0,0,0,0,0,0,0,0,0,0,0,0,0,0,0,0,0,0,0,0,0,0,0,0,0,0,0,0
optimize,42,25,1,0.014999999999999999,0.29999999999999999,0.75,3,10,42,0.78000000000000003,0,1000,45.549999999999997,0.59000000000000008,1,1001,46.93,0.54000000000000004,2,1002,48.310000000000002,0.63000000000000012,3,1003,51.859999999999999,2.0300000000000002,4,1004,53.240000000000002,2.4000000000000004,5,1005,54.619999999999997,2.9100000000000006,0,1006,56,3.5600000000000001,1,1007,59.549999999999997,5.5200000000000005,2,1008,60.93,6.4500000000000011,3,1009,62.310000000000002,7.5200000000000014,4,1010,65.859999999999999,8.7300000000000004,5,1011,67.239999999999995,10.080000000000002,0,1012,68.620000000000005,12.740000000000002,1,1013,70,14.370000000000001,2,1014,73.549999999999997,16.140000000000001,3,1015,74.930000000000007,18.050000000000001,4,1016,76.310000000000002,21.27,5,1017,79.859999999999999,23.460000000000004,0,1018,81.239999999999995,25.790000000000003,1,1019,82.620000000000005,28.260000000000005,2,1020,84,30.870000000000005,3,1021,87.549999999999997,34.789999999999999,4,1022,88.930000000000007,37.68,5,1023,90.310000000000002,40.710000000000008,0,1024,25,0,1,2,3,4,5,6,7,8,9,10,11,12,13,14,15,16,17,18,19,20,21,22,23,24,17,20,23,26,29,32,35,38,41,44,47,50,53,56,59,62,65,68,71,74,77,80,83,86,89,1,2,0,2,0,2,0,1,0,2,0,2,0,2,1,2,0,2,0,2,0,1,0,2,0,14,6,2,1,2,1,2,1,4,1003,4,1004,2,3,2,3,2,3,2,3,4,1009,4,1010,5,1011,2,6,5,1013,5,1014,4,1015,4,1016,5,1017,5,1018,2,12,2,12,4,1021,4,1022,2,0,5,1024,0,2,90.310000000000002,40.710000000000008,36.114327188509151,13.171201324771342,22.114327188509151,-0.18879867522866078,48.310000000000002,0.63000000000000256,-0.00018032981565335553,1.1963960258102452e-005,0.07030089609533173,0,0,0.07030089609533173,0,24,28,0,4,51.859999999999999,2.0300000000000002,55.157810549420645,2.8127481947198616,58.147917690308105,4.5598124852786395,60.93,6.4500000000000011,-0.0011031562109735321,-5.6254963893932926e-005,-0.0011629583538019074,-9.1196249705738711e-005,0.93225989829485545,0,0.49919290755568885,0,0,0.93225989829485545,0,0.49919290755568885,0.49919290755568885,0,0.51025613537098136,0,0,0.49919290755568885,0,0.51025613537098136,0,4,9,0,0,0,0,0,0,0,0,0,0,14,1,1,17,24,3,24,3,3,0,26,3,4,3,4,3,1,32,4,9,4,9,9,0,44,9,10,9,10,10,0,47,10,11,10,11,6,1,53,11,13,11,13,13,0,56,13,14,13,14,14,0,59,14,15,14,15,15,0,62,15,16,15,16,16,0,65,16,17,16,17,17,0,68,17,18,17,18,12,1,74,18,21,18,21,21,0,80,21,22,21,22,0,1,86,22,24,22,24,0.079806299321789204,6,-0.00018032981565335553,1.1963960258102452e-005,-0.0011031562109735321,-5.6254963893932926e-005,-0.0011629583538019074,-9.1196249705738711e-005,6,2,0,0.07030089609533173,1,0,1,1,0.07030089609533173,4,2,0.93225989829485545,3,0,4,0.49919290755568885,5,0,3,3,0.93225989829485545,4,0,5,0.49919290755568885,2,4,0.51025613537098136,5,0,1,5,0.51025613537098136,-0.15000000000000002,0.20000000000000001,-0.10000000000000001,0.25,-0.050000000000000003,0.30000000000000004,0,0,2,2,6,6,6,6,6,6,6,6,6,6,90.310000000000002,40.710000000000008,36.214327188509159,13.037867991438006,22.214327188509159,-0.32213200856200075,48.310000000000002,0.62999999999998835,51.859999999999999,2.0300000000000002,55.257810549420647,2.5627481947198616,58.197917690308103,4.2598124852786396,60.93,6.4500000000000011,0.17917478181601743
optimize,43,26,2,0.02,0.69999999999999996,0.5,4,1,43.310000000000002,0.91000000000000003,1,1000,46.859999999999999,0.71999999999999997,2,1001,48.240000000000002,0.67000000000000004,3,1002,49.619999999999997,0.76000000000000012,4,1003,51,2.1600000000000001,5,1004,54.549999999999997,2.5300000000000002,0,1005,55.93,3.0400000000000005,1,1006,57.310000000000002,3.6900000000000004,2,1007,60.859999999999999,4.4800000000000004,3,1008,62.240000000000002,6.580000000000001,4,1009,63.619999999999997,7.6500000000000012,5,1010,65,8.8600000000000012,0,1011,68.549999999999997,10.210000000000003,1,1012,69.930000000000007,12.870000000000001,2,1013,71.310000000000002,14.5,3,1014,74.859999999999999,16.270000000000003,4,1015,76.239999999999995,18.180000000000003,5,1016,77.620000000000005,20.23,0,1017,79,23.590000000000003,1,1018,82.549999999999997,25.920000000000002,2,1019,83.930000000000007,28.390000000000004,3,1020,85.310000000000002,31.000000000000004,4,1021,88.859999999999999,34.920000000000002,5,1022,90.239999999999995,37.810000000000002,0,1023,91.620000000000005,40.840000000000011,1,1024,93,44.010000000000005,2,1025,26,0,1,2,3,4,5,6,7,8,9,10,11,12,13,14,15,16,17,18,19,20,21,22,23,24,25,17,20,23,26,29,32,35,38,41,44,47,50,53,56,59,62,65,68,71,74,77,80,83,86,89,92,0,2,1,2,0,2,0,2,0,1,0,2,0,2,0,2,1,2,0,2,0,2,0,1,0,2,25,0,25,24,23,22,21,20,19,18,17,16,15,14,13,12,11,10,9,8,7,6,5,4,3,2,117,120,123,126,129,132,135,138,141,144,147,150,153,156,159,162,165,168,171,174,177,180,183,186,189,0,2,0,2,1,2,0,2,0,2,0,1,0,2,0,2,0,2,1,2,0,2,0,2,0,9,16,5,1000,2,1,4,1002,4,1003,2,3,2,3,2,3,2,3,4,1008,4,1009,2,5,2,5,2,5,2,5,4,1014,4,1015,2,7,2,7,2,7,2,7,4,1020,4,1021,2,0,2,0,2,0,2,0,4,85.310000000000002,31.000000000000004,104.51460603123155,49.423461331874705,93.540024958494882,104.5773106366626,43.310000000000002,0.91000000000000003,-0.0020902921206114866,-0.00098846922664443809,-0.0018708004991687815,-0.0020915462127333011,0.66651510341534659,0,0.11813935759436242,0,0,0.66651510341534659,0,0.11813935759436242,0.11813935759436242,0,0.022934353953316871,0,0,0.11813935759436242,0,0.022934353953316871,0,21,26,0,0,4,49.619999999999997,0.76000000000000012,52.399214743582597,3.5200060100261519,57.353933416754387,2.6517208694646817,60.859999999999999,4.4800000000000004,-0.0010479842948574666,-7.0400120200639349e-005,-0.0011470786683340783,-5.3034417390129818e-005,0.82494073237675014,0,0.74710150780248408,0,0,0.82494073237675014,0,0.74710150780248408,0.74710150780248408,0,0.98217029533270772,0,0,0.74710150780248408,0,0.98217029533270772,0,3,8,0,4,62.240000000000002,6.580000000000001,65.465424710563781,9.4923558711001039,69.621349058221412,10.068719236869239,71.310000000000002,14.5,-0.0013093084942154276,-0.00018984711742206506,-0.0013924269811581846,-0.00020137438473541436,0.7627520758098888,0,0.49064585444160341,0,0,0.7627520758098888,0,0.49064585444160341,0.49064585444160341,0,0.68120947385528507,0,0,0.49064585444160341,0,0.68120947385528507,0,9,14,0,4,74.859999999999999,16.270000000000003,77.474104760410327,20.996214226855006,80.542360590615843,24.496365502081556,83.930000000000007,28.390000000000004,-0.0015494820952254296,-0.00041992428453930392,-0.0016108472118125383,-0.0004899273100445467,0.8496746501448561,0,0.54929143040026762,0,0,0.8496746501448561,0,0.54929143040026762,0.54929143040026762,0,0.68207080748380433,0,0,0.54929143040026762,0,0.68207080748380433,0,15,20,0,9,1,1,20,0,2,0,2,2,0,23,2,3,2,3,3,1,29,3,8,3,8,8,0,41,8,9,8,9,5,1,47,9,14,9,14,14,0,59,14,15,14,15,7,1,65,15,20,15,20,20,0,77,20,21,20,21,0,1,83,21,0,21,0,9,0,2,120,0,21,0,5,5,0,132,21,20,5,6,7,2,138,20,15,6,11,11,0,150,15,14,11,12,5,2,156,14,9,12,17,17,0,168,9,8,17,18,3,2,174,8,3,18,23,23,0,186,3,2,23,24,24,0,189,2,0,24,0,1.846091706823213,16,-0.0020902921206114866,-0.00098846922664443809,-0.0018708004991687815,-0.0020915462127333011,-0.0010479842948574666,-7.0400120200639349e-005,-0.0011470786683340783,-5.3034417390129818e-005,-0.0013093084942154276,-0.00018984711742206506,-0.0013924269811581846,-0.00020137438473541436,-0.0015494820952254296,-0.00041992428453930392,-0.0016108472118125383,-0.0004899273100445467,16,4,0,0.66651510341534659,1,0,2,0.11813935759436242,3,0,3,1,0.66651510341534659,2,0,3,0.11813935759436242,2,2,0.022934353953316871,3,0,1,3,0.022934353953316871,4,4,0.82494073237675014,5,0,6,0.74710150780248408,7,0,3,5,0.82494073237675014,6,0,7,0.74710150780248408,2,6,0.98217029533270772,7,0,1,7,0.98217029533270772,4,8,0.7627520758098888,9,0,10,0.49064585444160341,11,0,3,9,0.7627520758098888,10,0,11,0.49064585444160341,2,10,0.68120947385528507,11,0,1,11,0.68120947385528507,4,12,0.8496746501448561,13,0,14,0.54929143040026762,15,0,3,13,0.8496746501448561,14,0,15,0.54929143040026762,2,14,0.68207080748380433,15,0,1,15,0.68207080748380433,-0.10000000000000001,0.25,-0.050000000000000003,0.30000000000000004,0,-0.30000000000000004,0.050000000000000003,-0.25,0.10000000000000001,-0.20000000000000001,0.15000000000000002,-0.15000000000000002,0.20000000000000001,-0.10000000000000001,0.25,-0.050000000000000003,0,4,4,4,8,8,12,12,16,85.310000000000002,31.000000000000004,104.61460603123155,49.173461331874705,93.59002495849488,104.27731063666261,43.310000000000002,0.91000000000000003,49.619999999999997,0.76000000000000012,52.399214743582597,3.8200060100261517,57.30393341675439,2.9017208694646817,60.859999999999999,4.4800000000000004,62.240000000000002,6.580000000000001,65.365424710563786,9.6923558711001032,69.471349058221406,10.218719236869239,71.310000000000002,14.5,74.859999999999999,16.270000000000003,77.274104760410324,21.096214226855007,80.292360590615843,24.546365502081557,83.930000000000007,28.390000000000004,2.1374455730859854
optimize,44,27,3,0.0050000000000000001,1.1000000000000001,0.5,5,10,44.619999999999997,1.04,2,1000,46,0.85000000000000009,3,1001,49.549999999999997,0.80000000000000004,4,1002,50.93,0.89000000000000012,5,1003,52.310000000000002,1.1200000000000001,0,1004,55.859999999999999,2.6600000000000001,1,1005,57.240000000000002,3.1700000000000004,2,1006,58.619999999999997,3.8200000000000003,3,1007,60,4.6100000000000003,4,1008,63.549999999999997,6.7100000000000009,5,1009,64.930000000000007,7.7800000000000011,0,1010,66.310000000000002,8.9900000000000002,1,1011,69.859999999999999,10.340000000000002,2,1012,71.239999999999995,11.830000000000002,3,1013,72.620000000000005,14.630000000000001,4,1014,74,16.400000000000002,5,1015,77.549999999999997,18.310000000000002,0,1016,78.930000000000007,20.359999999999999,1,1017,80.310000000000002,23.720000000000002,2,1018,83.859999999999999,26.050000000000004,3,1019,85.239999999999995,28.520000000000003,4,1020,86.620000000000005,31.130000000000006,5,1021,88,33.880000000000003,0,1022,91.549999999999997,37.939999999999998,1,1023,92.930000000000007,40.970000000000006,2,1024,94.310000000000002,44.140000000000008,3,1025,97.859999999999999,47.45000000000001,4,1026,27,0,1,2,3,4,5,6,7,8,9,10,11,12,13,14,15,16,17,18,19,20,21,22,23,24,25,26,17,20,23,26,29,32,35,38,41,44,47,50,53,56,59,62,65,68,71,74,77,80,83,86,89,92,95,0,2,0,2,1,2,0,2,0,2,0,1,0,2,0,2,0,2,1,2,0,2,0,2,0,1,0,26,0,26,25,24,23,22,21,20,19,18,17,16,15,14,13,12,11,10,9,8,7,6,5,4,3,2,117,120,123,126,129,132,135,138,141,144,147,150,153,156,159,162,165,168,171,174,177,180,183,186,189,192,0,2,0,2,0,2,1,2,0,2,0,2,0,1,0,2,0,2,0,2,1,2,0,2,0,2,25,2,3,4,5,6,7,8,9,10,11,12,13,14,15,16,17,18,19,20,21,22,23,24,25,26,217,220,223,226,229,232,235,238,241,244,247,250,253,256,259,262,265,268,271,274,277,280,283,286,289,0,1,0,2,0,2,0,2,1,2,0,2,0,2,0,1,0,2,0,2,0,2,1,2,0,11,16,5,1000,4,1001,4,1002,2,3,2,3,2,3,2,3,4,1007,4,1008,2,5,2,5,2,5,2,5,4,1013,4,1014,2,7,2,7,2,7,2,7,4,1019,4,1020,2,9,2,9,2,9,2,9,4,1025,4,1026,0,0,0,4,49.549999999999997,0.80000000000000004,52.852064661999357,0.67185402013740569,55.643001475798378,2.694789898557945,58.619999999999997,3.8200000000000003,-0.0010570412932520245,-1.3437080402674793e-005,-0.0011128600295203083,-5.3895797971131865e-005,0.67062093475421003,0,0.40801147479966604,0,0,0.67062093475421003,0,0.40801147479966604,0.40801147479966604,0,0.68688619759762493,0,0,0.40801147479966604,0,0.68688619759762493,0,2,7,0,4,60,4.6100000000000003,63.582176898049354,7.4046232352464658,67.883225449795589,9.0184895191490941,71.239999999999995,11.830000000000002,-0.0012716435379754726,-0.00014809246470707388,-0.0013576645090139228,-0.00018036979038438261,0.94604683507973208,0,0.74055550979056106,0,0,0.94604683507973208,0,0.74055550979056106,0.74055550979056106,0,0.84161230626333794,0,0,0.74055550979056106,0,0.84161230626333794,0,8,13,0,4,72.620000000000005,14.630000000000001,78.021311958454177,17.149694339536445,78.871667862595842,23.248514362468828,83.859999999999999,26.050000000000004,-0.001560426239150009,-0.00034299388679159826,-0.0015774333572489141,-0.00046497028725217548,0.86259195138070821,0,0.66498293714373258,0,0,0.86259195138070821,0,0.66498293714373258,0.66498293714373258,0,0.81671916047351367,0,0,0.66498293714373258,0,0.81671916047351367,0,14,19,0,4,85.239999999999995,28.520000000000003,87.360587571625231,34.361461480773499,92.795436525974807,37.98322495194649,94.310000000000002,44.140000000000008,-0.0017472117514258818,-0.0006872292296120526,-0.0018559087305080185,-0.00075966449903161481,0.78027827821150286,0,0.53621836762463204,0,0,0.78027827821150286,0,0.53621836762463204,0.53621836762463204,0,0.77220875932319821,0,0,0.53621836762463204,0,0.77220875932319821,0,20,25,0,11,0,0,17,0,1,0,1,1,0,20,1,2,1,2,3,1,26,2,7,2,7,7,0,38,7,8,7,8,5,1,44,8,13,8,13,13,0,56,13,14,13,14,7,1,62,14,19,14,19,19,0,74,19,20,19,20,9,1,80,20,25,20,25,25,0,92,25,26,25,26,26,0,95,26,0,26,0,10,0,0,117,0,26,0,1,1,0,120,26,25,1,2,9,2,126,25,20,2,7,7,0,138,20,19,7,8,7,2,144,19,14,8,13,13,0,156,14,13,13,14,5,2,162,13,8,14,19,19,0,174,8,7,19,20,3,2,180,7,2,20,25,25,0,192,2,0,25,0,9,3,1,220,2,7,0,5,5,0,232,7,8,5,6,5,1,238,8,13,6,11,11,0,250,13,14,11,12,7,1,256,14,19,12,17,17,0,268,19,20,17,18,9,1,274,20,25,18,23,23,0,286,25,26,23,24,24,0,289,26,2,24,0,1.7416732229726675,16,-0.0010570412932520245,-1.3437080402674793e-005,-0.0011128600295203083,-5.3895797971131865e-005,-0.0012716435379754726,-0.00014809246470707388,-0.0013576645090139228,-0.00018036979038438261,-0.001560426239150009,-0.00034299388679159826,-0.0015774333572489141,-0.00046497028725217548,-0.0017472117514258818,-0.0006872292296120526,-0.0018559087305080185,-0.00075966449903161481,16,4,0,0.67062093475421003,1,0,2,0.40801147479966604,3,0,3,1,0.67062093475421003,2,0,3,0.40801147479966604,2,2,0.68688619759762493,3,0,1,3,0.68688619759762493,4,4,0.94604683507973208,5,0,6,0.74055550979056106,7,0,3,5,0.94604683507973208,6,0,7,0.74055550979056106,2,6,0.84161230626333794,7,0,1,7,0.84161230626333794,4,8,0.86259195138070821,9,0,10,0.66498293714373258,11,0,3,9,0.86259195138070821,10,0,11,0.66498293714373258,2,10,0.81671916047351367,11,0,1,11,0.81671916047351367,4,12,0.78027827821150286,13,0,14,0.53621836762463204,15,0,3,13,0.78027827821150286,14,0,15,0.53621836762463204,2,14,0.77220875932319821,15,0,1,15,0.77220875932319821,-0.050000000000000003,0.30000000000000004,0,-0.30000000000000004,0.050000000000000003,-0.25,0.10000000000000001,-0.20000000000000001,0.15000000000000002,-0.15000000000000002,0.20000000000000001,-0.10000000000000001,0.25,-0.050000000000000003,0.30000000000000004,0,0,0,0,0,4,4,8,8,12,12,16,49.549999999999997,0.80000000000000004,52.902064661999354,0.37185402013740565,55.643001475798378,2.9947898985579453,58.619999999999997,3.8200000000000003,60,4.6100000000000003,63.532176898049357,7.6546232352464658,67.783225449795594,9.2184895191490934,71.239999999999995,11.830000000000002,72.620000000000005,14.630000000000001,77.871311958454172,17.299694339536444,78.671667862595839,23.34851436246883,83.859999999999999,26.050000000000004,85.239999999999995,28.520000000000003,87.110587571625231,34.411461480773497,92.49543652597481,37.98322495194649,94.310000000000002,44.140000000000008,2.0309403590375061
optimize,45,28,1,0.01,1.5000000000000002,0.75,6,10,45.93,0,3,1000,47.310000000000002,0.97999999999999998,4,1001,50.859999999999999,0.93000000000000005,5,1002,52.240000000000002,1.02,0,1003,53.619999999999997,1.25,1,1004,55,2.79,2,1005,58.549999999999997,3.3000000000000007,3,1006,59.93,3.9500000000000002,4,1007,61.310000000000002,4.7400000000000002,5,1008,64.859999999999999,5.6700000000000008,0,1009,66.239999999999995,7.910000000000001,1,1010,67.620000000000005,9.120000000000001,2,1011,69,10.470000000000002,3,1012,72.549999999999997,11.960000000000003,4,1013,73.930000000000007,14.760000000000002,5,1014,75.310000000000002,16.530000000000001,0,1015,78.859999999999999,18.440000000000001,1,1016,80.239999999999995,20.490000000000002,2,1017,81.620000000000005,22.680000000000003,3,1018,83,26.180000000000003,4,1019,86.549999999999997,28.650000000000002,5,1020,87.930000000000007,31.260000000000005,0,1021,89.310000000000002,34.010000000000005,1,1022,92.859999999999999,38.07,2,1023,94.239999999999995,41.100000000000009,3,1024,95.620000000000005,44.27000000000001,4,1025,97,47.580000000000005,5,1026,100.55,51.030000000000008,0,1027,28,0,1,2,0,4,5,6,7,8,9,10,11,12,13,14,15,16,17,18,19,20,21,22,23,24,25,26,27,17,20,23,26,29,32,35,38,41,44,47,50,53,56,59,62,65,68,71,74,77,80,83,86,89,92,95,98,0,2,0,2,0,2,1,2,0,2,0,2,0,1,0,2,0,2,0,2,1,2,0,2,0,2,0,1,15,8,4,1000,4,1001,5,1002,0,1003,2,3,2,3,4,1006,4,1007,2,5,2,5,2,5,2,5,4,1012,4,1013,2,7,2,7,5,1016,2,8,4,1018,4,1019,2,10,2,10,2,10,2,10,4,1024,4,1025,2,12,5,1027,0,0,0,0,0,4,59.93,3.9500000000000002,64.203183049816204,4.7001074314864431,66.134679178438034,7.5407582103240784,69,10.470000000000002,-0.0012840636609979901,-9.4002148630348628e-005,-0.0013226935835645368,-0.00015081516420694524,0.61795683272048452,0,0.53849288110504356,0,0,0.61795683272048452,0,0.53849288110504356,0.53849288110504356,0,0.8631730120622394,0,0,0.53849288110504356,0,0.8631730120622394,0,7,12,0,0,0,0,4,83,26.180000000000003,88.290923766870506,29.59301037853588,90.68581234182426,36.079626467795563,94.239999999999995,41.100000000000009,-0.0017658184753383196,-0.00059186020757734381,-0.0018137162468374601,-0.00072159252936110363,0.95736136809932026,0,0.66238022887794556,0,0,0.95736136809932026,0,0.66238022887794556,0.66238022887794556,0,0.75542517183796598,0,0,0.66238022887794556,0,0.75542517183796598,0,19,24,0,0,0,0,14,0,0,17,0,1,0,1,1,0,20,1,2,1,2,2,0,23,2,0,2,3,3,1,29,0,6,3,6,6,0,35,6,7,6,7,5,1,41,7,12,7,12,12,0,53,12,13,12,13,7,1,59,13,16,13,16,8,1,68,16,18,16,18,18,0,71,18,19,18,19,10,1,77,19,24,19,24,24,0,89,24,25,24,25,12,1,95,25,27,25,27,27,0,98,27,0,27,0,1.183156137571937,8,-0.0012840636609979901,-9.4002148630348628e-005,-0.0013226935835645368,-0.00015081516420694524,-0.0017658184753383196,-0.00059186020757734381,-0.0018137162468374601,-0.00072159252936110363,8,4,0,0.61795683272048452,1,0,2,0.53849288110504356,3,0,3,1,0.61795683272048452,2,0,3,0.53849288110504356,2,2,0.8631730120622394,3,0,1,3,0.8631730120622394,4,4,0.95736136809932026,5,0,6,0.66238022887794556,7,0,3,5,0.95736136809932026,6,0,7,0.66238022887794556,2,6,0.75542517183796598,7,0,1,7,0.75542517183796598,0,-0.30000000000000004,0.050000000000000003,-0.25,0.10000000000000001,-0.20000000000000001,0.15000000000000002,-0.15000000000000002,0,0,0,0,0,0,4,4,4,4,4,8,8,8,8,59.93,3.9500000000000002,64.203183049816204,5.0001074314864429,66.084679178438037,7.7907582103240784,69,10.470000000000002,83,26.180000000000003,88.190923766870512,29.793010378535879,90.535812341824254,36.229626467795562,94.239999999999995,41.100000000000009,1.3503635034947812
optimize,46,29,2,0.014999999999999999,1.9000000000000001,0.5,7,10,47.240000000000002,0.13,4,1000,48.619999999999997,1.1100000000000001,5,1001,50,1.0600000000000001,0,1002,53.549999999999997,1.1500000000000001,1,1003,54.93,1.3800000000000001,2,1004,56.310000000000002,1.7500000000000002,3,1005,59.859999999999999,3.4300000000000006,4,1006,61.240000000000002,4.0800000000000001,5,1007,62.619999999999997,4.8700000000000001,0,1008,64,5.8000000000000007,1,1009,67.549999999999997,8.0400000000000009,2,1010,68.930000000000007,9.25,3,1011,70.310000000000002,10.600000000000001,4,1012,73.859999999999999,12.090000000000002,5,1013,75.239999999999995,13.720000000000001,0,1014,76.620000000000005,16.66,1,1015,78,18.57,2,1016,81.549999999999997,20.620000000000001,3,1017,82.930000000000007,22.810000000000002,4,1018,84.310000000000002,26.310000000000002,5,1019,87.859999999999999,28.780000000000005,0,1020,89.239999999999995,31.390000000000004,1,1021,90.620000000000005,34.140000000000001,2,1022,92,37.030000000000001,3,1023,95.549999999999997,41.230000000000004,4,1024,96.930000000000007,44.400000000000006,5,1025,98.310000000000002,47.710000000000008,0,1026,101.86,51.160000000000011,1,1027,103.23999999999999,55.920000000000002,2,1028,29,0,1,2,3,4,5,6,7,8,9,10,11,12,13,14,15,16,17,18,19,20,21,22,23,24,25,26,27,28,17,20,23,26,29,32,35,38,41,44,47,50,53,56,59,62,65,68,71,74,77,80,83,86,89,92,95,98,101,0,1,0,2,0,2,0,2,1,2,0,2,0,2,0,1,0,2,0,2,0,2,1,2,0,2,0,2,0,28,0,28,27,26,25,24,23,22,21,20,19,18,17,16,15,14,13,12,11,10,9,8,7,6,5,4,3,2,117,120,123,126,129,132,135,138,141,144,147,150,153,156,159,162,165,168,171,174,177,180,183,186,189,192,195,198,0,2,0,1,0,2,0,2,0,2,1,2,0,2,0,2,0,1,0,2,0,2,0,2,1,2,0,2,10,20,4,1000,2,0,2,0,2,0,2,0,4,1005,4,1006,2,2,2,2,2,2,2,2,4,1011,4,1012,2,4,2,4,2,4,2,4,4,1017,4,1018,2,6,2,6,2,6,2,6,4,1023,4,1024,2,8,2,8,2,8,2,8,4,47.240000000000002,0.13,49.686556394463075,2.3224415467565995,53.417878931754117,0.2930678443111665,56.310000000000002,1.7500000000000002,-0.00099373112790570673,-4.6448830935420446e-005,-0.0010683575786489038,-5.8613568865856225e-006,0.73443031517869151,0,0.45126720158190387,0,0,0.73443031517869151,0,0.45126720158190387,0.45126720158190387,0,0.70626702878097569,0,0,0.45126720158190387,0,0.70626702878097569,0,0,5,0,4,59.859999999999999,3.4300000000000006,63.047009129824474,5.0559104429534232,66.238384205131354,6.8734216612980807,68.930000000000007,9.25,-0.0012609401826051648,-0.00010111820885921625,-0.0013247676841081253,-0.0001374684332270254,0.92993521384143274,0,0.50780646681169195,0,0,0.92993521384143274,0,0.50780646681169195,0.50780646681169195,0,0.5285389278930388,0,0,0.50780646681169195,0,0.5285389278930388,0,6,11,0,4,70.310000000000002,10.600000000000001,76.879419169860483,10.827111789145929,75.286998446043043,19.76393139445436,81.549999999999997,20.620000000000001,-0.0015375883833782418,-0.00021654223578365227,-0.0015057399689188157,-0.00039527862788876766,0.95934025286149405,0,0.73583152617514924,0,0,0.95934025286149405,0,0.73583152617514924,0.73583152617514924,0,0.91460360217383418,0,0,0.73583152617514924,0,0.91460360217383418,0,12,17,0,4,82.930000000000007,22.810000000000002,84.928225540351562,28.182832904147123,90.809294584310919,30.776096231624475,92,37.030000000000001,-0.0016985645108201775,-0.00056365665808649767,-0.0018161858917060125,-0.0006155219246399557,0.77616513335518489,0,0.64992344891045861,0,0,0.77616513335518489,0,0.64992344891045861,0.64992344891045861,0,0.93004391178381174,0,0,0.64992344891045861,0,0.93004391178381174,0,18,23,0,4,95.549999999999997,41.230000000000004,109.52990002374398,69.356867861258479,136.91529700832498,100.87644340332892,47.240000000000002,0.13,-0.0021905980004868764,-0.0013871373572186541,-0.0027383059401669338,-0.0020175288680657558,0.51434865010302266,0,0.085251190841389768,0,0,0.51434865010302266,0,0.085251190841389768,0.085251190841389768,0,0.015706225862350619,0,0,0.085251190841389768,0,0.015706225862350619,0,24,29,0,9,0,1,20,0,5,0,5,5,0,32,5,6,5,6,2,1,38,6,11,6,11,11,0,50,11,12,11,12,4,1,56,12,17,12,17,17,0,68,17,18,17,18,6,1,74,18,23,18,23,23,0,86,23,24,23,24,8,1,92,24,0,24,0,9,8,2,120,0,24,0,5,5,0,132,24,23,5,6,6,2,138,23,18,6,11,11,0,150,18,17,11,12,4,2,156,17,12,12,17,17,0,168,12,11,17,18,2,2,174,11,6,18,23,23,0,186,6,5,23,24,0,2,192,5,0,24,0,41.94727713510337,20,-0.45831208348567765,0.51027736843179305,-0.0010683575786489038,-5.8613568865856225e-006,-0.0012609401826051648,-0.00010111820885921625,-0.0013247676841081253,-0.0001374684332270254,-0.0015375883833782418,-0.00021654223578365227,-0.0015057399689188157,-0.00039527862788876766,-0.0016985645108201775,-0.00056365665808649767,-0.0018161858917060125,-0.0006155219246399557,-0.0021905980004868764,-0.0013871373572186541,0.0097289614347499387,-0.013114753414763043,20,6,0,0.12164942178178606,1,0.89239385578929242,2,0.45126720158190387,3,0,18,0.022357890335616047,19,-0.019900955195999295,5,1,-0.49416148719268627,2,0,3,0.45126720158190387,18,-0.024949280699513326,19,0.022207574593139441,2,2,0.70626702878097569,3,0,1,3,0.70626702878097569,4,4,0.92993521384143274,5,0,6,0.50780646681169195,7,0,3,5,0.92993521384143274,6,0,7,0.50780646681169195,2,6,0.5285389278930388,7,0,1,7,0.5285389278930388,4,8,0.95934025286149405,9,0,10,0.73583152617514924,11,0,3,9,0.95934025286149405,10,0,11,0.73583152617514924,2,10,0.91460360217383418,11,0,1,11,0.91460360217383418,4,12,0.77616513335518489,13,0,14,0.64992344891045861,15,0,3,13,0.77616513335518489,14,0,15,0.64992344891045861,2,14,0.93004391178381174,15,0,1,15,0.93004391178381174,4,16,0.51434865010302266,17,0,18,0.085251190841389768,19,0,3,17,0.51434865010302266,18,0,19,0.085251190841389768,2,18,0.014973797006618416,19,0.00052819242052347826,1,19,0.015346227172410827,0.050000000000000003,-0.25,0.10000000000000001,-0.20000000000000001,0.15000000000000002,-0.15000000000000002,0.20000000000000001,-0.10000000000000001,0.25,-0.050000000000000003,0.30000000000000004,0,-0.30000000000000004,0.050000000000000003,-0.25,0.10000000000000001,-0.20000000000000001,0.15000000000000002,-0.15000000000000002,0.20000000000000001,0,4,4,8,8,12,12,16,16,20,47.240000000000002,0.13,49.636556394463078,2.5724415467565995,53.317878931754116,0.49306784431116651,56.310000000000002,1.7500000000000002,59.859999999999999,3.4300000000000006,62.897009129824475,5.2059104429534235,66.038384205131351,6.9734216612980804,68.930000000000007,9.25,70.310000000000002,10.600000000000001,76.629419169860483,10.87711178914593,74.986998446043046,19.76393139445436,81.549999999999997,20.620000000000001,82.930000000000007,22.810000000000002,85.228225540351559,28.132832904147122,91.059294584310919,30.676096231624474,92,37.030000000000001,95.549999999999997,41.230000000000004,109.72990002374398,69.206867861258473,137.06529700832499,100.67644340332892,47.240000000000002,0.13,42.446922266349205
optimize,47,30,3,0.02,2.2999999999999998,0.5,8,0.75,30,30,5,1000,50.009999999999998,30.001999999999999,0,1001,50.020000000000003,50.008000000000003,1,1002,30.030000000000001,50.018000000000001,2,1003,30.039999999999999,30.032,3,1004,50.049999999999997,30.050000000000001,4,1005,50.060000000000002,50.072000000000003,5,1006,30.07,50.097999999999999,0,1007,30.079999999999998,30.128,1,1008,50.090000000000003,30.161999999999999,2,1009,50.100000000000001,50.200000000000003,3,1010,30.109999999999999,50.241999999999997,4,1011,30.120000000000001,30.288,5,1012,50.130000000000003,30.338000000000001,0,1013,50.140000000000001,50.392000000000003,1,1014,30.149999999999999,50.450000000000003,2,1015,30.16,30.512,3,1016,50.170000000000002,30.577999999999999,4,1017,50.18,50.648000000000003,5,1018,30.190000000000001,50.722000000000001,0,1019,30.199999999999999,30.800000000000001,1,1020,50.210000000000001,30.882000000000001,2,1021,50.219999999999999,50.968000000000004,3,1022,30.23,51.058,4,1023,30.239999999999998,31.152000000000001,5,1024,50.25,31.25,0,1025,50.259999999999998,51.351999999999997,1,1026,30.27,51.457999999999998,2,1027,30.280000000000001,31.568000000000001,3,1028,50.289999999999999,31.681999999999999,4,1029,30,0,1,2,3,4,5,6,7,8,9,10,11,12,13,14,15,16,17,18,19,20,21,22,23,24,25,26,27,28,29,17,20,23,26,29,32,35,38,41,44,47,50,53,56,59,62,65,68,71,74,77,80,83,86,89,92,95,98,101,104,0,2,0,1,0,2,0,2,0,2,1,2,0,2,0,2,0,1,0,2,0,2,0,2,1,2,0,2,0,2,29,0,29,28,27,26,25,24,23,22,21,20,19,18,17,16,15,14,13,12,11,10,9,8,7,6,5,4,3,2,117,120,123,126,129,132,135,138,141,144,147,150,153,156,159,162,165,168,171,174,177,180,183,186,189,192,195,198,201,0,2,0,2,0,1,0,2,0,2,0,2,1,2,0,2,0,2,0,1,0,2,0,2,0,2,1,2,0,28,2,3,4,5,6,7,8,9,10,11,12,13,14,15,16,17,18,19,20,21,22,23,24,25,26,27,28,29,217,220,223,226,229,232,235,238,241,244,247,250,253,256,259,262,265,268,271,274,277,280,283,286,289,292,295,298,1,2,0,2,0,2,0,1,0,2,0,2,0,2,1,2,0,2,0,2,0,1,0,2,0,2,0,2,30,0,5,1000,5,1001,5,1002,5,1003,4,1004,4,1005,5,1006,5,1007,5,1008,5,1009,4,1010,4,1011,5,1012,5,1013,5,1014,5,1015,4,1016,4,1017,5,1018,5,1019,5,1020,5,1021,4,1022,4,1023,5,1024,5,1025,5,1026,5,1027,4,1028,4,1029,0,0,0,0,0,0,0,0,0,0,0,0,0,0,0,0,0,0,0,0,0,0,0,0,0,0,0,0,0,0,30,0,0,17,0,1,0,1,1,0,20,1,2,1,2,2,0,23,2,3,2,3,3,0,26,3,4,3,4,4,0,29,4,5,4,5,5,0,32,5,6,5,6,6,0,35,6,7,6,7,7,0,38,7,8,7,8,8,0,41,8,9,8,9,9,0,44,9,10,9,10,10,0,47,10,11,10,11,11,0,50,11,12,11,12,12,0,53,12,13,12,13,13,0,56,13,14,13,14,14,0,59,14,15,14,15,15,0,62,15,16,15,16,16,0,65,16,17,16,17,17,0,68,17,18,17,18,18,0,71,18,19,18,19,19,0,74,19,20,19,20,20,0,77,20,21,20,21,21,0,80,21,22,21,22,22,0,83,22,23,22,23,23,0,86,23,24,23,24,24,0,89,24,25,24,25,25,0,92,25,26,25,26,26,0,95,26,27,26,27,27,0,98,27,28,27,28,28,0,101,28,29,28,29,29,0,104,29,0,29,0,29,0,0,117,0,29,0,1,1,0,120,29,28,1,2,2,0,123,28,27,2,3,3,0,126,27,26,3,4,4,0,129,26,25,4,5,5,0,132,25,24,5,6,6,0,135,24,23,6,7,7,0,138,23,22,7,8,8,0,141,22,21,8,9,9,0,144,21,20,9,10,10,0,147,20,19,10,11,11,0,150,19,18,11,12,12,0,153,18,17,12,13,13,0,156,17,16,13,14,14,0,159,16,15,14,15,15,0,162,15,14,15,16,16,0,165,14,13,16,17,17,0,168,13,12,17,18,18,0,171,12,11,18,19,19,0,174,11,10,19,20,20,0,177,10,9,20,21,21,0,180,9,8,21,22,22,0,183,8,7,22,23,23,0,186,7,6,23,24,24,0,189,6,5,24,25,25,0,192,5,4,25,26,26,0,195,4,3,26,27,27,0,198,3,2,27,28,28,0,201,2,0,28,0,28,0,0,217,2,3,0,1,1,0,220,3,4,1,2,2,0,223,4,5,2,3,3,0,226,5,6,3,4,4,0,229,6,7,4,5,5,0,232,7,8,5,6,6,0,235,8,9,6,7,7,0,238,9,10,7,8,8,0,241,10,11,8,9,9,0,244,11,12,9,10,10,0,247,12,13,10,11,11,0,250,13,14,11,12,12,0,253,14,15,12,13,13,0,256,15,16,13,14,14,0,259,16,17,14,15,15,0,262,17,18,15,16,16,0,265,18,19,16,17,17,0,268,19,20,17,18,18,0,271,20,21,18,19,19,0,274,21,22,19,20,20,0,277,22,23,20,21,21,0,280,23,24,21,22,22,0,283,24,25,22,23,23,0,286,25,26,23,24,24,0,289,26,27,24,25,25,0,292,27,28,25,26,26,0,295,28,29,26,27,27,0,298,29,2,27,0,0,0,0,0,0,0,0,0,0,0,0,0,0,0,0,0,0,0,0,0,0,0,0,0,0,0,0,0,0,0,0,0,0,0
