interval,0,8,0,0,11,23,11,23,11,23,11,23,11,23,11,23,11,23,11,23,11,23,11,23,11,23,11,23,0
schedule,0,8,0,8,0.0050000000000000001,0.20000000000000001,0.75,0,11,23,11,23,11,23,11,23,11,23,11,23,11,23,11,23,8,0,1,1,1,2,1,3,1,4,1,5,1,6,1,7,1,0.0050000000000000001
marks,0,8,0,8,0.0050000000000000001,0.20000000000000001,0.75,0,11,23,11,23,11,23,11,23,11,23,11,23,11,23,11,23,0,9,4,1000,5,1001,5,1002,5,1003,5,1004,5,1005,5,1006,5,1007
interval,1,9,1,2,73,25.32,64.25,21.551171875000001,55.5,15.744375,46.75,10.039140625,38,4.7050000000000001,29.25,0.011484374999999991,20.5,-3.7718750000000001,11.75,-4.5055468750000003,3,-5.6600000000000001,64.25,21.551171875000001,55.5,15.744375,64.25,21.551171875000001,55.5,15.744375,0
schedule,1,9,1,9,0.01,0.65000000000000002,0.5,1,73,25.32,64.25,21.551171875000001,55.5,15.744375,46.75,10.039140625,38,4.7050000000000001,29.25,0.011484374999999991,20.5,-3.7718750000000001,11.75,-4.5055468750000003,3,-5.6600000000000001,7,0,2,2,1,3,1,4,1,5,1,6,1,7,1,42.249999999999993
marks,1,9,1,9,0.01,0.65000000000000002,0.5,1,73,25.32,64.25,21.551171875000001,55.5,15.744375,46.75,10.039140625,38,4.7050000000000001,29.25,0.011484374999999991,20.5,-3.7718750000000001,11.75,-4.5055468750000003,3,-5.6600000000000001,7,15,4,1008,4,1007,1,7,5,1005,5,1004,5,1003,5,1002,5,1001,5,1000
interval,2,10,2,4,6,-5.6799999999999997,13.777777777777779,-4.3525377229080933,21.555555555555557,-1.8563511659807959,29.333333333333332,1.619259259259259,37.111111111111114,2.1449931412894361,44.888888888888893,7.0115500685871073,52.666666666666664,12.28962962962963,60.444444444444443,17.789931412894379,68.222222222222229,23.323155006858705,76,28.699999999999999,21.555555555555557,-1.8563511659807959,25.444444444444446,-0.85601508916323799,33.222222222222229,1.1446570644718781,37.111111111111114,2.1449931412894361,2.0405611941832174
schedule,2,10,2,10,0.014999999999999999,1.1000000000000001,0.5,2,6,-5.6799999999999997,13.777777777777779,-4.3525377229080933,21.555555555555557,-1.8563511659807959,29.333333333333332,1.619259259259259,37.111111111111114,2.1449931412894361,44.888888888888893,7.0115500685871073,52.666666666666664,12.28962962962963,60.444444444444443,17.789931412894379,68.222222222222229,23.323155006858705,76,28.699999999999999,5,0,1,1,1,2,3,5,2,7,1,1.1000000000000001
marks,2,10,2,10,0.014999999999999999,1.1000000000000001,0.5,2,6,-5.6799999999999997,13.777777777777779,-4.3525377229080933,21.555555555555557,-1.8563511659807959,29.333333333333332,1.619259259259259,37.111111111111114,2.1449931412894361,44.888888888888893,7.0115500685871073,52.666666666666664,12.28962962962963,60.444444444444443,17.789931412894379,68.222222222222229,23.323155006858705,76,28.699999999999999,14,20,4,1000,7,1001,4,1002,5,1003,5,1004,1,16,1,16,5,1007,1,17,5,1009
interval,3,11,3,6,79,29.530000000000001,72,24.293000000000006,65,18.913999999999998,58,13.531000000000002,51,8.282,44,8.9149999999999991,37,4.3480000000000008,30,0.32900000000000029,23,-3.004,16,-5.5129999999999999,9,-1.4499999999999997,58,13.531000000000002,52.75,11.235250000000001,42.25,6.6437500000000007,37,4.3480000000000008,4.0621467109055702
schedule,3,11,0,8,0.02,1.55,0.75,3,79,29.530000000000001,72,24.293000000000006,65,18.913999999999998,58,13.531000000000002,51,8.282,44,8.9149999999999991,37,4.3480000000000008,30,0.32900000000000029,23,-3.004,16,-5.5129999999999999,9,-1.4499999999999997,3,0,4,4,1,5,3,6.6084397120432365
marks,3,11,0,8,0.02,1.55,0.75,3,79,29.530000000000001,72,24.293000000000006,65,18.913999999999998,58,13.531000000000002,51,8.282,44,8.9149999999999991,37,4.3480000000000008,30,0.32900000000000029,23,-3.004,16,-5.5129999999999999,9,-1.4499999999999997,21,25,4,1010,1,21,1,21,1,21,5,1006,5,1005,1,23,1,23,4,1002,7,1001,6,1000
interval,4,12,4,8,63,35.68,59.348831255117162,46.230893896745158,49.55454529904339,53.86374392102681,36.726758719714446,49.10696451197586,24.938203119258446,46.487742764022393,17.931661606866562,39.789453466304309,17.931661606866559,31.570546533695698,24.938203119258439,24.87225723597761,36.726758719714439,14.773035488024144,49.554545299043397,17.49625607897319,59.348831255117162,25.129106103254831,63,35.679999999999993,24.938203119258446,46.487742764022393,14.094454402012499,34.389428730790854,18.023972935497831,23.81785963879144,36.726758719714446,14.773035488024142,14.117580379360362
schedule,4,12,1,13,0.0050000000000000001,2,0.5,4,63,35.68,59.348831255117162,46.230893896745158,49.55454529904339,53.86374392102681,36.726758719714446,49.10696451197586,24.938203119258446,46.487742764022393,17.931661606866562,39.789453466304309,17.931661606866559,31.570546533695698,24.938203119258439,24.87225723597761,36.726758719714439,14.773035488024144,49.554545299043397,17.49625607897319,59.348831255117162,25.129106103254831,63,35.679999999999993,8,0,1,1,3,4,1,5,2,7,1,8,1,9,2,11,1,2
marks,4,12,1,13,0.0050000000000000001,2,0.5,4,63,35.68,59.348831255117162,46.230893896745158,49.55454529904339,53.86374392102681,36.726758719714446,49.10696451197586,24.938203119258446,46.487742764022393,17.931661606866562,39.789453466304309,17.931661606866559,31.570546533695698,24.938203119258439,24.87225723597761,36.726758719714439,14.773035488024144,49.554545299043397,17.49625607897319,59.348831255117162,25.129106103254831,63,35.679999999999993,28,37,5,1000,4,1001,5,1002,1,29,1,29,5,1005,5,1006,1,31,5,1008,5,1009,5,1010,1,34
interval,5,13,0,5,85,30,79.166666666666657,26.499421296296294,73.333333333333343,22.884259259259263,67.5,19.234375,61.666666666666664,15.62962962962963,55.833333333333336,12.149884259259263,50,8.875,44.166666666666671,5.8848379629629637,38.333333333333329,3.2592592592592591,32.5,1.078125,26.666666666666664,-0.57870370370370383,20.833333333333332,-1.6313657407407407,15,-2,85,30,75.162728401540463,24.235283303146684,65.687796075697733,17.882392893319288,55.833333333333336,12.149884259259263,1.6113188836461908e-006
schedule,5,13,2,14,0.01,2.4500000000000002,0.5,5,85,30,79.166666666666657,26.499421296296294,73.333333333333343,22.884259259259263,67.5,19.234375,61.666666666666664,15.62962962962963,55.833333333333336,12.149884259259263,50,8.875,44.166666666666671,5.8848379629629637,38.333333333333329,3.2592592592592591,32.5,1.078125,26.666666666666664,-0.57870370370370383,20.833333333333332,-1.6313657407407407,15,-2,3,0,10,10,1,11,1,2.4500000000000002
marks,5,13,2,14,0.01,2.4500000000000002,0.5,5,85,30,79.166666666666657,26.499421296296294,73.333333333333343,22.884259259259263,67.5,19.234375,61.666666666666664,15.62962962962963,55.833333333333336,12.149884259259263,50,8.875,44.166666666666671,5.8848379629629637,38.333333333333329,3.2592592592592591,32.5,1.078125,26.666666666666664,-0.57870370370370383,20.833333333333332,-1.6313657407407407,15,-2,35,39,5,1012,4,1011,4,1010,1,35,1,35,1,35,1,35,1,35,1,35,1,35,1,35,1,35,5,1000
interval,6,14,1,7,18,-0.31999999999999995,23.384615384615387,-1.5350250341374603,28.76923076923077,-0.29197542102867552,34.153846153846153,1.4763359126081026,39.53846153846154,3.7070960400546196,44.92307692307692,6.3374920345926267,50.307692307692307,9.304710969503871,55.692307692307693,10.675939918070094,61.07692307692308,14.128365953573052,66.461538461538453,17.729176149294492,71.84615384615384,21.415557578516161,77.230769230769226,25.124697314519803,82.615384615384613,26.923782430587167,88,30.489999999999998,23.384615384615387,-1.5350250341374603,35.178008676202403,-0.26637305245524534,44.519030622700917,7.904328162385271,55.692307692307693,10.675939918070094,0.22050425049081268
schedule,6,14,0,12,0.014999999999999999,2.9000000000000004,0.75,6,18,-0.31999999999999995,23.384615384615387,-1.5350250341374603,28.76923076923077,-0.29197542102867552,34.153846153846153,1.4763359126081026,39.53846153846154,3.7070960400546196,44.92307692307692,6.3374920345926267,50.307692307692307,9.304710969503871,55.692307692307693,10.675939918070094,61.07692307692308,14.128365953573052,66.461538461538453,17.729176149294492,71.84615384615384,21.415557578516161,77.230769230769226,25.124697314519803,82.615384615384613,26.923782430587167,88,30.489999999999998,1,0,12,2.9000000000000004
marks,6,14,0,12,0.014999999999999999,2.9000000000000004,0.75,6,18,-0.31999999999999995,23.384615384615387,-1.5350250341374603,28.76923076923077,-0.29197542102867552,34.153846153846153,1.4763359126081026,39.53846153846154,3.7070960400546196,44.92307692307692,6.3374920345926267,50.307692307692307,9.304710969503871,55.692307692307693,10.675939918070094,61.07692307692308,14.128365953573052,66.461538461538453,17.729176149294492,71.84615384615384,21.415557578516161,77.230769230769226,25.124697314519803,82.615384615384613,26.923782430587167,88,30.489999999999998,42,44,4,1000,1,42,1,42,1,42,1,42,1,42,1,42,1,42,1,42,1,42,1,42,1,42,4,1012,7,1013
interval,7,15,2,9,91,30.300000000000001,86,30.36838192419825,76,22.797740524781346,76,22.797740524781346,71,18.99930029154519,61,15.367638483965013,61,15.367638483965013,56,11.895,46,5.6275655976676386,46,5.6275655976676386,41,2.9333527696793,31,2.4153935860058309,31,2.4153935860058309,26,0.95223032069970848,21,0,76,22.797740524781346,66.769725362129805,15.778949038726923,54.582521583045065,14.209252961037611,46,5.6275655976676386,0.98808587776095758
schedule,7,15,1,13,0.02,0.20000000000000001,0.5,7,91,30.300000000000001,86,30.36838192419825,76,22.797740524781346,76,22.797740524781346,71,18.99930029154519,61,15.367638483965013,61,15.367638483965013,56,11.895,46,5.6275655976676386,46,5.6275655976676386,41,2.9333527696793,31,2.4153935860058309,31,2.4153935860058309,26,0.95223032069970848,21,0,3,0,5,5,6,11,1,0.20000000000000001
marks,7,15,1,13,0.02,0.20000000000000001,0.5,7,91,30.300000000000001,86,30.36838192419825,76,22.797740524781346,76,22.797740524781346,71,18.99930029154519,61,15.367638483965013,61,15.367638483965013,56,11.895,46,5.6275655976676386,46,5.6275655976676386,41,2.9333527696793,31,2.4153935860058309,31,2.4153935860058309,26,0.95223032069970848,21,0,49,53,8,1014,4,1013,1,49,1,49,1,49,1,49,5,1008,1,50,1,50,1,50,1,50,1,50,5,1002,4,1001,6,1000
interval,8,16,3,11,63,32.960000000000001,61.011545525779823,40.894522932288602,55.390003946253742,47.633462033115698,47.107390870623789,52.187960777017615,37.595845344843973,53.946872221260648,28.500000000000007,47.172431864335465,21.392609129376211,43.462349288972042,17.502605183122469,38.024498743901908,17.502605183122469,31.975501256098099,21.392609129376208,26.537650711027958,28.499999999999993,22.827568135664549,37.595845344843951,16.053127778739356,47.107390870623789,17.812039222982389,55.390003946253742,22.366537966884302,61.011545525779823,29.105477067711398,63,37.039999999999992,47.107390870623789,52.187960777017615,20.225361288639952,59.199065775468618,5.4051775659583212,22.466448524469683,37.595845344843951,16.053127778739356,30.784907345338517
schedule,8,16,2,18,0.0050000000000000001,0.65000000000000002,0.5,8,63,32.960000000000001,61.011545525779823,40.894522932288602,55.390003946253742,47.633462033115698,47.107390870623789,52.187960777017615,37.595845344843973,53.946872221260648,28.500000000000007,47.172431864335465,21.392609129376211,43.462349288972042,17.502605183122469,38.024498743901908,17.502605183122469,31.975501256098099,21.392609129376208,26.537650711027958,28.499999999999993,22.827568135664549,37.595845344843951,16.053127778739356,47.107390870623789,17.812039222982389,55.390003946253742,22.366537966884302,61.011545525779823,29.105477067711398,63,37.039999999999992,13,0,1,1,1,2,3,5,1,6,1,7,2,9,1,10,1,11,1,12,1,13,1,14,1,15,1,0.65000000000000002
marks,8,16,2,18,0.0050000000000000001,0.65000000000000002,0.5,8,63,32.960000000000001,61.011545525779823,40.894522932288602,55.390003946253742,47.633462033115698,47.107390870623789,52.187960777017615,37.595845344843973,53.946872221260648,28.500000000000007,47.172431864335465,21.392609129376211,43.462349288972042,17.502605183122469,38.024498743901908,17.502605183122469,31.975501256098099,21.392609129376208,26.537650711027958,28.499999999999993,22.827568135664549,37.595845344843951,16.053127778739356,47.107390870623789,17.812039222982389,55.390003946253742,22.366537966884302,61.011545525779823,29.105477067711398,63,37.039999999999992,56,70,5,1000,5,1001,4,1002,5,1003,5,1004,1,58,1,58,5,1007,5,1008,5,1009,1,61,5,1011,5,1012,5,1013,5,1014,5,1015
interval,9,17,4,13,97,35.359999999999999,92.625,31.388427734375,88.25,27.341171875000001,83.875,23.251923828125001,79.5,26.634374999999999,75.125,22.562216796874999,70.75,18.549140625,66.375,14.628837890625,62,10.835000000000001,57.625,7.2013183593749996,53.25,11.241484375000001,48.875,8.0291894531249994,44.5,5.078125,40.125,2.4219824218749997,35.75,0.094453124999999805,31.375,5.6092285156250004,27,4.04,79.5,26.634374999999999,66.815129953409993,9.2855357529989053,54.902818021517675,11.867018933832695,40.125,2.4219824218749997,23.04809419371486
schedule,9,17,0,16,0.01,1.1000000000000001,0.75,9,97,35.359999999999999,92.625,31.388427734375,88.25,27.341171875000001,83.875,23.251923828125001,79.5,26.634374999999999,75.125,22.562216796874999,70.75,18.549140625,66.375,14.628837890625,62,10.835000000000001,57.625,7.2013183593749996,53.25,11.241484375000001,48.875,8.0291894531249994,44.5,5.078125,40.125,2.4219824218749997,35.75,0.094453124999999805,31.375,5.6092285156250004,27,4.04,7,0,3,3,1,4,5,9,1,10,4,14,1,15,1,1.1000000000000001
marks,9,17,0,16,0.01,1.1000000000000001,0.75,9,97,35.359999999999999,92.625,31.388427734375,88.25,27.341171875000001,83.875,23.251923828125001,79.5,26.634374999999999,75.125,22.562216796874999,70.75,18.549140625,66.375,14.628837890625,62,10.835000000000001,57.625,7.2013183593749996,53.25,11.241484375000001,48.875,8.0291894531249994,44.5,5.078125,40.125,2.4219824218749997,35.75,0.094453124999999805,31.375,5.6092285156250004,27,4.04,63,71,4,1016,1,63,1,63,5,1013,5,1012,1,65,1,65,1,65,1,65,5,1007,5,1006,1,67,1,67,1,67,5,1002,5,1001,4,1000
interval,10,18,0,10,30,3,34.117647058823529,3.1856299613270913,38.235294117647058,3.7237940158762468,42.352941176470587,4.5864034194992884,46.470588235294116,5.7453694280480363,50.588235294117652,7.1726032973743132,54.705882352941174,8.8400162833299412,58.823529411764703,10.719519641766739,62.941176470588232,12.783024628536536,67.058823529411768,15.002442499491147,71.176470588235304,17.349684510482394,75.294117647058826,19.796661917362105,79.411764705882348,22.315285975982089,83.529411764705884,24.877467942194173,87.647058823529406,27.455119071850188,91.764705882352942,30.020150620801953,95.882352941176464,32.544473844901283,100,35,30,3,44.890003741170197,3.1060081549427556,58.576060663003197,10.083923446240068,71.176470588235304,17.349684510482394,0.0042306724053292376
schedule,10,18,1,17,0.014999999999999999,1.55,0.5,10,30,3,34.117647058823529,3.1856299613270913,38.235294117647058,3.7237940158762468,42.352941176470587,4.5864034194992884,46.470588235294116,5.7453694280480363,50.588235294117652,7.1726032973743132,54.705882352941174,8.8400162833299412,58.823529411764703,10.719519641766739,62.941176470588232,12.783024628536536,67.058823529411768,15.002442499491147,71.176470588235304,17.349684510482394,75.294117647058826,19.796661917362105,79.411764705882348,22.315285975982089,83.529411764705884,24.877467942194173,87.647058823529406,27.455119071850188,91.764705882352942,30.020150620801953,95.882352941176464,32.544473844901283,100,35,1,0,16,1.55
marks,10,18,1,17,0.014999999999999999,1.55,0.5,10,30,3,34.117647058823529,3.1856299613270913,38.235294117647058,3.7237940158762468,42.352941176470587,4.5864034194992884,46.470588235294116,5.7453694280480363,50.588235294117652,7.1726032973743132,54.705882352941174,8.8400162833299412,58.823529411764703,10.719519641766739,62.941176470588232,12.783024628536536,67.058823529411768,15.002442499491147,71.176470588235304,17.349684510482394,75.294117647058826,19.796661917362105,79.411764705882348,22.315285975982089,83.529411764705884,24.877467942194173,87.647058823529406,27.455119071850188,91.764705882352942,30.020150620801953,95.882352941176464,32.544473844901283,100,35,70,72,6,1000,4,1001,1,70,1,70,1,70,1,70,1,70,1,70,1,70,1,70,1,70,1,70,1,70,1,70,1,70,1,70,1,70,4,1017
interval,11,19,1,12,103,35.659999999999997,99.111111111111114,33.002956104252398,95.222222222222229,32.153155006858704,91.333333333333343,29.394259259259265,87.444444444444443,26.619931412894381,83.555555555555557,23.853834019204388,79.666666666666657,21.119629629629628,75.777777777777771,18.440980795610425,71.888888888888886,17.711550068587108,68,15.215,64.111111111111114,12.844993141289436,60.222222222222221,10.625192043895748,56.333333333333329,8.5792592592592598,52.444444444444443,8.6008573388203029,48.555555555555557,6.9736488340192038,44.666666666666664,5.5912962962962958,40.777777777777779,4.4774622770919068,36.888888888888886,3.6558093278463648,33,3.1499999999999999,99.111111111111114,33.002956104252398,84.493716081027642,25.748038854313457,71.395870609213546,15.615034843929989,56.333333333333329,8.5792592592592598,3.0392653002285663
schedule,11,19,2,18,0.02,2,0.5,11,103,35.659999999999997,99.111111111111114,33.002956104252398,95.222222222222229,32.153155006858704,91.333333333333343,29.394259259259265,87.444444444444443,26.619931412894381,83.555555555555557,23.853834019204388,79.666666666666657,21.119629629629628,75.777777777777771,18.440980795610425,71.888888888888886,17.711550068587108,68,15.215,64.111111111111114,12.844993141289436,60.222222222222221,10.625192043895748,56.333333333333329,8.5792592592592598,52.444444444444443,8.6008573388203029,48.555555555555557,6.9736488340192038,44.666666666666664,5.5912962962962958,40.777777777777779,4.4774622770919068,36.888888888888886,3.6558093278463648,33,3.1499999999999999,1,0,16,2
marks,11,19,2,18,0.02,2,0.5,11,103,35.659999999999997,99.111111111111114,33.002956104252398,95.222222222222229,32.153155006858704,91.333333333333343,29.394259259259265,87.444444444444443,26.619931412894381,83.555555555555557,23.853834019204388,79.666666666666657,21.119629629629628,75.777777777777771,18.440980795610425,71.888888888888886,17.711550068587108,68,15.215,64.111111111111114,12.844993141289436,60.222222222222221,10.625192043895748,56.333333333333329,8.5792592592592598,52.444444444444443,8.6008573388203029,48.555555555555557,6.9736488340192038,44.666666666666664,5.5912962962962958,40.777777777777779,4.4774622770919068,36.888888888888886,3.6558093278463648,33,3.1499999999999999,77,79,8,1018,7,1017,4,1016,1,77,1,77,1,77,1,77,1,77,1,77,1,77,1,77,1,77,1,77,1,77,1,77,1,77,1,77,1,77,4,1000
interval,12,20,2,14,63,35.68,61.753796559114598,41.879890976479615,58.150231716117048,43.741616115724348,52.579807636815822,48.211830130462978,45.646166204238384,51.13980452096861,38.10067505413636,52.28193638111339,30.761005232981709,51.588146553135978,24.422523852607959,49.20730648144324,19.772103722250755,41.731105681630254,17.313690021737386,37.118108034772476,17.313690021737386,32.201891965227524,19.772103722250751,27.58889431836975,24.422523852607945,23.852693518556769,30.761005232981695,17.731853446864026,38.100675054136346,17.038063618886614,45.646166204238369,18.180195479031383,52.579807636815815,21.108169869537011,58.150231716117048,25.578383884275642,61.753796559114591,31.180109023520377,63,33.639999999999993,58.150231716117048,43.741616115724348,33.402101480580839,74.619870878704717,-5.0377185365218997,21.661617523907839,38.100675054136346,17.038063618886614,44.352646170458378
schedule,12,20,0,20,0.0050000000000000001,2.4500000000000002,0.75,12,63,35.68,61.753796559114598,41.879890976479615,58.150231716117048,43.741616115724348,52.579807636815822,48.211830130462978,45.646166204238384,51.13980452096861,38.10067505413636,52.28193638111339,30.761005232981709,51.588146553135978,24.422523852607959,49.20730648144324,19.772103722250755,41.731105681630254,17.313690021737386,37.118108034772476,17.313690021737386,32.201891965227524,19.772103722250751,27.58889431836975,24.422523852607945,23.852693518556769,30.761005232981695,17.731853446864026,38.100675054136346,17.038063618886614,45.646166204238369,18.180195479031383,52.579807636815815,21.108169869537011,58.150231716117048,25.578383884275642,61.753796559114591,31.180109023520377,63,33.639999999999993,2,0,9,9,11,2.4500000000000002
marks,12,20,0,20,0.0050000000000000001,2.4500000000000002,0.75,12,63,35.68,61.753796559114598,41.879890976479615,58.150231716117048,43.741616115724348,52.579807636815822,48.211830130462978,45.646166204238384,51.13980452096861,38.10067505413636,52.28193638111339,30.761005232981709,51.588146553135978,24.422523852607959,49.20730648144324,19.772103722250755,41.731105681630254,17.313690021737386,37.118108034772476,17.313690021737386,32.201891965227524,19.772103722250751,27.58889431836975,24.422523852607945,23.852693518556769,30.761005232981695,17.731853446864026,38.100675054136346,17.038063618886614,45.646166204238369,18.180195479031383,52.579807636815815,21.108169869537011,58.150231716117048,25.578383884275642,61.753796559114591,31.180109023520377,63,33.639999999999993,84,87,4,1000,1,84,1,84,1,84,1,84,1,84,1,84,1,84,1,84,5,1009,1,85,1,85,1,85,1,85,1,85,1,85,1,85,1,85,1,85,1,85
interval,13,21,3,16,11,23,11,23,11,23,11,23,11,23,11,23,11,23,11,23,11,23,11,23,11,23,11,23,11,23,11,23,11,23,11,23,11,23,11,23,11,23,11,23,11,23,11,23,0,0,0,0,11,23,0
schedule,13,21,1,21,0.01,2.9000000000000004,0.5,0,11,23,11,23,11,23,11,23,11,23,11,23,11,23,11,23,11,23,11,23,11,23,11,23,11,23,11,23,11,23,11,23,11,23,11,23,11,23,11,23,11,23,20,0,1,1,1,2,1,3,1,4,1,5,1,6,1,7,1,8,1,9,1,10,1,11,1,12,1,13,1,14,1,15,1,16,1,17,1,18,1,19,1,0.01
marks,13,21,1,21,0.01,2.9000000000000004,0.5,0,11,23,11,23,11,23,11,23,11,23,11,23,11,23,11,23,11,23,11,23,11,23,11,23,11,23,11,23,11,23,11,23,11,23,11,23,11,23,11,23,11,23,91,112,4,1020,4,1019,5,1018,5,1017,5,1016,5,1015,5,1014,5,1013,5,1012,5,1011,5,1010,5,1009,5,1008,5,1007,5,1006,5,1005,5,1004,5,1003,5,1002,5,1001,5,1000
interval,14,22,4,18,42,10.4,45.333333333333336,4.4022330201922042,48.666666666666664,6.1189979483857035,48.666666666666664,6.1189979483857035,55.333333333333329,10.196518734477916,58.666666666666664,12.527472195227297,58.666666666666664,12.527472195227297,65.333333333333329,10.21925925925926,68.666666666666657,13.030290465392508,68.666666666666657,13.030290465392508,75.333333333333329,19.028122233020191,78.666666666666671,22.185120397365296,78.666666666666671,22.185120397365296,85.333333333333343,21.260775294244684,88.666666666666657,24.62962962962963,88.666666666666657,24.62962962962963,95.333333333333329,31.474886081416699,98.666666666666657,27.441485800669476,98.666666666666657,27.441485800669476,105.33333333333334,34.308122233020185,108.66666666666666,37.698356548968796,108.66666666666666,37.698356548968796,55.333333333333329,10.196518734477916,70.842306754714173,9.7731660979195638,86.732715461546249,30.578283068465012,98.666666666666657,27.441485800669476,45.254092459233469
schedule,14,22,2,22,0.014999999999999999,0.20000000000000001,0.5,1,42,10.4,45.333333333333336,4.4022330201922042,48.666666666666664,6.1189979483857035,48.666666666666664,6.1189979483857035,55.333333333333329,10.196518734477916,58.666666666666664,12.527472195227297,58.666666666666664,12.527472195227297,65.333333333333329,10.21925925925926,68.666666666666657,13.030290465392508,68.666666666666657,13.030290465392508,75.333333333333329,19.028122233020191,78.666666666666671,22.185120397365296,78.666666666666671,22.185120397365296,85.333333333333343,21.260775294244684,88.666666666666657,24.62962962962963,88.666666666666657,24.62962962962963,95.333333333333329,31.474886081416699,98.666666666666657,27.441485800669476,98.666666666666657,27.441485800669476,105.33333333333334,34.308122233020185,108.66666666666666,37.698356548968796,108.66666666666666,37.698356548968796,11,0,2,2,2,4,1,5,2,7,2,9,2,11,2,13,1,14,2,16,2,18,2,2.6666666666666665
marks,14,22,2,22,0.014999999999999999,0.20000000000000001,0.5,1,42,10.4,45.333333333333336,4.4022330201922042,48.666666666666664,6.1189979483857035,48.666666666666664,6.1189979483857035,55.333333333333329,10.196518734477916,58.666666666666664,12.527472195227297,58.666666666666664,12.527472195227297,65.333333333333329,10.21925925925926,68.666666666666657,13.030290465392508,68.666666666666657,13.030290465392508,75.333333333333329,19.028122233020191,78.666666666666671,22.185120397365296,78.666666666666671,22.185120397365296,85.333333333333343,21.260775294244684,88.666666666666657,24.62962962962963,88.666666666666657,24.62962962962963,95.333333333333329,31.474886081416699,98.666666666666657,27.441485800669476,98.666666666666657,27.441485800669476,105.33333333333334,34.308122233020185,108.66666666666666,37.698356548968796,108.66666666666666,37.698356548968796,98,110,4,1000,7,1001,4,1002,1,98,5,1004,1,99,5,1006,5,1007,1,101,5,1009,1,102,5,1011,1,103,5,1013,1,104,5,1015,5,1016,1,106,5,1018,1,107,5,1020,1,108
interval,15,23,0,15,115,40,111.81818181818183,38.109598046581517,108.63636363636363,36.174305033809162,105.45454545454545,34.207081141998501,102.27272727272728,32.220886551465064,99.090909090909093,30.228681442524419,95.909090909090907,28.243425995492114,92.72727272727272,26.278080390683694,89.545454545454547,24.345604808414727,86.363636363636374,22.458959429000753,83.181818181818187,20.631104432757322,80,18.875,76.818181818181813,17.203606311044329,73.63636363636364,15.629883546205859,70.454545454545453,14.166791885800151,67.27272727272728,12.82729151014275,64.090909090909093,11.624342599549211,60.909090909090907,10.570905334335086,57.727272727272727,9.6799398948159272,54.545454545454547,8.9644064613072878,51.363636363636367,8.437265214124718,48.18181818181818,8.1114763335837718,45,8,115,40,99.184659102538888,30.797781173936343,84.300452136240935,19.782770815441914,67.27272727272728,12.82729151014275,0.0018103017575933011
schedule,15,23,0,20,0.02,0.65000000000000002,0.75,2,115,40,111.81818181818183,38.109598046581517,108.63636363636363,36.174305033809162,105.45454545454545,34.207081141998501,102.27272727272728,32.220886551465064,99.090909090909093,30.228681442524419,95.909090909090907,28.243425995492114,92.72727272727272,26.278080390683694,89.545454545454547,24.345604808414727,86.363636363636374,22.458959429000753,83.181818181818187,20.631104432757322,80,18.875,76.818181818181813,17.203606311044329,73.63636363636364,15.629883546205859,70.454545454545453,14.166791885800151,67.27272727272728,12.82729151014275,64.090909090909093,11.624342599549211,60.909090909090907,10.570905334335086,57.727272727272727,9.6799398948159272,54.545454545454547,8.9644064613072878,51.363636363636367,8.437265214124718,48.18181818181818,8.1114763335837718,45,8,5,0,4,4,4,8,4,12,4,16,4,2.0743138971294708
marks,15,23,0,20,0.02,0.65000000000000002,0.75,2,115,40,111.81818181818183,38.109598046581517,108.63636363636363,36.174305033809162,105.45454545454545,34.207081141998501,102.27272727272728,32.220886551465064,99.090909090909093,30.228681442524419,95.909090909090907,28.243425995492114,92.72727272727272,26.278080390683694,89.545454545454547,24.345604808414727,86.363636363636374,22.458959429000753,83.181818181818187,20.631104432757322,80,18.875,76.818181818181813,17.203606311044329,73.63636363636364,15.629883546205859,70.454545454545453,14.166791885800151,67.27272727272728,12.82729151014275,64.090909090909093,11.624342599549211,60.909090909090907,10.570905334335086,57.727272727272727,9.6799398948159272,54.545454545454547,8.9644064613072878,51.363636363636367,8.437265214124718,48.18181818181818,8.1114763335837718,45,8,105,111,4,1022,1,105,1,105,1,105,5,1018,1,106,1,106,1,106,5,1014,1,107,1,107,1,107,5,1010,1,108,1,108,1,108,5,1006,1,109,1,109,1,109,4,1002,7,1001,6,1000
interval,16,24,1,17,63,34.490000000000002,62.147097608999388,39.416545109669414,59.65164630456924,44.002927150602375,55.698722294029047,47.934211392728109,50.5814958678165,50.944048712840377,44.679488300210579,50.964429490599493,38.430424492612573,51.620369076239157,32.29776892006732,51.018435676019948,26.736352591358056,49.228488181177518,22.15864031379834,46.408495053542893,18.904140065374584,40.922818527386106,17.214223241164394,36.804833034636196,17.214223241164394,32.515166965363811,18.904140065374577,28.397181472613902,22.158640313798344,24.781504946457105,26.736352591358056,21.961511818822487,32.297768920067313,18.301564323980053,38.430424492612559,17.699630923760836,44.679488300210586,18.355570509400511,50.5814958678165,20.245951287159624,55.698722294029032,23.255788607271882,59.651646304569226,25.317072849397615,62.147097608999388,29.903454890330583,63,34.829999999999991,62.147097608999388,39.416545109669414,44.688488910442253,76.958795092251577,-11.241686075164123,24.476743898258007,38.430424492612559,17.699630923760836,71.821926164002491
schedule,16,24,1,25,0.0050000000000000001,1.1000000000000001,0.5,3,63,34.490000000000002,62.147097608999388,39.416545109669414,59.65164630456924,44.002927150602375,55.698722294029047,47.934211392728109,50.5814958678165,50.944048712840377,44.679488300210579,50.964429490599493,38.430424492612573,51.620369076239157,32.29776892006732,51.018435676019948,26.736352591358056,49.228488181177518,22.15864031379834,46.408495053542893,18.904140065374584,40.922818527386106,17.214223241164394,36.804833034636196,17.214223241164394,32.515166965363811,18.904140065374577,28.397181472613902,22.158640313798344,24.781504946457105,26.736352591358056,21.961511818822487,32.297768920067313,18.301564323980053,38.430424492612559,17.699630923760836,44.679488300210586,18.355570509400511,50.5814958678165,20.245951287159624,55.698722294029032,23.255788607271882,59.651646304569226,25.317072849397615,62.147097608999388,29.903454890330583,63,34.829999999999991,10,0,2,2,3,5,2,7,3,10,2,12,3,15,2,17,3,20,2,22,2,1.1000000000000001
marks,16,24,1,25,0.0050000000000000001,1.1000000000000001,0.5,3,63,34.490000000000002,62.147097608999388,39.416545109669414,59.65164630456924,44.002927150602375,55.698722294029047,47.934211392728109,50.5814958678165,50.944048712840377,44.679488300210579,50.964429490599493,38.430424492612573,51.620369076239157,32.29776892006732,51.018435676019948,26.736352591358056,49.228488181177518,22.15864031379834,46.408495053542893,18.904140065374584,40.922818527386106,17.214223241164394,36.804833034636196,17.214223241164394,32.515166965363811,18.904140065374577,28.397181472613902,22.158640313798344,24.781504946457105,26.736352591358056,21.961511818822487,32.297768920067313,18.301564323980053,38.430424492612559,17.699630923760836,44.679488300210586,18.355570509400511,50.5814958678165,20.245951287159624,55.698722294029032,23.255788607271882,59.651646304569226,25.317072849397615,62.147097608999388,29.903454890330583,63,34.829999999999991,112,123,1,121,4,1001,1,112,5,1003,1,113,1,113,5,1006,1,114,5,1008,1,115,1,115,5,1011,1,116,5,1013,1,117,1,117,5,1016,1,118,5,1018,1,119,1,119,5,1021,1,120,5,1023
interval,17,25,2,19,121,40.979999999999997,118.08333333333334,38.569024884259257,115.16666666666666,39.85942129629629,112.25,37.381171875,109.33333333333334,34.884259259259267,106.41666666666666,32.378666087962962,103.5,29.874375000000001,100.58333333333334,31.121368634259259,97.666666666666657,28.649629629629629,94.75,26.209140625,91.833333333333343,23.809884259259263,88.916666666666657,21.461843171296294,86,19.175000000000001,83.083333333333329,20.699337384259259,80.166666666666671,18.564837962962965,77.25,16.521484375,74.333333333333329,14.57925925925926,71.416666666666671,12.748145254629632,68.5,14.778124999999999,65.583333333333329,13.199181134259259,62.666666666666664,11.761296296296297,59.75,10.474453125,56.833333333333336,9.3486342592592599,53.916666666666664,8.3938223379629626,51,11.359999999999999,115.16666666666666,39.85942129629629,99.404226437551259,28.262889264278567,83.279581491079668,16.394593099752335,65.583333333333329,13.199181134259259,17.931303259430855
schedule,17,25,2,26,0.01,1.55,0.5,4,121,40.979999999999997,118.08333333333334,38.569024884259257,115.16666666666666,39.85942129629629,112.25,37.381171875,109.33333333333334,34.884259259259267,106.41666666666666,32.378666087962962,103.5,29.874375000000001,100.58333333333334,31.121368634259259,97.666666666666657,28.649629629629629,94.75,26.209140625,91.833333333333343,23.809884259259263,88.916666666666657,21.461843171296294,86,19.175000000000001,83.083333333333329,20.699337384259259,80.166666666666671,18.564837962962965,77.25,16.521484375,74.333333333333329,14.57925925925926,71.416666666666671,12.748145254629632,68.5,14.778124999999999,65.583333333333329,13.199181134259259,62.666666666666664,11.761296296296297,59.75,10.474453125,56.833333333333336,9.3486342592592599,53.916666666666664,8.3938223379629626,51,11.359999999999999,7,0,5,5,5,10,6,16,5,21,1,22,1,23,1,1.55
marks,17,25,2,26,0.01,1.55,0.5,4,121,40.979999999999997,118.08333333333334,38.569024884259257,115.16666666666666,39.85942129629629,112.25,37.381171875,109.33333333333334,34.884259259259267,106.41666666666666,32.378666087962962,103.5,29.874375000000001,100.58333333333334,31.121368634259259,97.666666666666657,28.649629629629629,94.75,26.209140625,91.833333333333343,23.809884259259263,88.916666666666657,21.461843171296294,86,19.175000000000001,83.083333333333329,20.699337384259259,80.166666666666671,18.564837962962965,77.25,16.521484375,74.333333333333329,14.57925925925926,71.416666666666671,12.748145254629632,68.5,14.778124999999999,65.583333333333329,13.199181134259259,62.666666666666664,11.761296296296297,59.75,10.474453125,56.833333333333336,9.3486342592592599,53.916666666666664,8.3938223379629626,51,11.359999999999999,119,127,5,1024,4,1023,4,1022,1,119,1,119,1,119,1,119,5,1017,1,120,1,120,1,120,1,120,5,1012,1,121,1,121,1,121,1,121,1,121,5,1006,1,122,1,122,1,122,1,122,5,1001,5,1000
interval,18,26,3,21,54,11,56.799999999999997,12.106527999999999,59.600000000000001,13.380224000000002,62.399999999999999,9.2022559999999984,65.200000000000003,10.783792,68,12.506,70.799999999999997,14.360047999999999,73.599999999999994,16.337104,76.400000000000006,18.428336000000002,79.200000000000003,15.014912000000002,82,17.308,84.799999999999997,19.688768,87.599999999999994,22.148383999999997,90.400000000000006,24.678016,93.200000000000003,21.658832000000004,96,24.302,98.800000000000011,26.988688000000003,101.59999999999999,29.710064000000003,104.40000000000001,32.457295999999999,107.2,35.221551999999996,110,32.384,112.8,35.155807999999986,115.59999999999999,37.918143999999998,118.40000000000001,40.662176000000009,121.2,43.379072000000001,124,40.450000000000003,62.399999999999999,9.2022559999999984,81.902016284594097,18.76034528020184,96.380972019277834,25.676316301768168,112.8,35.155807999999986,52.41003630615073
schedule,18,26,0,24,0.014999999999999999,2,0.75,5,54,11,56.799999999999997,12.106527999999999,59.600000000000001,13.380224000000002,62.399999999999999,9.2022559999999984,65.200000000000003,10.783792,68,12.506,70.799999999999997,14.360047999999999,73.599999999999994,16.337104,76.400000000000006,18.428336000000002,79.200000000000003,15.014912000000002,82,17.308,84.799999999999997,19.688768,87.599999999999994,22.148383999999997,90.400000000000006,24.678016,93.200000000000003,21.658832000000004,96,24.302,98.800000000000011,26.988688000000003,101.59999999999999,29.710064000000003,104.40000000000001,32.457295999999999,107.2,35.221551999999996,110,32.384,112.8,35.155807999999986,115.59999999999999,37.918143999999998,118.40000000000001,40.662176000000009,121.2,43.379072000000001,124,40.450000000000003,5,0,2,2,6,8,5,13,6,19,5,2
marks,18,26,0,24,0.014999999999999999,2,0.75,5,54,11,56.799999999999997,12.106527999999999,59.600000000000001,13.380224000000002,62.399999999999999,9.2022559999999984,65.200000000000003,10.783792,68,12.506,70.799999999999997,14.360047999999999,73.599999999999994,16.337104,76.400000000000006,18.428336000000002,79.200000000000003,15.014912000000002,82,17.308,84.799999999999997,19.688768,87.599999999999994,22.148383999999997,90.400000000000006,24.678016,93.200000000000003,21.658832000000004,96,24.302,98.800000000000011,26.988688000000003,101.59999999999999,29.710064000000003,104.40000000000001,32.457295999999999,107.2,35.221551999999996,110,32.384,112.8,35.155807999999986,115.59999999999999,37.918143999999998,118.40000000000001,40.662176000000009,121.2,43.379072000000001,124,40.450000000000003,126,132,4,1000,1,126,5,1002,1,127,1,127,1,127,1,127,1,127,5,1008,1,128,1,128,1,128,1,128,5,1013,1,129,1,129,1,129,1,129,1,129,5,1019,1,130,1,130,1,130,1,130,4,1024,7,1025
interval,19,27,4,23,127,46.719999999999999,124.30769230769231,43.763675466545294,121.61538461538461,40.773782430587168,118.92307692307692,37.758172507965405,116.23076923076923,34.724697314519801,113.53846153846155,39.161208466090123,110.84615384615384,36.11555757851616,108.15384615384616,33.075596267637685,105.46153846153845,30.049176149294496,102.76923076923077,27.044148839326361,100.07692307692308,24.06836595357305,97.384615384615387,28.609679107874371,94.692307692307693,25.715939918070092,92,22.875,89.307692307692307,20.094710969503872,86.615384615384613,17.382924442421487,83.92307692307692,22.227492034592622,81.230769230769226,19.676265361857077,78.538461538461547,17.217096040054621,75.84615384615384,14.857835685025034,73.15384615384616,12.606335912608102,70.461538461538467,10.470448338643605,67.769230769230774,15.938024578971326,65.07692307692308,14.05691624943104,62.384615384615387,12.31497496586254,59.692307692307693,10.720052344105598,57,9.2799999999999994,116.23076923076923,34.724697314519801,100.587077818499,32.624185415499696,82.581358867091595,11.589497136032671,65.07692307692308,14.05691624943104,125.75687667222202
schedule,19,27,1,25,0.02,2.4500000000000002,0.5,6,127,46.719999999999999,124.30769230769231,43.763675466545294,121.61538461538461,40.773782430587168,118.92307692307692,37.758172507965405,116.23076923076923,34.724697314519801,113.53846153846155,39.161208466090123,110.84615384615384,36.11555757851616,108.15384615384616,33.075596267637685,105.46153846153845,30.049176149294496,102.76923076923077,27.044148839326361,100.07692307692308,24.06836595357305,97.384615384615387,28.609679107874371,94.692307692307693,25.715939918070092,92,22.875,89.307692307692307,20.094710969503872,86.615384615384613,17.382924442421487,83.92307692307692,22.227492034592622,81.230769230769226,19.676265361857077,78.538461538461547,17.217096040054621,75.84615384615384,14.857835685025034,73.15384615384616,12.606335912608102,70.461538461538467,10.470448338643605,67.769230769230774,15.938024578971326,65.07692307692308,14.05691624943104,62.384615384615387,12.31497496586254,59.692307692307693,10.720052344105598,57,9.2799999999999994,6,0,3,3,1,4,5,9,6,15,6,21,3,2.4500000000000002
marks,19,27,1,25,0.02,2.4500000000000002,0.5,6,127,46.719999999999999,124.30769230769231,43.763675466545294,121.61538461538461,40.773782430587168,118.92307692307692,37.758172507965405,116.23076923076923,34.724697314519801,113.53846153846155,39.161208466090123,110.84615384615384,36.11555757851616,108.15384615384616,33.075596267637685,105.46153846153845,30.049176149294496,102.76923076923077,27.044148839326361,100.07692307692308,24.06836595357305,97.384615384615387,28.609679107874371,94.692307692307693,25.715939918070092,92,22.875,89.307692307692307,20.094710969503872,86.615384615384613,17.382924442421487,83.92307692307692,22.227492034592622,81.230769230769226,19.676265361857077,78.538461538461547,17.217096040054621,75.84615384615384,14.857835685025034,73.15384615384616,12.606335912608102,70.461538461538467,10.470448338643605,67.769230769230774,15.938024578971326,65.07692307692308,14.05691624943104,62.384615384615387,12.31497496586254,59.692307692307693,10.720052344105598,57,9.2799999999999994,133,140,8,1026,4,1025,1,133,1,133,5,1022,5,1021,1,135,1,135,1,135,1,135,5,1016,1,136,1,136,1,136,1,136,1,136,5,1010,1,137,1,137,1,137,1,137,1,137,5,1004,1,138,1,138,4,1001,6,1000
interval,20,28,0,20,63,35,62.38003202333595,38.920469802621483,60.553550727438484,42.629586063407856,57.619022191736491,45.927389364671171,53.734647609164085,48.636094276835742,49.109834618900607,50.609673816964658,43.993908086339403,51.741731801207536,38.66266893505906,51.971238690611557,33.403525647644926,51.285821709363312,28.500000000000007,49.722431864335462,24.216442329019131,47.365351906741829,20.783780337502463,44.341652627203707,18.38706972192411,40.814342436536371,17.155517771935312,36.973579540128917,17.155517771935312,33.02642045987109,18.387069721924107,29.185657563463632,20.783780337502456,25.658347372796307,24.216442329019127,22.634648093258171,28.499999999999993,20.277568135664549,33.403525647644912,18.714178290636692,38.662668935059045,18.02876130938844,43.993908086339388,18.258268198792461,49.109834618900599,19.390326183035342,53.734647609164078,21.363905723164251,57.619022191736491,24.072610635328829,60.553550727438477,27.370413936592136,62.380032023335943,31.079530197378514,63,34.999999999999993,63,35,52.675312239606576,79.417753090405853,-15.337606383884905,25.599773679336032,38.662668935059045,18.02876130938844,105.27625746964593
schedule,20,28,2,30,0.0050000000000000001,2.9000000000000004,0.5,7,63,35,62.38003202333595,38.920469802621483,60.553550727438484,42.629586063407856,57.619022191736491,45.927389364671171,53.734647609164085,48.636094276835742,49.109834618900607,50.609673816964658,43.993908086339403,51.741731801207536,38.66266893505906,51.971238690611557,33.403525647644926,51.285821709363312,28.500000000000007,49.722431864335462,24.216442329019131,47.365351906741829,20.783780337502463,44.341652627203707,18.38706972192411,40.814342436536371,17.155517771935312,36.973579540128917,17.155517771935312,33.02642045987109,18.387069721924107,29.185657563463632,20.783780337502456,25.658347372796307,24.216442329019127,22.634648093258171,28.499999999999993,20.277568135664549,33.403525647644912,18.714178290636692,38.662668935059045,18.02876130938844,43.993908086339388,18.258268198792461,49.109834618900599,19.390326183035342,53.734647609164078,21.363905723164251,57.619022191736491,24.072610635328829,60.553550727438477,27.370413936592136,62.380032023335943,31.079530197378514,63,34.999999999999993,3,0,9,9,6,15,13,2.9000000000000004
marks,20,28,2,30,0.0050000000000000001,2.9000000000000004,0.5,7,63,35,62.38003202333595,38.920469802621483,60.553550727438484,42.629586063407856,57.619022191736491,45.927389364671171,53.734647609164085,48.636094276835742,49.109834618900607,50.609673816964658,43.993908086339403,51.741731801207536,38.66266893505906,51.971238690611557,33.403525647644926,51.285821709363312,28.500000000000007,49.722431864335462,24.216442329019131,47.365351906741829,20.783780337502463,44.341652627203707,18.38706972192411,40.814342436536371,17.155517771935312,36.973579540128917,17.155517771935312,33.02642045987109,18.387069721924107,29.185657563463632,20.783780337502456,25.658347372796307,24.216442329019127,22.634648093258171,28.499999999999993,20.277568135664549,33.403525647644912,18.714178290636692,38.662668935059045,18.02876130938844,43.993908086339388,18.258268198792461,49.109834618900599,19.390326183035342,53.734647609164078,21.363905723164251,57.619022191736491,24.072610635328829,60.553550727438477,27.370413936592136,62.380032023335943,31.079530197378514,63,34.999999999999993,140,144,1,142,1,142,4,1002,1,140,1,140,1,140,1,140,1,140,1,140,1,140,1,140,5,1011,1,141,1,141,1,141,1,141,1,141,5,1017,1,142,1,142,1,142,1,142,1,142,1,142,1,142,1,142,1,142,1,142
interval,21,29,1,22,133,46,128,42.328381924198247,128,42.328381924198247,125.5,42.324717565597673,120.5,38.533110422740521,120.5,38.533110422740521,118,36.627740524781345,113,32.829300291545188,113,32.829300291545188,110.5,32.818802842565603,105.5,29.126685495626816,105.5,29.126685495626816,103,27.327638483965014,98,25.725000000000001,98,25.725000000000001,95.5,24.063981413994171,90.5,20.923977769679301,90.5,20.923977769679301,88,19.457565597667635,83,18.633352769679298,83,18.633352769679298,80.5,17.418125,75.5,15.282858965014576,75.5,15.282858965014576,73,14.375393586005831,68,14.782230320699709,68,14.782230320699709,65.5,14.239105320699709,63,13.83,128,42.328381924198247,111.19726563337311,33.002868382026662,94.60212221947539,21.531117649229902,75.5,15.282858965014576,5.5624420760842836
schedule,21,29,0,28,0.01,0.20000000000000001,0.75,8,133,46,128,42.328381924198247,128,42.328381924198247,125.5,42.324717565597673,120.5,38.533110422740521,120.5,38.533110422740521,118,36.627740524781345,113,32.829300291545188,113,32.829300291545188,110.5,32.818802842565603,105.5,29.126685495626816,105.5,29.126685495626816,103,27.327638483965014,98,25.725000000000001,98,25.725000000000001,95.5,24.063981413994171,90.5,20.923977769679301,90.5,20.923977769679301,88,19.457565597667635,83,18.633352769679298,83,18.633352769679298,80.5,17.418125,75.5,15.282858965014576,75.5,15.282858965014576,73,14.375393586005831,68,14.782230320699709,68,14.782230320699709,65.5,14.239105320699709,63,13.83,6,0,2,2,5,7,5,12,6,18,7,25,3,0.20000000000000001
marks,21,29,0,28,0.01,0.20000000000000001,0.75,8,133,46,128,42.328381924198247,128,42.328381924198247,125.5,42.324717565597673,120.5,38.533110422740521,120.5,38.533110422740521,118,36.627740524781345,113,32.829300291545188,113,32.829300291545188,110.5,32.818802842565603,105.5,29.126685495626816,105.5,29.126685495626816,103,27.327638483965014,98,25.725000000000001,98,25.725000000000001,95.5,24.063981413994171,90.5,20.923977769679301,90.5,20.923977769679301,88,19.457565597667635,83,18.633352769679298,83,18.633352769679298,80.5,17.418125,75.5,15.282858965014576,75.5,15.282858965014576,73,14.375393586005831,68,14.782230320699709,68,14.782230320699709,65.5,14.239105320699709,63,13.83,147,154,4,1028,1,147,5,1026,1,148,1,148,1,148,1,148,5,1021,1,149,1,149,1,149,1,149,5,1016,1,150,1,150,1,150,1,150,1,150,5,1010,1,151,1,151,1,151,1,151,1,151,1,151,5,1003,1,152,1,152,4,1000
interval,22,30,2,24,66,13.300000000000001,68.41379310344827,14.044455287219648,70.827586206896555,14.914048956496782,73.241379310344826,15.903122719258681,75.65517241379311,17.006018286932633,78.068965517241381,18.217077370945919,80.482758620689651,15.79064168272582,82.896551724137936,17.201052933699621,85.310344827586206,18.7026528352946,87.724137931034477,20.289783098938049,90.137931034482762,21.956785436057238,92.551724137931032,19.958001558079463,94.965517241379303,21.767773176431998,97.379310344827587,23.64044200254213,99.793103448275872,25.570349747837138,102.20689655172414,27.551838123744314,104.62068965517241,29.579248841690926,107.03448275862068,27.906923613104269,109.44827586206897,30.009204149411623,111.86206896551724,32.140432162040263,114.27586206896552,34.294949362417491,116.68965517241379,36.467097461970567,119.10344827586206,34.911218172126773,121.51724137931035,37.101653204313415,123.93103448275862,39.292744269957758,126.34482758620689,41.478833080487099,128.75862068965517,43.65426134732872,131.17241379310343,45.813370781909882,133.58620689655174,44.21050309565787,136,46.32,70.827586206896555,14.914048956496782,90.537862852525805,18.063049795811221,106.9471068316673,29.356319782269463,123.93103448275862,39.292744269957758,25.625247111529941
schedule,22,30,1,29,0.014999999999999999,0.65000000000000002,0.5,9,66,13.300000000000001,68.41379310344827,14.044455287219648,70.827586206896555,14.914048956496782,73.241379310344826,15.903122719258681,75.65517241379311,17.006018286932633,78.068965517241381,18.217077370945919,80.482758620689651,15.79064168272582,82.896551724137936,17.201052933699621,85.310344827586206,18.7026528352946,87.724137931034477,20.289783098938049,90.137931034482762,21.956785436057238,92.551724137931032,19.958001558079463,94.965517241379303,21.767773176431998,97.379310344827587,23.64044200254213,99.793103448275872,25.570349747837138,102.20689655172414,27.551838123744314,104.62068965517241,29.579248841690926,107.03448275862068,27.906923613104269,109.44827586206897,30.009204149411623,111.86206896551724,32.140432162040263,114.27586206896552,34.294949362417491,116.68965517241379,36.467097461970567,119.10344827586206,34.911218172126773,121.51724137931035,37.101653204313415,123.93103448275862,39.292744269957758,126.34482758620689,41.478833080487099,128.75862068965517,43.65426134732872,131.17241379310343,45.813370781909882,133.58620689655174,44.21050309565787,136,46.32,7,0,4,4,6,10,5,15,6,21,5,26,1,27,1,0.65000000000000002
marks,22,30,1,29,0.014999999999999999,0.65000000000000002,0.5,9,66,13.300000000000001,68.41379310344827,14.044455287219648,70.827586206896555,14.914048956496782,73.241379310344826,15.903122719258681,75.65517241379311,17.006018286932633,78.068965517241381,18.217077370945919,80.482758620689651,15.79064168272582,82.896551724137936,17.201052933699621,85.310344827586206,18.7026528352946,87.724137931034477,20.289783098938049,90.137931034482762,21.956785436057238,92.551724137931032,19.958001558079463,94.965517241379303,21.767773176431998,97.379310344827587,23.64044200254213,99.793103448275872,25.570349747837138,102.20689655172414,27.551838123744314,104.62068965517241,29.579248841690926,107.03448275862068,27.906923613104269,109.44827586206897,30.009204149411623,111.86206896551724,32.140432162040263,114.27586206896552,34.294949362417491,116.68965517241379,36.467097461970567,119.10344827586206,34.911218172126773,121.51724137931035,37.101653204313415,123.93103448275862,39.292744269957758,126.34482758620689,41.478833080487099,128.75862068965517,43.65426134732872,131.17241379310343,45.813370781909882,133.58620689655174,44.21050309565787,136,46.32,154,162,6,1000,4,1001,1,154,1,154,1,154,5,1005,1,155,1,155,1,155,1,155,1,155,5,1011,1,156,1,156,1,156,1,156,5,1016,1,157,1,157,1,157,1,157,1,157,5,1022,1,158,1,158,1,158,1,158,5,1027,5,1028,4,1029
interval,23,31,3,26,139,45.960000000000001,136.66666666666669,49.168629629629621,134.33333333333331,46.741259259259259,132,44.292999999999999,129.66666666666669,41.828962962962969,127.33333333333334,39.354259259259265,125,36.874000000000002,122.66666666666667,40.003296296296298,120.33333333333333,37.527259259259253,118,35.061000000000007,115.66666666666666,32.609629629629623,113.33333333333333,30.178259259259249,111,33.381999999999998,108.66666666666666,31.005962962962965,106.33333333333334,28.665259259259262,104,26.364999999999998,101.66666666666666,24.110296296296294,99.333333333333343,21.906259259259262,97,25.367999999999999,94.666666666666657,23.280629629629626,92.333333333333329,21.25925925925926,90,19.309000000000001,87.666666666666671,17.434962962962963,85.333333333333329,21.252259259259258,83,19.545999999999999,80.666666666666671,17.931296296296299,78.333333333333329,16.413259259259259,76,14.997000000000002,73.666666666666671,13.68762962962963,71.333333333333329,18.100259259259257,69,17.02,132,44.292999999999999,114.4473161116338,31.695524344072005,98.152615347511698,22.536546684169767,78.333333333333329,16.413259259259259,67.905489029069784
schedule,23,31,2,30,0.02,1.1000000000000001,0.5,10,139,45.960000000000001,136.66666666666669,49.168629629629621,134.33333333333331,46.741259259259259,132,44.292999999999999,129.66666666666669,41.828962962962969,127.33333333333334,39.354259259259265,125,36.874000000000002,122.66666666666667,40.003296296296298,120.33333333333333,37.527259259259253,118,35.061000000000007,115.66666666666666,32.609629629629623,113.33333333333333,30.178259259259249,111,33.381999999999998,108.66666666666666,31.005962962962965,106.33333333333334,28.665259259259262,104,26.364999999999998,101.66666666666666,24.110296296296294,99.333333333333343,21.906259259259262,97,25.367999999999999,94.666666666666657,23.280629629629626,92.333333333333329,21.25925925925926,90,19.309000000000001,87.666666666666671,17.434962962962963,85.333333333333329,21.252259259259258,83,19.545999999999999,80.666666666666671,17.931296296296299,78.333333333333329,16.413259259259259,76,14.997000000000002,73.666666666666671,13.68762962962963,71.333333333333329,18.100259259259257,69,17.02,6,0,4,4,6,10,5,15,6,21,6,27,1,1.1000000000000001
marks,23,31,2,30,0.02,1.1000000000000001,0.5,10,139,45.960000000000001,136.66666666666669,49.168629629629621,134.33333333333331,46.741259259259259,132,44.292999999999999,129.66666666666669,41.828962962962969,127.33333333333334,39.354259259259265,125,36.874000000000002,122.66666666666667,40.003296296296298,120.33333333333333,37.527259259259253,118,35.061000000000007,115.66666666666666,32.609629629629623,113.33333333333333,30.178259259259249,111,33.381999999999998,108.66666666666666,31.005962962962965,106.33333333333334,28.665259259259262,104,26.364999999999998,101.66666666666666,24.110296296296294,99.333333333333343,21.906259259259262,97,25.367999999999999,94.666666666666657,23.280629629629626,92.333333333333329,21.25925925925926,90,19.309000000000001,87.666666666666671,17.434962962962963,85.333333333333329,21.252259259259258,83,19.545999999999999,80.666666666666671,17.931296296296299,78.333333333333329,16.413259259259259,76,14.997000000000002,73.666666666666671,13.68762962962963,71.333333333333329,18.100259259259257,69,17.02,161,168,8,1030,7,1029,4,1028,1,161,1,161,1,161,5,1024,1,162,1,162,1,162,1,162,1,162,5,1018,1,163,1,163,1,163,1,163,5,1013,1,164,1,164,1,164,1,164,1,164,5,1007,1,165,1,165,1,165,1,165,1,165,5,1001,4,1000
interval,24,32,4,28,63,33.640000000000001,62.529188648807377,38.422074841507218,61.136029667265305,43.064049536926419,58.877559147767357,47.431559656611469,55.846239138740792,43.921477382895041,52.166172237520136,47.386952377410765,47.988020815430865,50.261786246500371,43.482838882605265,52.483961513577889,38.835069116709612,54.018180621907895,34.234991758049425,54.857311020725469,29.870934514174408,47.542677172702611,25.921562401403754,47.083187527940879,22.548563178065809,46.073332206277776,19.890027828674611,44.610133363028375,18.054797102798876,42.809173090547084,17.118005561986411,33.319861473786354,17.118005561986411,31.240138526213656,18.054797102798872,29.230826909452926,19.890027828674615,27.429866636971617,22.548563178065805,25.966667793722223,25.921562401403758,24.95681247205912,29.870934514174394,17.017322827297399,34.234991758049432,17.182688979274527,38.835069116709612,18.021819378092104,43.482838882605265,19.556038486422107,47.988020815430843,21.778213753499628,52.166172237520136,17.17304762258923,55.846239138740792,20.638522617104961,58.877559147767357,24.60844034338853,61.136029667265305,28.97595046307358,62.529188648807377,33.617925158492774,63,38.399999999999991,55.846239138740792,43.921477382895041,3.7298102397870094,79.850267192737377,17.157533678945356,-12.224664060539501,58.877559147767357,24.60844034338853,405.97302893030593
schedule,24,32,0,32,0.0050000000000000001,1.55,0.75,11,63,33.640000000000001,62.529188648807377,38.422074841507218,61.136029667265305,43.064049536926419,58.877559147767357,47.431559656611469,55.846239138740792,43.921477382895041,52.166172237520136,47.386952377410765,47.988020815430865,50.261786246500371,43.482838882605265,52.483961513577889,38.835069116709612,54.018180621907895,34.234991758049425,54.857311020725469,29.870934514174408,47.542677172702611,25.921562401403754,47.083187527940879,22.548563178065809,46.073332206277776,19.890027828674611,44.610133363028375,18.054797102798876,42.809173090547084,17.118005561986411,33.319861473786354,17.118005561986411,31.240138526213656,18.054797102798872,29.230826909452926,19.890027828674615,27.429866636971617,22.548563178065805,25.966667793722223,25.921562401403758,24.95681247205912,29.870934514174394,17.017322827297399,34.234991758049432,17.182688979274527,38.835069116709612,18.021819378092104,43.482838882605265,19.556038486422107,47.988020815430843,21.778213753499628,52.166172237520136,17.17304762258923,55.846239138740792,20.638522617104961,58.877559147767357,24.60844034338853,61.136029667265305,28.97595046307358,62.529188648807377,33.617925158492774,63,38.399999999999991,8,0,3,3,1,4,5,9,5,14,6,20,6,26,5,31,1,1.55
marks,24,32,0,32,0.0050000000000000001,1.55,0.75,11,63,33.640000000000001,62.529188648807377,38.422074841507218,61.136029667265305,43.064049536926419,58.877559147767357,47.431559656611469,55.846239138740792,43.921477382895041,52.166172237520136,47.386952377410765,47.988020815430865,50.261786246500371,43.482838882605265,52.483961513577889,38.835069116709612,54.018180621907895,34.234991758049425,54.857311020725469,29.870934514174408,47.542677172702611,25.921562401403754,47.083187527940879,22.548563178065809,46.073332206277776,19.890027828674611,44.610133363028375,18.054797102798876,42.809173090547084,17.118005561986411,33.319861473786354,17.118005561986411,31.240138526213656,18.054797102798872,29.230826909452926,19.890027828674615,27.429866636971617,22.548563178065805,25.966667793722223,25.921562401403758,24.95681247205912,29.870934514174394,17.017322827297399,34.234991758049432,17.182688979274527,38.835069116709612,18.021819378092104,43.482838882605265,19.556038486422107,47.988020815430843,21.778213753499628,52.166172237520136,17.17304762258923,55.846239138740792,20.638522617104961,58.877559147767357,24.60844034338853,61.136029667265305,28.97595046307358,62.529188648807377,33.617925158492774,63,38.399999999999991,168,177,4,1000,1,168,1,168,5,1003,5,1004,1,170,1,170,1,170,1,170,5,1009,1,171,1,171,1,171,1,171,5,1014,1,172,1,172,1,172,1,172,1,172,5,1020,1,173,1,173,1,173,1,173,1,173,5,1026,1,174,1,174,1,174,1,174,5,1031
interval,25,33,0,25,145,50,142.8125,48.705780029296875,140.625,47.388427734375,138.4375,46.052154541015625,136.25,44.701171875,134.0625,43.339691162109375,131.875,41.971923828125,129.6875,40.602081298828125,127.5,39.234375,125.3125,37.873016357421875,123.125,36.522216796875,120.9375,35.186187744140625,118.75,33.869140625,116.5625,32.575286865234375,114.375,31.308837890625,112.1875,30.074005126953125,110,28.875,107.8125,27.716033935546875,105.625,26.601318359375,103.4375,25.535064697265625,101.25,24.521484375,99.0625,23.564788818359375,96.875,22.669189453125,94.6875,21.838897705078125,92.5,21.078125,90.3125,20.391082763671875,88.125,19.781982421875,85.9375,19.255035400390625,83.75,18.814453125,81.5625,18.464447021484375,79.375,18.209228515625,77.1875,18.053009033203125,75,18,145,50,127.07333724091238,39.649513097537536,110.30239719374953,26.621514182633724,90.3125,20.391082763671875,0.016207075871257678
schedule,25,33,1,33,0.01,2,0.5,12,145,50,142.8125,48.705780029296875,140.625,47.388427734375,138.4375,46.052154541015625,136.25,44.701171875,134.0625,43.339691162109375,131.875,41.971923828125,129.6875,40.602081298828125,127.5,39.234375,125.3125,37.873016357421875,123.125,36.522216796875,120.9375,35.186187744140625,118.75,33.869140625,116.5625,32.575286865234375,114.375,31.308837890625,112.1875,30.074005126953125,110,28.875,107.8125,27.716033935546875,105.625,26.601318359375,103.4375,25.535064697265625,101.25,24.521484375,99.0625,23.564788818359375,96.875,22.669189453125,94.6875,21.838897705078125,92.5,21.078125,90.3125,20.391082763671875,88.125,19.781982421875,85.9375,19.255035400390625,83.75,18.814453125,81.5625,18.464447021484375,79.375,18.209228515625,77.1875,18.053009033203125,75,18,2,0,31,31,1,2
marks,25,33,1,33,0.01,2,0.5,12,145,50,142.8125,48.705780029296875,140.625,47.388427734375,138.4375,46.052154541015625,136.25,44.701171875,134.0625,43.339691162109375,131.875,41.971923828125,129.6875,40.602081298828125,127.5,39.234375,125.3125,37.873016357421875,123.125,36.522216796875,120.9375,35.186187744140625,118.75,33.869140625,116.5625,32.575286865234375,114.375,31.308837890625,112.1875,30.074005126953125,110,28.875,107.8125,27.716033935546875,105.625,26.601318359375,103.4375,25.535064697265625,101.25,24.521484375,99.0625,23.564788818359375,96.875,22.669189453125,94.6875,21.838897705078125,92.5,21.078125,90.3125,20.391082763671875,88.125,19.781982421875,85.9375,19.255035400390625,83.75,18.814453125,81.5625,18.464447021484375,79.375,18.209228515625,77.1875,18.053009033203125,75,18,175,178,4,1032,4,1031,1,175,1,175,1,175,1,175,1,175,1,175,1,175,1,175,1,175,1,175,1,175,1,175,1,175,1,175,1,175,1,175,1,175,1,175,1,175,1,175,1,175,1,175,1,175,1,175,1,175,1,175,1,175,1,175,1,175,1,175,5,1000
interval,26,34,1,27,11,23,11,23,11,23,11,23,11,23,11,23,11,23,11,23,11,23,11,23,11,23,11,23,11,23,11,23,11,23,11,23,11,23,11,23,11,23,11,23,11,23,11,23,11,23,11,23,11,23,11,23,11,23,11,23,11,23,11,23,11,23,11,23,11,23,11,23,11,23,0,0,0,0,11,23,0
schedule,26,34,2,34,0.014999999999999999,2.4500000000000002,0.5,0,11,23,11,23,11,23,11,23,11,23,11,23,11,23,11,23,11,23,11,23,11,23,11,23,11,23,11,23,11,23,11,23,11,23,11,23,11,23,11,23,11,23,11,23,11,23,11,23,11,23,11,23,11,23,11,23,11,23,11,23,11,23,11,23,11,23,11,23,32,0,1,1,1,2,1,3,1,4,1,5,1,6,1,7,1,8,1,9,1,10,1,11,1,12,1,13,1,14,1,15,1,16,1,17,1,18,1,19,1,20,1,21,1,22,1,23,1,24,1,25,1,26,1,27,1,28,1,29,1,30,1,31,1,0.014999999999999999
marks,26,34,2,34,0.014999999999999999,2.4500000000000002,0.5,0,11,23,11,23,11,23,11,23,11,23,11,23,11,23,11,23,11,23,11,23,11,23,11,23,11,23,11,23,11,23,11,23,11,23,11,23,11,23,11,23,11,23,11,23,11,23,11,23,11,23,11,23,11,23,11,23,11,23,11,23,11,23,11,23,11,23,11,23,182,215,4,1000,7,1001,4,1002,5,1003,5,1004,5,1005,5,1006,5,1007,5,1008,5,1009,5,1010,5,1011,5,1012,5,1013,5,1014,5,1015,5,1016,5,1017,5,1018,5,1019,5,1020,5,1021,5,1022,5,1023,5,1024,5,1025,5,1026,5,1027,5,1028,5,1029,5,1030,5,1031,5,1032,5,1033
interval,27,35,2,29,151,51.659999999999997,148.94117647058823,49.762592102584968,146.88235294117646,47.844473844901287,144.8235294117647,49.649156319967446,142.76470588235293,47.700150620801956,140.70588235294116,45.740967840423359,138.64705882352939,43.775119071850192,136.58823529411765,41.806115408100951,134.52941176470588,43.577467942194176,132.47058823529412,41.612687767148387,130.41176470588235,39.655285975982096,128.35294117647061,37.708773661713821,126.29411764705883,35.776661917362098,124.23529411764706,33.862461835945446,122.1764705882353,35.70968451048239,120.11764705882354,33.841841033991457,118.05882352941177,32.002442499491146,116,30.195,113.94117647058823,28.423024628536538,111.88235294117646,30.430027478119275,109.8235294117647,28.739519641766741,107.76470588235294,27.095012212497451,105.70588235294117,25.500016283329945,103.64705882352942,23.958042947282721,101.58823529411765,22.472603297374313,99.529411764705884,24.787208426623245,97.470588235294116,23.425369428048036,95.411764705882348,22.130597394667209,93.352941176470594,20.906403419499288,91.294117647058826,19.756298595562793,89.235294117647058,22.423794015876243,87.17647058823529,21.43240077345817,85.117647058823536,20.525629961327091,83.058823529411768,19.706992672501528,81,18.98,146.88235294117646,47.844473844901287,128.70483082333186,40.28974557349688,111.95555503574199,26.419406516662058,91.294117647058826,19.756298595562793,40.890617674695513
schedule,27,35,0,32,0.02,2.9000000000000004,0.75,1,151,51.659999999999997,148.94117647058823,49.762592102584968,146.88235294117646,47.844473844901287,144.8235294117647,49.649156319967446,142.76470588235293,47.700150620801956,140.70588235294116,45.740967840423359,138.64705882352939,43.775119071850192,136.58823529411765,41.806115408100951,134.52941176470588,43.577467942194176,132.47058823529412,41.612687767148387,130.41176470588235,39.655285975982096,128.35294117647061,37.708773661713821,126.29411764705883,35.776661917362098,124.23529411764706,33.862461835945446,122.1764705882353,35.70968451048239,120.11764705882354,33.841841033991457,118.05882352941177,32.002442499491146,116,30.195,113.94117647058823,28.423024628536538,111.88235294117646,30.430027478119275,109.8235294117647,28.739519641766741,107.76470588235294,27.095012212497451,105.70588235294117,25.500016283329945,103.64705882352942,23.958042947282721,101.58823529411765,22.472603297374313,99.529411764705884,24.787208426623245,97.470588235294116,23.425369428048036,95.411764705882348,22.130597394667209,93.352941176470594,20.906403419499288,91.294117647058826,19.756298595562793,89.235294117647058,22.423794015876243,87.17647058823529,21.43240077345817,85.117647058823536,20.525629961327091,83.058823529411768,19.706992672501528,81,18.98,20,0,2,2,1,3,2,5,2,7,1,8,2,10,2,12,1,13,1,14,2,16,2,18,1,19,2,21,2,23,1,24,1,25,2,27,2,29,1,30,2,15.23540483022941
marks,27,35,0,32,0.02,2.9000000000000004,0.75,1,151,51.659999999999997,148.94117647058823,49.762592102584968,146.88235294117646,47.844473844901287,144.8235294117647,49.649156319967446,142.76470588235293,47.700150620801956,140.70588235294116,45.740967840423359,138.64705882352939,43.775119071850192,136.58823529411765,41.806115408100951,134.52941176470588,43.577467942194176,132.47058823529412,41.612687767148387,130.41176470588235,39.655285975982096,128.35294117647061,37.708773661713821,126.29411764705883,35.776661917362098,124.23529411764706,33.862461835945446,122.1764705882353,35.70968451048239,120.11764705882354,33.841841033991457,118.05882352941177,32.002442499491146,116,30.195,113.94117647058823,28.423024628536538,111.88235294117646,30.430027478119275,109.8235294117647,28.739519641766741,107.76470588235294,27.095012212497451,105.70588235294117,25.500016283329945,103.64705882352942,23.958042947282721,101.58823529411765,22.472603297374313,99.529411764705884,24.787208426623245,97.470588235294116,23.425369428048036,95.411764705882348,22.130597394667209,93.352941176470594,20.906403419499288,91.294117647058826,19.756298595562793,89.235294117647058,22.423794015876243,87.17647058823529,21.43240077345817,85.117647058823536,20.525629961327091,83.058823529411768,19.706992672501528,81,18.98,189,210,4,1034,1,189,5,1032,5,1031,1,191,5,1029,1,192,5,1027,5,1026,1,194,5,1024,1,195,5,1022,5,1021,5,1020,1,198,5,1018,1,199,5,1016,5,1015,1,201,5,1013,1,202,5,1011,5,1010,5,1009,1,205,5,1007,1,206,5,1005,5,1004,1,208,4,1002,7,1001,6,1000
interval,28,36,3,31,63,37.039999999999999,62.630380537768481,35.485467211576825,61.533402024713958,39.443372009382827,61.533402024713958,39.443372009382827,57.320643718083048,46.694958340975113,54.340265442750869,49.821135201956508,54.340265442750869,49.821135201956508,47.107390870623789,49.127960777017613,43.087365113806079,50.826145950054887,43.087365113806079,50.826145950054887,34.882018519004774,52.593774507091005,30.960424271959759,52.671972133374659,30.960424271959759,52.671972133374659,24.105559073302114,45.757512685065656,21.392609129376211,44.482349288972046,21.392609129376211,44.482349288972046,17.828854203995373,41.052626374633476,17.092591238109502,39.07386825135837,17.092591238109502,39.07386825135837,17.82885420399537,29.457373625366532,19.27771603824436,27.623976435001513,19.27771603824436,27.623976435001513,24.105559073302111,24.752487314934342,27.329369426601637,18.262254686737858,27.329369426601637,18.262254686737858,34.882018519004767,17.916225492908996,38.968108901938152,18.527117868797653,38.968108901938152,18.527117868797653,47.107390870623789,21.382039222982389,50.898979236878965,17.989875958435455,50.898979236878965,17.989875958435455,57.320643718083048,23.815041659024882,59.74432225284292,27.300712284099593,59.74432225284292,27.300712284099593,62.630380537768481,29.414532788423173,63,33.469999999999992,61.533402024713958,39.443372009382827,18.862640490703964,87.330465941241044,2.3813982583545417,-9.4738754201099571,57.320643718083048,23.815041659024882,617.46617009482247
schedule,28,36,1,37,0.0050000000000000001,0.20000000000000001,0.5,2,63,37.039999999999999,62.630380537768481,35.485467211576825,61.533402024713958,39.443372009382827,61.533402024713958,39.443372009382827,57.320643718083048,46.694958340975113,54.340265442750869,49.821135201956508,54.340265442750869,49.821135201956508,47.107390870623789,49.127960777017613,43.087365113806079,50.826145950054887,43.087365113806079,50.826145950054887,34.882018519004774,52.593774507091005,30.960424271959759,52.671972133374659,30.960424271959759,52.671972133374659,24.105559073302114,45.757512685065656,21.392609129376211,44.482349288972046,21.392609129376211,44.482349288972046,17.828854203995373,41.052626374633476,17.092591238109502,39.07386825135837,17.092591238109502,39.07386825135837,17.82885420399537,29.457373625366532,19.27771603824436,27.623976435001513,19.27771603824436,27.623976435001513,24.105559073302111,24.752487314934342,27.329369426601637,18.262254686737858,27.329369426601637,18.262254686737858,34.882018519004767,17.916225492908996,38.968108901938152,18.527117868797653,38.968108901938152,18.527117868797653,47.107390870623789,21.382039222982389,50.898979236878965,17.989875958435455,50.898979236878965,17.989875958435455,57.320643718083048,23.815041659024882,59.74432225284292,27.300712284099593,59.74432225284292,27.300712284099593,62.630380537768481,29.414532788423173,63,33.469999999999992,24,0,2,2,1,3,2,5,1,6,2,8,1,9,2,11,1,12,2,14,1,15,2,17,1,18,2,20,1,21,2,23,1,24,2,26,1,27,2,29,1,30,2,32,1,33,2,35,1,0.20000000000000001
marks,28,36,1,37,0.0050000000000000001,0.20000000000000001,0.5,2,63,37.039999999999999,62.630380537768481,35.485467211576825,61.533402024713958,39.443372009382827,61.533402024713958,39.443372009382827,57.320643718083048,46.694958340975113,54.340265442750869,49.821135201956508,54.340265442750869,49.821135201956508,47.107390870623789,49.127960777017613,43.087365113806079,50.826145950054887,43.087365113806079,50.826145950054887,34.882018519004774,52.593774507091005,30.960424271959759,52.671972133374659,30.960424271959759,52.671972133374659,24.105559073302114,45.757512685065656,21.392609129376211,44.482349288972046,21.392609129376211,44.482349288972046,17.828854203995373,41.052626374633476,17.092591238109502,39.07386825135837,17.092591238109502,39.07386825135837,17.82885420399537,29.457373625366532,19.27771603824436,27.623976435001513,19.27771603824436,27.623976435001513,24.105559073302111,24.752487314934342,27.329369426601637,18.262254686737858,27.329369426601637,18.262254686737858,34.882018519004767,17.916225492908996,38.968108901938152,18.527117868797653,38.968108901938152,18.527117868797653,47.107390870623789,21.382039222982389,50.898979236878965,17.989875958435455,50.898979236878965,17.989875958435455,57.320643718083048,23.815041659024882,59.74432225284292,27.300712284099593,59.74432225284292,27.300712284099593,62.630380537768481,29.414532788423173,63,33.469999999999992,196,221,5,1000,4,1001,1,196,5,1003,5,1004,1,198,5,1006,5,1007,1,200,5,1009,5,1010,1,202,5,1012,5,1013,1,204,5,1015,5,1016,1,206,5,1018,5,1019,1,208,5,1021,5,1022,1,210,5,1024,5,1025,1,212,5,1027,5,1028,1,214,5,1030,5,1031,1,216,5,1033,5,1034,1,218
interval,29,37,4,33,157,50.600000000000001,155.05555555555554,55.570801611796981,153.11111111111111,53.042956104252397,151.16666666666666,50.499421296296291,149.22222222222223,47.943155006858703,147.27777777777777,45.377115054869691,145.33333333333334,50.284259259259265,143.38888888888889,47.707545438957474,141.44444444444446,45.129931412894379,139.5,42.554375,137.55555555555554,39.983834019204387,135.61111111111111,37.42126628943759,133.66666666666666,42.349629629629625,131.72222222222223,39.811881858710557,129.77777777777777,37.29098079561043,127.83333333333334,34.789884259259267,125.88888888888889,32.31155006858711,123.94444444444444,37.338936042524004,122,34.914999999999999,120.05555555555556,32.522699759945127,118.11111111111111,30.164993141289436,116.16666666666667,27.844837962962966,114.22222222222223,25.565192043895749,112.27777777777777,30.809013203017834,110.33333333333333,28.619259259259259,108.38888888888889,26.478888031550071,106.44444444444444,24.390857338820304,104.5,22.358125000000001,102.55555555555556,27.863648834019209,100.61111111111111,25.950386659807954,98.666666666666671,24.101296296296297,96.722222222222229,22.319335562414267,94.777777777777771,20.607462277091908,92.833333333333329,18.968634259259254,90.888888888888886,24.885809327846363,88.944444444444443,23.401945301783261,87,22,149.22222222222223,47.943155006858703,130.99372508203783,37.857156761784353,115.2632452049627,29.853262576821574,92.833333333333329,18.968634259259254,190.53088753102875
schedule,29,37,2,38,0.01,0.65000000000000002,0.5,3,157,50.600000000000001,155.05555555555554,55.570801611796981,153.11111111111111,53.042956104252397,151.16666666666666,50.499421296296291,149.22222222222223,47.943155006858703,147.27777777777777,45.377115054869691,145.33333333333334,50.284259259259265,143.38888888888889,47.707545438957474,141.44444444444446,45.129931412894379,139.5,42.554375,137.55555555555554,39.983834019204387,135.61111111111111,37.42126628943759,133.66666666666666,42.349629629629625,131.72222222222223,39.811881858710557,129.77777777777777,37.29098079561043,127.83333333333334,34.789884259259267,125.88888888888889,32.31155006858711,123.94444444444444,37.338936042524004,122,34.914999999999999,120.05555555555556,32.522699759945127,118.11111111111111,30.164993141289436,116.16666666666667,27.844837962962966,114.22222222222223,25.565192043895749,112.27777777777777,30.809013203017834,110.33333333333333,28.619259259259259,108.38888888888889,26.478888031550071,106.44444444444444,24.390857338820304,104.5,22.358125000000001,102.55555555555556,27.863648834019209,100.61111111111111,25.950386659807954,98.666666666666671,24.101296296296297,96.722222222222229,22.319335562414267,94.777777777777771,20.607462277091908,92.833333333333329,18.968634259259254,90.888888888888886,24.885809327846363,88.944444444444443,23.401945301783261,87,22,13,0,3,3,5,8,1,9,5,14,5,19,1,20,5,25,5,30,1,31,1,32,2,34,1,35,1,0.65000000000000002
marks,29,37,2,38,0.01,0.65000000000000002,0.5,3,157,50.600000000000001,155.05555555555554,55.570801611796981,153.11111111111111,53.042956104252397,151.16666666666666,50.499421296296291,149.22222222222223,47.943155006858703,147.27777777777777,45.377115054869691,145.33333333333334,50.284259259259265,143.38888888888889,47.707545438957474,141.44444444444446,45.129931412894379,139.5,42.554375,137.55555555555554,39.983834019204387,135.61111111111111,37.42126628943759,133.66666666666666,42.349629629629625,131.72222222222223,39.811881858710557,129.77777777777777,37.29098079561043,127.83333333333334,34.789884259259267,125.88888888888889,32.31155006858711,123.94444444444444,37.338936042524004,122,34.914999999999999,120.05555555555556,32.522699759945127,118.11111111111111,30.164993141289436,116.16666666666667,27.844837962962966,114.22222222222223,25.565192043895749,112.27777777777777,30.809013203017834,110.33333333333333,28.619259259259259,108.38888888888889,26.478888031550071,106.44444444444444,24.390857338820304,104.5,22.358125000000001,102.55555555555556,27.863648834019209,100.61111111111111,25.950386659807954,98.666666666666671,24.101296296296297,96.722222222222229,22.319335562414267,94.777777777777771,20.607462277091908,92.833333333333329,18.968634259259254,90.888888888888886,24.885809327846363,88.944444444444443,23.401945301783261,87,22,203,217,5,1036,4,1035,4,1034,1,203,1,203,5,1031,1,204,1,204,1,204,1,204,5,1026,5,1025,1,206,1,206,1,206,1,206,5,1020,1,207,1,207,1,207,1,207,5,1015,5,1014,1,209,1,209,1,209,1,209,5,1009,1,210,1,210,1,210,1,210,5,1004,5,1003,5,1002,1,213,5,1000
interval,30,38,0,30,90,23,91.891891891891888,23.039721240597792,93.78378378378379,23.15706868300002,95.675675675675677,23.349317908119954,97.567567567567565,23.613744496870865,99.459459459459453,23.947624030166033,101.35135135135135,24.348232088918724,103.24324324324324,24.812844254042208,105.13513513513513,25.338736106449765,107.02702702702703,25.923183227054668,108.91891891891892,26.563461196770181,110.81081081081081,27.256845596509585,112.70270270270271,28.000612007186149,114.5945945945946,28.792036009713147,116.48648648648648,29.628393185003848,118.37837837837839,30.506959113971533,120.27027027027027,31.42500937752947,122.16216216216216,32.379819556590917,124.05405405405406,33.368665232069176,125.94594594594594,34.388821984877502,127.83783783783784,35.43756539592917,129.72972972972974,36.512171046137446,131.62162162162161,37.609914516415614,133.51351351351352,38.728071387676941,135.40540540540542,39.863917240834702,137.29729729729729,41.014727656802165,139.18918918918919,42.177778216492605,141.08108108108109,43.350344500819304,142.97297297297297,44.529702090695515,144.86486486486487,45.713126567034529,146.75675675675677,46.897893510749611,148.64864864864865,48.081278502754031,150.54054054054055,49.260557123961078,152.43243243243245,50.433004955283998,154.32432432432432,51.595897577636073,156.2162162162162,52.746510571930571,158.10810810810813,53.882119519080817,160,55,90,23,111.22172448119466,23.459292255523927,129.29051727709447,36.280293240861575,146.75675675675677,46.897893510749611,0.10162011100435157
schedule,30,38,0,36,0.014999999999999999,1.1000000000000001,0.75,4,90,23,91.891891891891888,23.039721240597792,93.78378378378379,23.15706868300002,95.675675675675677,23.349317908119954,97.567567567567565,23.613744496870865,99.459459459459453,23.947624030166033,101.35135135135135,24.348232088918724,103.24324324324324,24.812844254042208,105.13513513513513,25.338736106449765,107.02702702702703,25.923183227054668,108.91891891891892,26.563461196770181,110.81081081081081,27.256845596509585,112.70270270270271,28.000612007186149,114.5945945945946,28.792036009713147,116.48648648648648,29.628393185003848,118.37837837837839,30.506959113971533,120.27027027027027,31.42500937752947,122.16216216216216,32.379819556590917,124.05405405405406,33.368665232069176,125.94594594594594,34.388821984877502,127.83783783783784,35.43756539592917,129.72972972972974,36.512171046137446,131.62162162162161,37.609914516415614,133.51351351351352,38.728071387676941,135.40540540540542,39.863917240834702,137.29729729729729,41.014727656802165,139.18918918918919,42.177778216492605,141.08108108108109,43.350344500819304,142.97297297297297,44.529702090695515,144.86486486486487,45.713126567034529,146.75675675675677,46.897893510749611,148.64864864864865,48.081278502754031,150.54054054054055,49.260557123961078,152.43243243243245,50.433004955283998,154.32432432432432,51.595897577636073,156.2162162162162,52.746510571930571,158.10810810810813,53.882119519080817,160,55,3,0,16,16,16,32,4,1.1000000000000001
marks,30,38,0,36,0.014999999999999999,1.1000000000000001,0.75,4,90,23,91.891891891891888,23.039721240597792,93.78378378378379,23.15706868300002,95.675675675675677,23.349317908119954,97.567567567567565,23.613744496870865,99.459459459459453,23.947624030166033,101.35135135135135,24.348232088918724,103.24324324324324,24.812844254042208,105.13513513513513,25.338736106449765,107.02702702702703,25.923183227054668,108.91891891891892,26.563461196770181,110.81081081081081,27.256845596509585,112.70270270270271,28.000612007186149,114.5945945945946,28.792036009713147,116.48648648648648,29.628393185003848,118.37837837837839,30.506959113971533,120.27027027027027,31.42500937752947,122.16216216216216,32.379819556590917,124.05405405405406,33.368665232069176,125.94594594594594,34.388821984877502,127.83783783783784,35.43756539592917,129.72972972972974,36.512171046137446,131.62162162162161,37.609914516415614,133.51351351351352,38.728071387676941,135.40540540540542,39.863917240834702,137.29729729729729,41.014727656802165,139.18918918918919,42.177778216492605,141.08108108108109,43.350344500819304,142.97297297297297,44.529702090695515,144.86486486486487,45.713126567034529,146.75675675675677,46.897893510749611,148.64864864864865,48.081278502754031,150.54054054054055,49.260557123961078,152.43243243243245,50.433004955283998,154.32432432432432,51.595897577636073,156.2162162162162,52.746510571930571,158.10810810810813,53.882119519080817,160,55,210,214,4,1000,1,210,1,210,1,210,1,210,1,210,1,210,1,210,1,210,1,210,1,210,1,210,1,210,1,210,1,210,1,210,5,1016,1,211,1,211,1,211,1,211,1,211,1,211,1,211,1,211,1,211,1,211,1,211,1,211,1,211,1,211,1,211,5,1032,1,212,1,212,1,212,4,1036,7,1037
interval,31,39,1,32,163,56.340000000000003,161.15789473684211,54.911776498031792,159.31578947368422,53.466677358215478,157.4736842105263,52.007217524420469,155.63157894736844,52.405911940516113,153.78947368421052,50.925275550371772,151.94736842105263,49.437823297856824,150.10526315789474,47.946070126840645,148.26315789473685,46.452530981192588,146.42105263157896,44.959720804782037,144.57894736842104,45.340154541478356,142.73684210526315,43.856347135150898,140.89473684210526,42.380813529669048,139.05263157894737,40.91606866890217,137.21052631578948,39.464627496719636,135.36842105263156,39.899004956990815,133.5263157894737,38.481715993585063,131.68421052631578,37.085275550371783,129.84210526315789,35.712198571220284,128,34.365000000000002,126.15789473684211,33.046194780580258,124.31578947368422,33.628297856830443,122.47368421052632,32.373824172619919,120.63157894736842,31.155288671818045,118.78947368421052,29.975206298294214,116.94736842105263,28.836091995917776,115.10526315789474,29.610460708558101,113.26315789473685,28.560827380084561,111.42105263157895,27.559706954366526,109.57894736842105,26.60961437527336,107.73684210526315,25.713064586674438,105.89473684210526,24.872572532439129,104.05263157894737,25.960653156436798,102.21052631578948,25.239821402536812,100.36842105263158,24.582592214608542,98.526315789473685,23.991480536521358,96.684210526315795,23.469001312144627,94.84210526315789,24.887669485347718,93,24.510000000000002,161.15789473684211,54.911776498031792,142.63669606238878,44.544335887178363,124.76814939307326,29.290831423720732,104.05263157894737,25.960653156436798,10.095443184226744
schedule,31,39,1,37,0.02,1.55,0.5,5,163,56.340000000000003,161.15789473684211,54.911776498031792,159.31578947368422,53.466677358215478,157.4736842105263,52.007217524420469,155.63157894736844,52.405911940516113,153.78947368421052,50.925275550371772,151.94736842105263,49.437823297856824,150.10526315789474,47.946070126840645,148.26315789473685,46.452530981192588,146.42105263157896,44.959720804782037,144.57894736842104,45.340154541478356,142.73684210526315,43.856347135150898,140.89473684210526,42.380813529669048,139.05263157894737,40.91606866890217,137.21052631578948,39.464627496719636,135.36842105263156,39.899004956990815,133.5263157894737,38.481715993585063,131.68421052631578,37.085275550371783,129.84210526315789,35.712198571220284,128,34.365000000000002,126.15789473684211,33.046194780580258,124.31578947368422,33.628297856830443,122.47368421052632,32.373824172619919,120.63157894736842,31.155288671818045,118.78947368421052,29.975206298294214,116.94736842105263,28.836091995917776,115.10526315789474,29.610460708558101,113.26315789473685,28.560827380084561,111.42105263157895,27.559706954366526,109.57894736842105,26.60961437527336,107.73684210526315,25.713064586674438,105.89473684210526,24.872572532439129,104.05263157894737,25.960653156436798,102.21052631578948,25.239821402536812,100.36842105263158,24.582592214608542,98.526315789473685,23.991480536521358,96.684210526315795,23.469001312144627,94.84210526315789,24.887669485347718,93,24.510000000000002,3,0,18,18,12,30,6,1.55
marks,31,39,1,37,0.02,1.55,0.5,5,163,56.340000000000003,161.15789473684211,54.911776498031792,159.31578947368422,53.466677358215478,157.4736842105263,52.007217524420469,155.63157894736844,52.405911940516113,153.78947368421052,50.925275550371772,151.94736842105263,49.437823297856824,150.10526315789474,47.946070126840645,148.26315789473685,46.452530981192588,146.42105263157896,44.959720804782037,144.57894736842104,45.340154541478356,142.73684210526315,43.856347135150898,140.89473684210526,42.380813529669048,139.05263157894737,40.91606866890217,137.21052631578948,39.464627496719636,135.36842105263156,39.899004956990815,133.5263157894737,38.481715993585063,131.68421052631578,37.085275550371783,129.84210526315789,35.712198571220284,128,34.365000000000002,126.15789473684211,33.046194780580258,124.31578947368422,33.628297856830443,122.47368421052632,32.373824172619919,120.63157894736842,31.155288671818045,118.78947368421052,29.975206298294214,116.94736842105263,28.836091995917776,115.10526315789474,29.610460708558101,113.26315789473685,28.560827380084561,111.42105263157895,27.559706954366526,109.57894736842105,26.60961437527336,107.73684210526315,25.713064586674438,105.89473684210526,24.872572532439129,104.05263157894737,25.960653156436798,102.21052631578948,25.239821402536812,100.36842105263158,24.582592214608542,98.526315789473685,23.991480536521358,96.684210526315795,23.469001312144627,94.84210526315789,24.887669485347718,93,24.510000000000002,217,221,8,1038,4,1037,1,217,1,217,1,217,1,217,1,217,1,217,1,217,1,217,1,217,1,217,1,217,1,217,1,217,1,217,1,217,1,217,1,217,5,1019,1,218,1,218,1,218,1,218,1,218,1,218,1,218,1,218,1,218,1,218,1,218,5,1007,1,219,1,219,1,219,1,219,1,219,4,1001,6,1000
interval,32,40,2,34,63,34.659999999999997,62.702156040671994,38.066991774581929,61.816338164784348,41.403355894625037,60.36548859002383,44.600293924744065,58.387183558280526,43.852618492045643,55.932660130720791,46.580441604844843,53.065489174816584,48.99072572019216,49.859928912270249,51.0386573883765,46.399001670078412,52.688807897733327,42.772343645872432,50.176050859666915,39.073883377483455,50.966212968916686,35.399409043150982,51.316441084718548,31.84408759802168,51.235276125652057,28.500000000000007,50.742431864335465,25.453756361306326,49.86828435107013,22.784252792064674,44.913085190093518,20.560628032492723,43.40591904417262,18.840472795847045,41.663432367621276,17.668338199200804,39.748366292888484,17.074581912913171,37.72793166818434,17.074581912913171,31.932068331815668,17.6683381992008,29.911633707111523,18.840472795847042,27.996567632378724,20.560628032492719,26.25408095582738,22.784252792064677,24.746914809906482,25.453756361306329,23.531715648929872,28.499999999999993,18.917568135664549,31.844087598021673,18.424723874347951,35.399409043150975,18.343558915281449,39.073883377483455,18.693787031083318,42.772343645872432,19.483949140333081,46.399001670078398,16.97119210226667,49.859928912270234,18.621342611623501,53.065489174816577,20.669274279807841,55.932660130720784,23.07955839515515,58.387183558280526,25.807381507954357,60.36548859002383,28.799706075255937,61.816338164784341,28.25664410537496,62.702156040671994,31.593008225418068,63,34.999999999999993,61.816338164784348,41.403355894625037,22.240508748099266,84.144030336057185,-0.79804671556937801,-4.5130836294256662,55.932660130720784,23.07955839515515,542.65475595652265
schedule,32,40,2,42,0.0050000000000000001,2,0.5,6,63,34.659999999999997,62.702156040671994,38.066991774581929,61.816338164784348,41.403355894625037,60.36548859002383,44.600293924744065,58.387183558280526,43.852618492045643,55.932660130720791,46.580441604844843,53.065489174816584,48.99072572019216,49.859928912270249,51.0386573883765,46.399001670078412,52.688807897733327,42.772343645872432,50.176050859666915,39.073883377483455,50.966212968916686,35.399409043150982,51.316441084718548,31.84408759802168,51.235276125652057,28.500000000000007,50.742431864335465,25.453756361306326,49.86828435107013,22.784252792064674,44.913085190093518,20.560628032492723,43.40591904417262,18.840472795847045,41.663432367621276,17.668338199200804,39.748366292888484,17.074581912913171,37.72793166818434,17.074581912913171,31.932068331815668,17.6683381992008,29.911633707111523,18.840472795847042,27.996567632378724,20.560628032492719,26.25408095582738,22.784252792064677,24.746914809906482,25.453756361306329,23.531715648929872,28.499999999999993,18.917568135664549,31.844087598021673,18.424723874347951,35.399409043150975,18.343558915281449,39.073883377483455,18.693787031083318,42.772343645872432,19.483949140333081,46.399001670078398,16.97119210226667,49.859928912270234,18.621342611623501,53.065489174816577,20.669274279807841,55.932660130720784,23.07955839515515,58.387183558280526,25.807381507954357,60.36548859002383,28.799706075255937,61.816338164784341,28.25664410537496,62.702156040671994,31.593008225418068,63,34.999999999999993,7,0,6,6,6,12,2,14,9,23,6,29,9,38,2,2
marks,32,40,2,42,0.0050000000000000001,2,0.5,6,63,34.659999999999997,62.702156040671994,38.066991774581929,61.816338164784348,41.403355894625037,60.36548859002383,44.600293924744065,58.387183558280526,43.852618492045643,55.932660130720791,46.580441604844843,53.065489174816584,48.99072572019216,49.859928912270249,51.0386573883765,46.399001670078412,52.688807897733327,42.772343645872432,50.176050859666915,39.073883377483455,50.966212968916686,35.399409043150982,51.316441084718548,31.84408759802168,51.235276125652057,28.500000000000007,50.742431864335465,25.453756361306326,49.86828435107013,22.784252792064674,44.913085190093518,20.560628032492723,43.40591904417262,18.840472795847045,41.663432367621276,17.668338199200804,39.748366292888484,17.074581912913171,37.72793166818434,17.074581912913171,31.932068331815668,17.6683381992008,29.911633707111523,18.840472795847042,27.996567632378724,20.560628032492719,26.25408095582738,22.784252792064677,24.746914809906482,25.453756361306329,23.531715648929872,28.499999999999993,18.917568135664549,31.844087598021673,18.424723874347951,35.399409043150975,18.343558915281449,39.073883377483455,18.693787031083318,42.772343645872432,19.483949140333081,46.399001670078398,16.97119210226667,49.859928912270234,18.621342611623501,53.065489174816577,20.669274279807841,55.932660130720784,23.07955839515515,58.387183558280526,25.807381507954357,60.36548859002383,28.799706075255937,61.816338164784341,28.25664410537496,62.702156040671994,31.593008225418068,63,34.999999999999993,224,232,5,1000,1,230,4,1002,1,224,1,224,1,224,1,224,1,224,5,1008,1,225,1,225,1,225,1,225,1,225,5,1014,1,226,5,1016,1,227,1,227,1,227,1,227,1,227,1,227,1,227,1,227,5,1025,1,228,1,228,1,228,1,228,1,228,5,1031,1,229,1,229,1,229,1,229,1,229,1,229,1,229,1,229
interval,33,41,3,36,169,56.979999999999997,167.25,54.926609374999998,165.5,58.467874999999992,163.75,56.385953125,162,54.293000000000013,160.25,52.191171875000002,158.5,50.082624999999993,156.75,47.969515625,155,51.463999999999999,153.25,49.348234375000011,151.5,47.234375,149.75,45.124578124999992,148,43.021000000000008,146.25,46.535796875000003,144.5,44.451124999999998,142.75,42.379140624999998,141,40.322000000000003,139.25,38.281859374999996,137.5,36.260875000000006,135.75,39.871203124999994,134,37.895000000000003,132.25,35.944421874999996,130.5,34.021625,128.75,32.128765625000007,127,35.877999999999993,125.25,34.051484375000001,123.5,32.261374999999994,121.75,30.509828124999999,120,28.798999999999999,118.25,27.131046874999999,116.5,31.118124999999999,114.75,29.542390624999999,113,28.015999999999998,111.25,26.541109375000001,109.5,25.119875,107.75,29.364453125000001,106,28.057000000000002,104.25,26.809671874999999,102.5,25.624624999999998,100.75,24.504015625000001,99,23.449999999999999,163.75,56.385953125,144.85797641509191,42.296192635523553,126.13192287727607,28.660418134999837,106,28.057000000000002,115.21830664826885
schedule,33,41,0,40,0.01,2.4500000000000002,0.75,7,169,56.979999999999997,167.25,54.926609374999998,165.5,58.467874999999992,163.75,56.385953125,162,54.293000000000013,160.25,52.191171875000002,158.5,50.082624999999993,156.75,47.969515625,155,51.463999999999999,153.25,49.348234375000011,151.5,47.234375,149.75,45.124578124999992,148,43.021000000000008,146.25,46.535796875000003,144.5,44.451124999999998,142.75,42.379140624999998,141,40.322000000000003,139.25,38.281859374999996,137.5,36.260875000000006,135.75,39.871203124999994,134,37.895000000000003,132.25,35.944421874999996,130.5,34.021625,128.75,32.128765625000007,127,35.877999999999993,125.25,34.051484375000001,123.5,32.261374999999994,121.75,30.509828124999999,120,28.798999999999999,118.25,27.131046874999999,116.5,31.118124999999999,114.75,29.542390624999999,113,28.015999999999998,111.25,26.541109375000001,109.5,25.119875,107.75,29.364453125000001,106,28.057000000000002,104.25,26.809671874999999,102.5,25.624624999999998,100.75,24.504015625000001,99,23.449999999999999,8,0,1,1,7,8,5,13,5,18,6,24,5,29,6,35,5,2.4500000000000002
marks,33,41,0,40,0.01,2.4500000000000002,0.75,7,169,56.979999999999997,167.25,54.926609374999998,165.5,58.467874999999992,163.75,56.385953125,162,54.293000000000013,160.25,52.191171875000002,158.5,50.082624999999993,156.75,47.969515625,155,51.463999999999999,153.25,49.348234375000011,151.5,47.234375,149.75,45.124578124999992,148,43.021000000000008,146.25,46.535796875000003,144.5,44.451124999999998,142.75,42.379140624999998,141,40.322000000000003,139.25,38.281859374999996,137.5,36.260875000000006,135.75,39.871203124999994,134,37.895000000000003,132.25,35.944421874999996,130.5,34.021625,128.75,32.128765625000007,127,35.877999999999993,125.25,34.051484375000001,123.5,32.261374999999994,121.75,30.509828124999999,120,28.798999999999999,118.25,27.131046874999999,116.5,31.118124999999999,114.75,29.542390624999999,113,28.015999999999998,111.25,26.541109375000001,109.5,25.119875,107.75,29.364453125000001,106,28.057000000000002,104.25,26.809671874999999,102.5,25.624624999999998,100.75,24.504015625000001,99,23.449999999999999,231,240,4,1040,5,1039,1,232,1,232,1,232,1,232,1,232,1,232,5,1032,1,233,1,233,1,233,1,233,5,1027,1,234,1,234,1,234,1,234,5,1022,1,235,1,235,1,235,1,235,1,235,5,1016,1,236,1,236,1,236,1,236,5,1011,1,237,1,237,1,237,1,237,1,237,5,1005,1,238,1,238,1,238,1,238,4,1000
interval,34,42,4,38,102,28.359999999999999,103.70731707317073,29.752384904455827,105.41463414634147,23.728204756170108,107.1219512195122,25.245457262663049,108.82926829268293,26.822140131454855,110.53658536585365,28.456251070065729,112.2439024390244,30.145787786015873,113.95121951219512,31.8887479868255,115.65853658536585,26.203129380014801,117.36585365853658,28.046929673103989,119.07317073170732,29.938146573613267,120.78048780487805,31.87477778906284,122.48780487804878,33.854821026972907,124.19512195121951,28.396273994863684,125.90243902439025,30.45713440025537,127.60975609756098,32.555399950668161,129.3170731707317,34.689068353622261,131.02439024390245,36.856137316637891,132.73170731707316,39.054604547235243,134.4390243902439,33.802467752934525,136.14634146341464,36.05772464125593,137.85365853658536,38.338372919719674,139.5609756097561,40.64241029584597,141.26829268292684,42.967834477155002,142.97560975609755,37.832643171166985,144.6829268292683,40.194834085402128,146.39024390243901,42.572404927380624,148.09756097560975,44.963353404622687,149.80487804878049,47.365677224648508,151.51219512195121,49.777374094978306,153.21951219512195,44.716441723132277,154.92682926829269,47.140877816630642,156.63414634146341,49.568680082993581,158.34146341463415,51.997846229741306,160.04878048780489,54.426373964394024,161.7560975609756,49.372260994471937,163.46341463414635,51.79350502749525,165.17073170731709,54.208103770984174,166.8780487804878,56.614054932458906,168.58536585365852,59.009356219439645,170.29268292682929,61.392005339446612,172,56.280000000000001,108.82926829268293,26.822140131454855,130.29177690871083,32.610495636870986,147.69666544992305,42.908317142293711,166.8780487804878,56.614054932458906,197.70697105990808
schedule,34,42,1,41,0.014999999999999999,2.9000000000000004,0.5,8,102,28.359999999999999,103.70731707317073,29.752384904455827,105.41463414634147,23.728204756170108,107.1219512195122,25.245457262663049,108.82926829268293,26.822140131454855,110.53658536585365,28.456251070065729,112.2439024390244,30.145787786015873,113.95121951219512,31.8887479868255,115.65853658536585,26.203129380014801,117.36585365853658,28.046929673103989,119.07317073170732,29.938146573613267,120.78048780487805,31.87477778906284,122.48780487804878,33.854821026972907,124.19512195121951,28.396273994863684,125.90243902439025,30.45713440025537,127.60975609756098,32.555399950668161,129.3170731707317,34.689068353622261,131.02439024390245,36.856137316637891,132.73170731707316,39.054604547235243,134.4390243902439,33.802467752934525,136.14634146341464,36.05772464125593,137.85365853658536,38.338372919719674,139.5609756097561,40.64241029584597,141.26829268292684,42.967834477155002,142.97560975609755,37.832643171166985,144.6829268292683,40.194834085402128,146.39024390243901,42.572404927380624,148.09756097560975,44.963353404622687,149.80487804878049,47.365677224648508,151.51219512195121,49.777374094978306,153.21951219512195,44.716441723132277,154.92682926829269,47.140877816630642,156.63414634146341,49.568680082993581,158.34146341463415,51.997846229741306,160.04878048780489,54.426373964394024,161.7560975609756,49.372260994471937,163.46341463414635,51.79350502749525,165.17073170731709,54.208103770984174,166.8780487804878,56.614054932458906,168.58536585365852,59.009356219439645,170.29268292682929,61.392005339446612,172,56.280000000000001,7,0,6,6,6,12,5,17,6,23,5,28,6,34,6,2.9000000000000004
marks,34,42,1,41,0.014999999999999999,2.9000000000000004,0.5,8,102,28.359999999999999,103.70731707317073,29.752384904455827,105.41463414634147,23.728204756170108,107.1219512195122,25.245457262663049,108.82926829268293,26.822140131454855,110.53658536585365,28.456251070065729,112.2439024390244,30.145787786015873,113.95121951219512,31.8887479868255,115.65853658536585,26.203129380014801,117.36585365853658,28.046929673103989,119.07317073170732,29.938146573613267,120.78048780487805,31.87477778906284,122.48780487804878,33.854821026972907,124.19512195121951,28.396273994863684,125.90243902439025,30.45713440025537,127.60975609756098,32.555399950668161,129.3170731707317,34.689068353622261,131.02439024390245,36.856137316637891,132.73170731707316,39.054604547235243,134.4390243902439,33.802467752934525,136.14634146341464,36.05772464125593,137.85365853658536,38.338372919719674,139.5609756097561,40.64241029584597,141.26829268292684,42.967834477155002,142.97560975609755,37.832643171166985,144.6829268292683,40.194834085402128,146.39024390243901,42.572404927380624,148.09756097560975,44.963353404622687,149.80487804878049,47.365677224648508,151.51219512195121,49.777374094978306,153.21951219512195,44.716441723132277,154.92682926829269,47.140877816630642,156.63414634146341,49.568680082993581,158.34146341463415,51.997846229741306,160.04878048780489,54.426373964394024,161.7560975609756,49.372260994471937,163.46341463414635,51.79350502749525,165.17073170731709,54.208103770984174,166.8780487804878,56.614054932458906,168.58536585365852,59.009356219439645,170.29268292682929,61.392005339446612,172,56.280000000000001,238,246,6,1000,4,1001,1,238,1,238,1,238,1,238,1,238,5,1007,1,239,1,239,1,239,1,239,1,239,5,1013,1,240,1,240,1,240,1,240,5,1018,1,241,1,241,1,241,1,241,1,241,5,1024,1,242,1,242,1,242,1,242,5,1029,1,243,1,243,1,243,1,243,1,243,5,1035,1,244,1,244,1,244,1,244,1,244,4,1041
interval,35,43,0,35,173.33333333333331,59.016183457509982,173.33333333333331,59.016183457509982,171.66666666666666,58.018356548968796,168.33333333333334,55.988122233020185,168.33333333333334,55.988122233020185,166.66666666666666,54.959440125256442,163.33333333333334,52.884259259259267,163.33333333333334,52.884259259259267,161.66666666666666,51.841485800669474,158.33333333333331,49.7548860814167,158.33333333333331,49.7548860814167,156.66666666666669,48.714785120397366,153.33333333333334,46.650294244682001,153.33333333333334,46.650294244682001,151.66666666666666,45.629629629629626,148.33333333333334,43.620775294244687,148.33333333333334,43.620775294244687,146.66666666666666,42.636310873555772,143.33333333333334,40.716620775294246,143.33333333333334,40.716620775294246,141.66666666666669,39.785120397365297,138.33333333333331,37.988122233020192,138.33333333333331,37.988122233020192,136.66666666666666,37.126349746247705,133.33333333333334,35.48557121261203,133.33333333333334,35.48557121261203,131.66666666666666,34.710290465392504,128.33333333333334,33.25925925925926,128.33333333333334,33.25925925925926,126.66666666666667,32.587234099989203,123.33333333333334,31.359477918151388,123.33333333333334,31.359477918151388,121.66666666666666,30.807472195227298,118.33333333333333,29.83651873447792,118.33333333333333,29.83651873447792,116.66666666666667,29.421296296296298,113.33333333333333,28.740673253428355,113.33333333333333,28.740673253428355,111.66666666666667,28.478997948385704,108.33333333333333,28.122233020192205,108.33333333333333,28.122233020192205,106.66666666666667,28.030868696685022,105,28,173.33333333333331,59.016183457509982,154.96482060434187,48.305748556131064,137.61664010077357,34.725024834549473,116.66666666666667,29.421296296296298,0.041379417561192705
schedule,35,43,2,42,0.02,0.20000000000000001,0.5,9,173.33333333333331,59.016183457509982,173.33333333333331,59.016183457509982,171.66666666666666,58.018356548968796,168.33333333333334,55.988122233020185,168.33333333333334,55.988122233020185,166.66666666666666,54.959440125256442,163.33333333333334,52.884259259259267,163.33333333333334,52.884259259259267,161.66666666666666,51.841485800669474,158.33333333333331,49.7548860814167,158.33333333333331,49.7548860814167,156.66666666666669,48.714785120397366,153.33333333333334,46.650294244682001,153.33333333333334,46.650294244682001,151.66666666666666,45.629629629629626,148.33333333333334,43.620775294244687,148.33333333333334,43.620775294244687,146.66666666666666,42.636310873555772,143.33333333333334,40.716620775294246,143.33333333333334,40.716620775294246,141.66666666666669,39.785120397365297,138.33333333333331,37.988122233020192,138.33333333333331,37.988122233020192,136.66666666666666,37.126349746247705,133.33333333333334,35.48557121261203,133.33333333333334,35.48557121261203,131.66666666666666,34.710290465392504,128.33333333333334,33.25925925925926,128.33333333333334,33.25925925925926,126.66666666666667,32.587234099989203,123.33333333333334,31.359477918151388,123.33333333333334,31.359477918151388,121.66666666666666,30.807472195227298,118.33333333333333,29.83651873447792,118.33333333333333,29.83651873447792,116.66666666666667,29.421296296296298,113.33333333333333,28.740673253428355,113.33333333333333,28.740673253428355,111.66666666666667,28.478997948385704,108.33333333333333,28.122233020192205,108.33333333333333,28.122233020192205,106.66666666666667,28.030868696685022,105,28,2,0,32,32,8,0.20000000000000001
marks,35,43,2,42,0.02,0.20000000000000001,0.5,9,173.33333333333331,59.016183457509982,173.33333333333331,59.016183457509982,171.66666666666666,58.018356548968796,168.33333333333334,55.988122233020185,168.33333333333334,55.988122233020185,166.66666666666666,54.959440125256442,163.33333333333334,52.884259259259267,163.33333333333334,52.884259259259267,161.66666666666666,51.841485800669474,158.33333333333331,49.7548860814167,158.33333333333331,49.7548860814167,156.66666666666669,48.714785120397366,153.33333333333334,46.650294244682001,153.33333333333334,46.650294244682001,151.66666666666666,45.629629629629626,148.33333333333334,43.620775294244687,148.33333333333334,43.620775294244687,146.66666666666666,42.636310873555772,143.33333333333334,40.716620775294246,143.33333333333334,40.716620775294246,141.66666666666669,39.785120397365297,138.33333333333331,37.988122233020192,138.33333333333331,37.988122233020192,136.66666666666666,37.126349746247705,133.33333333333334,35.48557121261203,133.33333333333334,35.48557121261203,131.66666666666666,34.710290465392504,128.33333333333334,33.25925925925926,128.33333333333334,33.25925925925926,126.66666666666667,32.587234099989203,123.33333333333334,31.359477918151388,123.33333333333334,31.359477918151388,121.66666666666666,30.807472195227298,118.33333333333333,29.83651873447792,118.33333333333333,29.83651873447792,116.66666666666667,29.421296296296298,113.33333333333333,28.740673253428355,113.33333333333333,28.740673253428355,111.66666666666667,28.478997948385704,108.33333333333333,28.122233020192205,108.33333333333333,28.122233020192205,106.66666666666667,28.030868696685022,105,28,245,248,8,1042,7,1041,4,1040,1,245,1,245,1,245,1,245,1,245,1,245,1,245,1,245,1,245,1,245,1,245,1,245,1,245,1,245,1,245,1,245,1,245,1,245,1,245,1,245,1,245,1,245,1,245,1,245,1,245,1,245,1,245,1,245,1,245,1,245,1,245,5,1008,1,246,1,246,1,246,1,246,1,246,1,246,1,246,4,1000
interval,36,44,1,37,63,35.850000000000001,62.754897465727538,36.795219851495084,62.024813797893337,39.557684689209033,60.825309462342375,42.215763880888858,59.181949811467192,44.72005159309758,57.129760203106983,47.024419790778069,54.712479495854502,47.217001376235039,51.981627831222397,49.001082513634891,48.995408571273586,50.475885120675713,45.817467795008653,51.61722284997623,42.515537792691113,52.408016579079082,39.159993469673843,52.838658422294067,35.822352427472964,51.037216506100926,32.573750690256745,50.74947614367936,29.483426563993312,50.118816531002821,26.61724494216709,49.165925592504621,24.036293509925422,47.918359053885929,21.795580766127159,44.539953139663439,19.942863612692424,42.810103412788457,18.517629499151397,40.902925126619259,17.550254816213677,38.866312984886477,17.061357475738312,36.750920349235436,17.061357475738312,34.609079650764571,17.550254816213673,30.623687015113539,18.517629499151393,28.587074873380747,19.942863612692427,26.679896587211545,21.795580766127149,24.95004686033657,24.036293509925414,23.441640946114074,26.617244942167083,20.324074407495388,29.483426563993309,19.371183468997177,32.57375069025673,18.740523856320642,35.82235242747295,18.45278349389908,39.15999346967385,18.521341577705932,42.515537792691106,18.951983420920921,45.817467795008653,17.872777150023769,48.995408571273579,19.014114879324286,51.981627831222397,20.488917486365111,54.712479495854495,22.272998623764956,57.129760203106983,24.335580209221927,59.181949811467192,24.769948406902415,60.825309462342368,27.274236119111134,62.024813797893337,29.932315310790962,62.754897465727531,32.694780148504904,63,35.509999999999991,62.754897465727538,36.795219851495084,31.677725309272859,88.425941836195392,-7.9170163144835577,-2.1008024738083262,54.712479495854495,22.272998623764956,600.12239459683258
schedule,36,44,0,44,0.0050000000000000001,0.65000000000000002,0.75,10,63,35.850000000000001,62.754897465727538,36.795219851495084,62.024813797893337,39.557684689209033,60.825309462342375,42.215763880888858,59.181949811467192,44.72005159309758,57.129760203106983,47.024419790778069,54.712479495854502,47.217001376235039,51.981627831222397,49.001082513634891,48.995408571273586,50.475885120675713,45.817467795008653,51.61722284997623,42.515537792691113,52.408016579079082,39.159993469673843,52.838658422294067,35.822352427472964,51.037216506100926,32.573750690256745,50.74947614367936,29.483426563993312,50.118816531002821,26.61724494216709,49.165925592504621,24.036293509925422,47.918359053885929,21.795580766127159,44.539953139663439,19.942863612692424,42.810103412788457,18.517629499151397,40.902925126619259,17.550254816213677,38.866312984886477,17.061357475738312,36.750920349235436,17.061357475738312,34.609079650764571,17.550254816213673,30.623687015113539,18.517629499151393,28.587074873380747,19.942863612692427,26.679896587211545,21.795580766127149,24.95004686033657,24.036293509925414,23.441640946114074,26.617244942167083,20.324074407495388,29.483426563993309,19.371183468997177,32.57375069025673,18.740523856320642,35.82235242747295,18.45278349389908,39.15999346967385,18.521341577705932,42.515537792691106,18.951983420920921,45.817467795008653,17.872777150023769,48.995408571273579,19.014114879324286,51.981627831222397,20.488917486365111,54.712479495854495,22.272998623764956,57.129760203106983,24.335580209221927,59.181949811467192,24.769948406902415,60.825309462342368,27.274236119111134,62.024813797893337,29.932315310790962,62.754897465727531,32.694780148504904,63,35.509999999999991,6,0,11,11,6,17,6,23,10,33,6,39,5,0.65000000000000002
marks,36,44,0,44,0.0050000000000000001,0.65000000000000002,0.75,10,63,35.850000000000001,62.754897465727538,36.795219851495084,62.024813797893337,39.557684689209033,60.825309462342375,42.215763880888858,59.181949811467192,44.72005159309758,57.129760203106983,47.024419790778069,54.712479495854502,47.217001376235039,51.981627831222397,49.001082513634891,48.995408571273586,50.475885120675713,45.817467795008653,51.61722284997623,42.515537792691113,52.408016579079082,39.159993469673843,52.838658422294067,35.822352427472964,51.037216506100926,32.573750690256745,50.74947614367936,29.483426563993312,50.118816531002821,26.61724494216709,49.165925592504621,24.036293509925422,47.918359053885929,21.795580766127159,44.539953139663439,19.942863612692424,42.810103412788457,18.517629499151397,40.902925126619259,17.550254816213677,38.866312984886477,17.061357475738312,36.750920349235436,17.061357475738312,34.609079650764571,17.550254816213673,30.623687015113539,18.517629499151393,28.587074873380747,19.942863612692427,26.679896587211545,21.795580766127149,24.95004686033657,24.036293509925414,23.441640946114074,26.617244942167083,20.324074407495388,29.483426563993309,19.371183468997177,32.57375069025673,18.740523856320642,35.82235242747295,18.45278349389908,39.15999346967385,18.521341577705932,42.515537792691106,18.951983420920921,45.817467795008653,17.872777150023769,48.995408571273579,19.014114879324286,51.981627831222397,20.488917486365111,54.712479495854495,22.272998623764956,57.129760203106983,24.335580209221927,59.181949811467192,24.769948406902415,60.825309462342368,27.274236119111134,62.024813797893337,29.932315310790962,62.754897465727531,32.694780148504904,63,35.509999999999991,252,259,4,1000,1,252,1,252,1,252,1,252,1,252,1,252,1,252,1,252,1,252,1,252,5,1011,1,253,1,253,1,253,1,253,1,253,5,1017,1,254,1,254,1,254,1,254,1,254,5,1023,1,255,1,255,1,255,1,255,1,255,1,255,1,255,1,255,1,255,5,1033,1,256,1,256,1,256,1,256,1,256,5,1039,1,257,1,257,1,257,1,257
interval,37,8,2,3,181,63.359999999999999,171,56.604198250728857,161,49.679300291545189,151,42.987638483965007,141,36.931545189504369,131,35.653352769679309,121,32.075393586005831,111,30.34,161,49.679300291545189,151,42.987638483965007,161,49.679300291545189,151,42.987638483965007,0
schedule,37,8,1,8,0.01,1.1000000000000001,0.5,11,181,63.359999999999999,171,56.604198250728857,161,49.679300291545189,151,42.987638483965007,141,36.931545189504369,131,35.653352769679309,121,32.075393586005831,111,30.34,3,0,3,3,3,6,1,1.1000000000000001
marks,37,8,1,8,0.01,1.1000000000000001,0.5,11,181,63.359999999999999,171,56.604198250728857,161,49.679300291545189,151,42.987638483965007,141,36.931545189504369,131,35.653352769679309,121,32.075393586005831,111,30.34,259,263,4,1007,4,1006,1,259,1,259,5,1003,1,260,1,260,5,1000
interval,38,9,3,11,114,29.469999999999999,122.75,31.304453124999998,131.5,34.588124999999998,140.25,39.051484375000001,149,44.424999999999997,157.75,44.829140625000001,166.5,51.214374999999997,175.25,57.701171875,184,64.019999999999996,140.25,39.051484375000001,239.60709437155856,85.110242206022363,81.737932637761347,23.528141420248581,131.5,34.588124999999998,616.68666145761097
schedule,38,9,2,9,0.014999999999999999,1.55,0.5,12,114,29.469999999999999,122.75,31.304453124999998,131.5,34.588124999999998,140.25,39.051484375000001,149,44.424999999999997,157.75,44.829140625000001,166.5,51.214374999999997,175.25,57.701171875,184,64.019999999999996,3,0,3,3,3,6,1,1.55
marks,38,9,2,9,0.014999999999999999,1.55,0.5,12,114,29.469999999999999,122.75,31.304453124999998,131.5,34.588124999999998,140.25,39.051484375000001,149,44.424999999999997,157.75,44.829140625000001,166.5,51.214374999999997,175.25,57.701171875,184,64.019999999999996,266,270,4,1000,7,1001,4,1002,1,266,1,266,5,1005,1,267,1,267,5,1008
interval,39,10,4,10,11,23,11,23,11,23,11,23,11,23,11,23,11,23,11,23,11,23,11,23,11,23,0,0,0,0,11,23,0
schedule,39,10,0,7,0.02,2,0.75,0,11,23,11,23,11,23,11,23,11,23,11,23,11,23,11,23,11,23,11,23,7,0,1,1,1,2,1,3,1,4,1,5,1,6,1,0.02
marks,39,10,0,7,0.02,2,0.75,0,11,23,11,23,11,23,11,23,11,23,11,23,11,23,11,23,11,23,11,23,273,281,4,1009,5,1008,5,1007,5,1006,5,1005,5,1004,5,1003,4,1002,7,1001,6,1000
interval,40,11,0,4,63,35,58.607390870623789,44.992349288972044,47.107390870623789,51.167960777017612,32.892609129376211,51.167960777017612,21.392609129376211,44.992349288972044,17,35,21.392609129376208,25.007650711027956,32.892609129376204,18.832039222982392,47.107390870623789,18.832039222982388,58.607390870623789,25.007650711027953,63,34.999999999999993,63,35,53.912348603187958,53.751452983860489,40.043218312980031,57.082236080184501,21.392609129376211,44.992349288972036,7.6112629714261786
schedule,40,11,1,12,0.0050000000000000001,2.4500000000000002,0.5,1,63,35,58.607390870623789,44.992349288972044,47.107390870623789,51.167960777017612,32.892609129376211,51.167960777017612,21.392609129376211,44.992349288972044,17,35,21.392609129376208,25.007650711027956,32.892609129376204,18.832039222982392,47.107390870623789,18.832039222982388,58.607390870623789,25.007650711027953,63,34.999999999999993,10,0,1,1,1,2,1,3,1,4,1,5,1,6,1,7,1,8,2,10,1,1200.4999999999977
marks,40,11,1,12,0.0050000000000000001,2.4500000000000002,0.5,1,63,35,58.607390870623789,44.992349288972044,47.107390870623789,51.167960777017612,32.892609129376211,51.167960777017612,21.392609129376211,44.992349288972044,17,35,21.392609129376208,25.007650711027956,32.892609129376204,18.832039222982392,47.107390870623789,18.832039222982388,58.607390870623789,25.007650711027953,63,34.999999999999993,280,291,5,1000,4,1001,5,1002,5,1003,5,1004,5,1005,5,1006,5,1007,5,1008,5,1009,1,288
interval,41,12,1,3,193,65.319999999999993,186.63636363636363,63.024305033809163,180.27272727272728,58.730886551465055,173.90909090909091,54.413425995492119,167.54545454545456,50.175604808414725,161.18181818181819,46.121104432757328,154.81818181818181,42.353606311044324,148.45454545454547,40.846791885800151,142.09090909090909,37.964342599549219,135.72727272727272,35.679939894815931,129.36363636363637,34.097265214124711,123,33.32,186.63636363636363,63.024305033809163,183.45454545454544,60.871585274229901,177.09090909090909,56.566145755071382,173.90909090909091,54.413425995492119,9.9129310285819031e-005
schedule,41,12,2,13,0.01,2.9000000000000004,0.5,2,193,65.319999999999993,186.63636363636363,63.024305033809163,180.27272727272728,58.730886551465055,173.90909090909091,54.413425995492119,167.54545454545456,50.175604808414725,161.18181818181819,46.121104432757328,154.81818181818181,42.353606311044324,148.45454545454547,40.846791885800151,142.09090909090909,37.964342599549219,135.72727272727272,35.679939894815931,129.36363636363637,34.097265214124711,123,33.32,6,0,3,3,2,5,2,7,2,9,1,10,1,2.9000000000000004
marks,41,12,2,13,0.01,2.9000000000000004,0.5,2,193,65.319999999999993,186.63636363636363,63.024305033809163,180.27272727272728,58.730886551465055,173.90909090909091,54.413425995492119,167.54545454545456,50.175604808414725,161.18181818181819,46.121104432757328,154.81818181818181,42.353606311044324,148.45454545454547,40.846791885800151,142.09090909090909,37.964342599549219,135.72727272727272,35.679939894815931,129.36363636363637,34.097265214124711,123,33.32,287,294,5,1011,4,1010,4,1009,1,287,1,287,5,1006,1,288,5,1004,1,289,5,1002,1,290,5,1000
interval,42,13,2,2,126,36.020000000000003,131.83333333333334,37.068634259259262,137.66666666666666,35.061296296296298,137.66666666666666,35.061296296296298,149.33333333333334,40.25925925925926,155.16666666666666,43.564837962962969,155.16666666666666,43.564837962962969,166.83333333333334,47.449884259259264,172.66666666666666,51.609629629629623,172.66666666666666,51.609629629629623,184.33333333333334,60.22425925925927,190.16666666666666,64.519421296296287,190.16666666666666,64.519421296296287,137.66666666666666,35.061296296296298,137.66666666666666,35.061296296296298,131.83333333333334,37.068634259259262,137.66666666666666,35.061296296296298,0
schedule,42,13,0,11,0.014999999999999999,0.20000000000000001,0.75,3,126,36.020000000000003,131.83333333333334,37.068634259259262,137.66666666666666,35.061296296296298,137.66666666666666,35.061296296296298,149.33333333333334,40.25925925925926,155.16666666666666,43.564837962962969,155.16666666666666,43.564837962962969,166.83333333333334,47.449884259259264,172.66666666666666,51.609629629629623,172.66666666666666,51.609629629629623,184.33333333333334,60.22425925925927,190.16666666666666,64.519421296296287,190.16666666666666,64.519421296296287,5,0,1,1,2,3,1,4,2,6,5,0.474252440598675
marks,42,13,0,11,0.014999999999999999,0.20000000000000001,0.75,3,126,36.020000000000003,131.83333333333334,37.068634259259262,137.66666666666666,35.061296296296298,137.66666666666666,35.061296296296298,149.33333333333334,40.25925925925926,155.16666666666666,43.564837962962969,155.16666666666666,43.564837962962969,166.83333333333334,47.449884259259264,172.66666666666666,51.609629629629623,172.66666666666666,51.609629629629623,184.33333333333334,60.22425925925927,190.16666666666666,64.519421296296287,190.16666666666666,64.519421296296287,294,300,4,1000,5,1001,1,295,5,1003,5,1004,1,297,5,1006,1,298,1,298,1,298,1,298,4,1011,6,1012
interval,43,14,3,16,199,69.530000000000001,193.61538461538461,65.283782430587181,188.23076923076923,60.934697314519802,182.84615384615384,56.545557578516153,177.46153846153845,52.179176149294499,172.07692307692309,53.508365953573055,166.69230769230768,49.375939918070095,161.30769230769232,45.454710969503871,155.92307692307693,41.80749203459262,150.53846153846155,38.497096040054622,145.15384615384616,41.196335912608099,139.76923076923077,38.748024578971325,134.38461538461539,36.824974965862538,129,35.490000000000002,182.84615384615384,56.545557578516153,101.95792910865065,12.480348038437018,166.66269752507688,69.249765975196183,188.23076923076923,60.934697314519802,1133.9158673154932
schedule,43,14,1,12,0.02,0.65000000000000002,0.5,4,199,69.530000000000001,193.61538461538461,65.283782430587181,188.23076923076923,60.934697314519802,182.84615384615384,56.545557578516153,177.46153846153845,52.179176149294499,172.07692307692309,53.508365953573055,166.69230769230768,49.375939918070095,161.30769230769232,45.454710969503871,155.92307692307693,41.80749203459262,150.53846153846155,38.497096040054622,145.15384615384616,41.196335912608099,139.76923076923077,38.748024578971325,134.38461538461539,36.824974965862538,129,35.490000000000002,5,0,3,3,1,4,4,8,1,9,2,0.65000000000000002
marks,43,14,1,12,0.02,0.65000000000000002,0.5,4,199,69.530000000000001,193.61538461538461,65.283782430587181,188.23076923076923,60.934697314519802,182.84615384615384,56.545557578516153,177.46153846153845,52.179176149294499,172.07692307692309,53.508365953573055,166.69230769230768,49.375939918070095,161.30769230769232,45.454710969503871,155.92307692307693,41.80749203459262,150.53846153846155,38.497096040054622,145.15384615384616,41.196335912608099,139.76923076923077,38.748024578971325,134.38461538461539,36.824974965862538,129,35.490000000000002,301,307,7,1013,4,1012,1,301,1,301,5,1009,5,1008,1,303,1,303,1,303,5,1004,5,1003,1,305,4,1001,6,1000
interval,44,15,4,16,63,31.600000000000001,60.722283961755636,40.336023564998492,54.340265442750869,47.611135201956508,45.117981480995233,52.253774507091002,34.882018519004774,53.613774507091001,25.659734557249131,51.691135201956506,19.27771603824436,39.656023564998492,17,33.640000000000001,19.27771603824436,27.623976435001513,25.659734557249124,23.068864798043492,34.882018519004767,21.146225492908997,45.117981480995226,15.026225492908997,54.340265442750869,19.668864798043494,60.722283961755636,26.94397643500151,63,35.679999999999993,34.882018519004774,53.613774507091001,-21.931292796480935,25.723547540200087,81.661336256965285,1.087588996664371,60.722283961755636,40.336023564998492,145.13279193085205
schedule,44,15,2,17,0.0050000000000000001,1.1000000000000001,0.5,5,63,31.600000000000001,60.722283961755636,40.336023564998492,54.340265442750869,47.611135201956508,45.117981480995233,52.253774507091002,34.882018519004774,53.613774507091001,25.659734557249131,51.691135201956506,19.27771603824436,39.656023564998492,17,33.640000000000001,19.27771603824436,27.623976435001513,25.659734557249124,23.068864798043492,34.882018519004767,21.146225492908997,45.117981480995226,15.026225492908997,54.340265442750869,19.668864798043494,60.722283961755636,26.94397643500151,63,35.679999999999993,10,0,1,1,4,5,1,6,3,9,1,10,1,11,1,12,1,13,1,14,1,1.1000000000000001
marks,44,15,2,17,0.0050000000000000001,1.1000000000000001,0.5,5,63,31.600000000000001,60.722283961755636,40.336023564998492,54.340265442750869,47.611135201956508,45.117981480995233,52.253774507091002,34.882018519004774,53.613774507091001,25.659734557249131,51.691135201956506,19.27771603824436,39.656023564998492,17,33.640000000000001,19.27771603824436,27.623976435001513,25.659734557249124,23.068864798043492,34.882018519004767,21.146225492908997,45.117981480995226,15.026225492908997,54.340265442750869,19.668864798043494,60.722283961755636,26.94397643500151,63,35.679999999999993,308,319,5,1000,5,1001,4,1002,5,1003,1,309,1,309,1,309,5,1007,5,1008,1,311,1,311,5,1011,5,1012,5,1013,5,1014
interval,45,16,0,11,205,70,200.33333333333331,67.211259259259265,195.66666666666669,64.338962962962967,191,61.423999999999999,186.33333333333331,58.50725925925925,181.66666666666666,55.629629629629626,177,52.832000000000001,172.33333333333334,50.15525925925926,167.66666666666666,47.640296296296292,163,45.327999999999996,158.33333333333334,43.25925925925926,153.66666666666666,41.474962962962962,149,40.016000000000005,144.33333333333334,38.923259259259254,139.66666666666666,38.23762962962963,135,38,205,70,188.07940505655986,60.189818381128852,172.21392877791448,48.160834672897813,153.66666666666666,41.474962962962962,0.0032865557223193918
schedule,45,16,0,15,0.01,1.55,0.75,6,205,70,200.33333333333331,67.211259259259265,195.66666666666669,64.338962962962967,191,61.423999999999999,186.33333333333331,58.50725925925925,181.66666666666666,55.629629629629626,177,52.832000000000001,172.33333333333334,50.15525925925926,167.66666666666666,47.640296296296292,163,45.327999999999996,158.33333333333334,43.25925925925926,153.66666666666666,41.474962962962962,149,40.016000000000005,144.33333333333334,38.923259259259254,139.66666666666666,38.23762962962963,135,38,1,0,15,1.55
marks,45,16,0,15,0.01,1.55,0.75,6,205,70,200.33333333333331,67.211259259259265,195.66666666666669,64.338962962962967,191,61.423999999999999,186.33333333333331,58.50725925925925,181.66666666666666,55.629629629629626,177,52.832000000000001,172.33333333333334,50.15525925925926,167.66666666666666,47.640296296296292,163,45.327999999999996,158.33333333333334,43.25925925925926,153.66666666666666,41.474962962962962,149,40.016000000000005,144.33333333333334,38.923259259259254,139.66666666666666,38.23762962962963,135,38,315,317,4,1015,1,315,1,315,1,315,1,315,1,315,1,315,1,315,1,315,1,315,1,315,1,315,1,315,1,315,1,315,4,1000
interval,46,17,1,11,138,38.659999999999997,142.375,39.209228515625,146.75,40.154453125000003,151.125,41.461982421875,155.5,41.228124999999999,159.875,43.159189453125002,164.25,45.351484374999998,168.625,47.771318359375002,173,50.384999999999998,177.375,53.158837890625001,181.75,54.189140625,186.125,57.182216796874997,190.5,60.234375,194.875,63.311923828125003,199.25,66.381171875000007,203.625,67.538427734375006,208,70.489999999999995,142.375,39.209228515625,158.68454475106205,40.209542233773085,172.01086907883138,50.142867366448655,186.125,57.182216796874997,2.3016799889122708
schedule,46,17,1,16,0.014999999999999999,2,0.5,7,138,38.659999999999997,142.375,39.209228515625,146.75,40.154453125000003,151.125,41.461982421875,155.5,41.228124999999999,159.875,43.159189453125002,164.25,45.351484374999998,168.625,47.771318359375002,173,50.384999999999998,177.375,53.158837890625001,181.75,54.189140625,186.125,57.182216796874997,190.5,60.234375,194.875,63.311923828125003,199.25,66.381171875000007,203.625,67.538427734375006,208,70.489999999999995,1,0,15,2
marks,46,17,1,16,0.014999999999999999,2,0.5,7,138,38.659999999999997,142.375,39.209228515625,146.75,40.154453125000003,151.125,41.461982421875,155.5,41.228124999999999,159.875,43.159189453125002,164.25,45.351484374999998,168.625,47.771318359375002,173,50.384999999999998,177.375,53.158837890625001,181.75,54.189140625,186.125,57.182216796874997,190.5,60.234375,194.875,63.311923828125003,199.25,66.381171875000007,203.625,67.538427734375006,208,70.489999999999995,322,324,6,1000,4,1001,1,322,1,322,1,322,1,322,1,322,1,322,1,322,1,322,1,322,1,322,1,322,1,322,1,322,1,322,4,1016
interval,47,18,2,11,211,70.299999999999997,206.88235294117646,70.90447384490129,202.76470588235293,67.700150620801963,198.64705882352939,64.455119071850191,194.52941176470588,61.197467942194166,190.41176470588235,57.955285975982093,186.29411764705884,58.496661917362104,182.1764705882353,55.369684510482394,178.05882352941177,52.342442499491149,173.94117647058823,49.443024628536534,169.8235294117647,46.699519641766742,165.70588235294119,44.140016283329942,161.58823529411765,45.532603297374315,157.47058823529412,43.425369428048036,153.35294117647058,41.586403419499291,149.23529411764707,40.043794015876252,145.11764705882354,38.825629961327088,141,41.700000000000003,202.76470588235293,67.700150620801963,191.1649898306427,57.709426358095556,177.93990279066227,54.240455694775619,165.70588235294119,44.140016283329942,4.3039479508592473
schedule,47,18,2,17,0.02,2.4500000000000002,0.5,8,211,70.299999999999997,206.88235294117646,70.90447384490129,202.76470588235293,67.700150620801963,198.64705882352939,64.455119071850191,194.52941176470588,61.197467942194166,190.41176470588235,57.955285975982093,186.29411764705884,58.496661917362104,182.1764705882353,55.369684510482394,178.05882352941177,52.342442499491149,173.94117647058823,49.443024628536534,169.8235294117647,46.699519641766742,165.70588235294119,44.140016283329942,161.58823529411765,45.532603297374315,157.47058823529412,43.425369428048036,153.35294117647058,41.586403419499291,149.23529411764707,40.043794015876252,145.11764705882354,38.825629961327088,141,41.700000000000003,2,0,9,9,6,2.4500000000000002
marks,47,18,2,17,0.02,2.4500000000000002,0.5,8,211,70.299999999999997,206.88235294117646,70.90447384490129,202.76470588235293,67.700150620801963,198.64705882352939,64.455119071850191,194.52941176470588,61.197467942194166,190.41176470588235,57.955285975982093,186.29411764705884,58.496661917362104,182.1764705882353,55.369684510482394,178.05882352941177,52.342442499491149,173.94117647058823,49.443024628536534,169.8235294117647,46.699519641766742,165.70588235294119,44.140016283329942,161.58823529411765,45.532603297374315,157.47058823529412,43.425369428048036,153.35294117647058,41.586403419499291,149.23529411764707,40.043794015876252,145.11764705882354,38.825629961327088,141,41.700000000000003,329,332,7,1017,6,1016,4,1015,1,329,1,329,1,329,1,329,1,329,1,329,1,329,1,329,5,1006,1,330,1,330,1,330,1,330,1,330,4,1000
interval,48,19,3,11,63,35.509999999999998,61.612930278075893,42.344342436536365,57.619022191736491,48.477389364671168,51.5,47.682431864335456,43.993908086339403,50.721731801207532,36.006091913660605,51.741731801207536,28.500000000000007,50.742431864335465,22.380977808263509,47.96738936467117,18.38706972192411,38.264342436536374,17,33.469999999999999,18.387069721924107,28.675657563463631,22.380977808263506,24.582610635328834,28.499999999999993,21.80756813566455,36.006091913660605,20.808268198792465,43.993908086339388,16.218268198792462,51.5,19.257568135664545,57.619022191736491,24.072610635328829,61.612930278075886,30.205657563463621,63,37.039999999999992,51.5,47.682431864335456,35.730018569834378,62.285767483170858,5.0333312170552631,41.046827763415237,22.380977808263506,24.582610635328834,6.7249711825721281
schedule,48,19,0,19,0.0050000000000000001,2.9000000000000004,0.75,9,63,35.509999999999998,61.612930278075893,42.344342436536365,57.619022191736491,48.477389364671168,51.5,47.682431864335456,43.993908086339403,50.721731801207532,36.006091913660605,51.741731801207536,28.500000000000007,50.742431864335465,22.380977808263509,47.96738936467117,18.38706972192411,38.264342436536374,17,33.469999999999999,18.387069721924107,28.675657563463631,22.380977808263506,24.582610635328834,28.499999999999993,21.80756813566455,36.006091913660605,20.808268198792465,43.993908086339388,16.218268198792462,51.5,19.257568135664545,57.619022191736491,24.072610635328829,61.612930278075886,30.205657563463621,63,37.039999999999992,5,0,5,5,5,10,4,14,4,18,1,2.9000000000000004
marks,48,19,0,19,0.0050000000000000001,2.9000000000000004,0.75,9,63,35.509999999999998,61.612930278075893,42.344342436536365,57.619022191736491,48.477389364671168,51.5,47.682431864335456,43.993908086339403,50.721731801207532,36.006091913660605,51.741731801207536,28.500000000000007,50.742431864335465,22.380977808263509,47.96738936467117,18.38706972192411,38.264342436536374,17,33.469999999999999,18.387069721924107,28.675657563463631,22.380977808263506,24.582610635328834,28.499999999999993,21.80756813566455,36.006091913660605,20.808268198792465,43.993908086339388,16.218268198792462,51.5,19.257568135664545,57.619022191736491,24.072610635328829,61.612930278075886,30.205657563463621,63,37.039999999999992,336,342,4,1000,1,336,1,336,1,336,1,336,5,1005,1,337,1,337,1,337,1,337,5,1010,1,338,1,338,1,338,5,1014,1,339,1,339,1,339,5,1018
interval,49,20,4,11,217,75.359999999999999,209.63157894736844,68.195911940516112,209.63157894736844,68.195911940516112,205.94736842105263,64.547823297856823,198.57894736842104,64.700154541478355,198.57894736842104,64.700154541478355,194.89473684210526,61.060813529669055,187.5263157894737,53.931715993585065,187.5263157894737,53.931715993585065,183.84210526315789,50.482198571220287,176.4736842105263,51.393824172619915,176.4736842105263,51.393824172619915,172.78947368421052,48.315206298294214,165.42105263157896,42.669706954366532,165.42105263157896,42.669706954366532,161.73684210526315,47.623064586674445,154.36842105263159,43.262592214608539,154.36842105263159,43.262592214608539,150.68421052631578,41.469001312144634,147,39.960000000000001,198.57894736842104,64.700154541478355,191.35239260099266,60.110221350812495,186.83566572977693,46.833673836481232,176.4736842105263,51.393824172619915,0.72479637684255449
schedule,49,20,1,20,0.01,0.20000000000000001,0.5,10,217,75.359999999999999,209.63157894736844,68.195911940516112,209.63157894736844,68.195911940516112,205.94736842105263,64.547823297856823,198.57894736842104,64.700154541478355,198.57894736842104,64.700154541478355,194.89473684210526,61.060813529669055,187.5263157894737,53.931715993585065,187.5263157894737,53.931715993585065,183.84210526315789,50.482198571220287,176.4736842105263,51.393824172619915,176.4736842105263,51.393824172619915,172.78947368421052,48.315206298294214,165.42105263157896,42.669706954366532,165.42105263157896,42.669706954366532,161.73684210526315,47.623064586674445,154.36842105263159,43.262592214608539,154.36842105263159,43.262592214608539,150.68421052631578,41.469001312144634,147,39.960000000000001,5,0,3,3,5,8,5,13,1,14,5,0.20000000000000001
marks,49,20,1,20,0.01,0.20000000000000001,0.5,10,217,75.359999999999999,209.63157894736844,68.195911940516112,209.63157894736844,68.195911940516112,205.94736842105263,64.547823297856823,198.57894736842104,64.700154541478355,198.57894736842104,64.700154541478355,194.89473684210526,61.060813529669055,187.5263157894737,53.931715993585065,187.5263157894737,53.931715993585065,183.84210526315789,50.482198571220287,176.4736842105263,51.393824172619915,176.4736842105263,51.393824172619915,172.78947368421052,48.315206298294214,165.42105263157896,42.669706954366532,165.42105263157896,42.669706954366532,161.73684210526315,47.623064586674445,154.36842105263159,43.262592214608539,154.36842105263159,43.262592214608539,150.68421052631578,41.469001312144634,147,39.960000000000001,343,349,4,1019,4,1018,1,343,1,343,5,1015,1,344,1,344,1,344,1,344,5,1010,1,345,1,345,1,345,1,345,5,1005,5,1004,1,347,1,347,1,347,1,347
interval,50,21,0,6,150,43,153.5,43.134625,157,43.526999999999994,160.5,44.159875,164,45.016000000000005,167.5,46.078125,171,47.329000000000001,174.5,48.751374999999996,178,50.327999999999996,181.5,52.041625000000003,185,53.875,188.5,55.810875000000003,192,57.832000000000001,195.5,59.921124999999996,199,62.061000000000007,202.5,64.234375,206,66.424000000000007,209.5,68.612624999999994,213,70.783000000000015,216.5,72.917874999999995,220,75,150,43,157.20542781784903,42.996796667654209,164.30191191891933,44.763126139346319,171,47.329000000000001,2.4927967560631476e-005
schedule,50,21,2,21,0.014999999999999999,0.65000000000000002,0.5,11,150,43,153.5,43.134625,157,43.526999999999994,160.5,44.159875,164,45.016000000000005,167.5,46.078125,171,47.329000000000001,174.5,48.751374999999996,178,50.327999999999996,181.5,52.041625000000003,185,53.875,188.5,55.810875000000003,192,57.832000000000001,195.5,59.921124999999996,199,62.061000000000007,202.5,64.234375,206,66.424000000000007,209.5,68.612624999999994,213,70.783000000000015,216.5,72.917874999999995,220,75,2,0,18,18,1,0.65000000000000002
marks,50,21,2,21,0.014999999999999999,0.65000000000000002,0.5,11,150,43,153.5,43.134625,157,43.526999999999994,160.5,44.159875,164,45.016000000000005,167.5,46.078125,171,47.329000000000001,174.5,48.751374999999996,178,50.327999999999996,181.5,52.041625000000003,185,53.875,188.5,55.810875000000003,192,57.832000000000001,195.5,59.921124999999996,199,62.061000000000007,202.5,64.234375,206,66.424000000000007,209.5,68.612624999999994,213,70.783000000000015,216.5,72.917874999999995,220,75,350,353,4,1000,7,1001,4,1002,1,350,1,350,1,350,1,350,1,350,1,350,1,350,1,350,1,350,1,350,1,350,1,350,1,350,1,350,1,350,1,350,1,350,5,1020
interval,51,22,1,6,223,75.659999999999997,219.66666666666666,73.33835654896879,216.33333333333334,72.838122233020187,213,70.434198250728869,209.66666666666666,68.011485800669476,206.33333333333331,65.584886081416698,203,63.169300291545191,199.66666666666666,60.779629629629625,196.33333333333334,60.300775294244694,193,58.00763848396501,189.66666666666669,55.785120397365297,186.33333333333331,53.648122233020189,183,51.611545189504369,179.66666666666666,51.560290465392505,176.33333333333334,49.769259259259258,173,48.123352769679308,169.66666666666666,46.637472195227296,166.33333333333334,45.326518734477922,163,44.205393586005833,159.66666666666666,45.158997948385704,156.33333333333334,44.462233020192208,153,44,219.66666666666666,73.33835654896879,212.95443172109913,72.759390132501636,208.70737745776842,66.179497479308736,203,63.169300291545191,0.16910076106490904
schedule,51,22,0,19,0.02,1.1000000000000001,0.75,12,223,75.659999999999997,219.66666666666666,73.33835654896879,216.33333333333334,72.838122233020187,213,70.434198250728869,209.66666666666666,68.011485800669476,206.33333333333331,65.584886081416698,203,63.169300291545191,199.66666666666666,60.779629629629625,196.33333333333334,60.300775294244694,193,58.00763848396501,189.66666666666669,55.785120397365297,186.33333333333331,53.648122233020189,183,51.611545189504369,179.66666666666666,51.560290465392505,176.33333333333334,49.769259259259258,173,48.123352769679308,169.66666666666666,46.637472195227296,166.33333333333334,45.326518734477922,163,44.205393586005833,159.66666666666666,45.158997948385704,156.33333333333334,44.462233020192208,153,44,3,0,7,7,6,13,6,1.1000000000000001
marks,51,22,0,19,0.02,1.1000000000000001,0.75,12,223,75.659999999999997,219.66666666666666,73.33835654896879,216.33333333333334,72.838122233020187,213,70.434198250728869,209.66666666666666,68.011485800669476,206.33333333333331,65.584886081416698,203,63.169300291545191,199.66666666666666,60.779629629629625,196.33333333333334,60.300775294244694,193,58.00763848396501,189.66666666666669,55.785120397365297,186.33333333333331,53.648122233020189,183,51.611545189504369,179.66666666666666,51.560290465392505,176.33333333333334,49.769259259259258,173,48.123352769679308,169.66666666666666,46.637472195227296,166.33333333333334,45.326518734477922,163,44.205393586005833,159.66666666666666,45.158997948385704,156.33333333333334,44.462233020192208,153,44,357,361,4,1021,1,357,1,357,1,357,1,357,1,357,1,357,5,1014,1,358,1,358,1,358,1,358,1,358,5,1008,1,359,1,359,1,359,1,359,1,359,4,1002,7,1001,6,1000
interval,52,23,2,6,11,23,11,23,11,23,11,23,11,23,11,23,11,23,11,23,11,23,11,23,11,23,11,23,11,23,11,23,11,23,11,23,11,23,11,23,11,23,11,23,11,23,11,23,11,23,11,23,3.666666666666667,7.6666666666666679,3.666666666666667,7.6666666666666679,11,23,0
schedule,52,23,1,24,0.0050000000000000001,1.55,0.5,0,11,23,11,23,11,23,11,23,11,23,11,23,11,23,11,23,11,23,11,23,11,23,11,23,11,23,11,23,11,23,11,23,11,23,11,23,11,23,11,23,11,23,11,23,11,23,23,0,1,1,1,2,1,3,1,4,1,5,1,6,1,7,1,8,1,9,1,10,1,11,1,12,1,13,1,14,1,15,1,16,1,17,1,18,1,19,1,20,1,21,1,22,1,0.0050000000000000001
marks,52,23,1,24,0.0050000000000000001,1.55,0.5,0,11,23,11,23,11,23,11,23,11,23,11,23,11,23,11,23,11,23,11,23,11,23,11,23,11,23,11,23,11,23,11,23,11,23,11,23,11,23,11,23,11,23,11,23,11,23,364,388,5,1000,4,1001,5,1002,5,1003,5,1004,5,1005,5,1006,5,1007,5,1008,5,1009,5,1010,5,1011,5,1012,5,1013,5,1014,5,1015,5,1016,5,1017,5,1018,5,1019,5,1020,5,1021,5,1022
interval,53,24,3,6,229,80.549999999999997,225.95652173913044,77.722816635160669,222.91304347826087,74.854045368620049,219.86956521739131,71.955028355387512,216.82608695652175,69.0371077504726,213.78260869565219,66.111625708884702,210.7391304347826,68.799924385633275,207.69565217391303,65.89334593572778,204.65217391304347,63.013232514177702,201.60869565217391,60.170926275992436,198.56521739130434,57.377769376181476,195.52173913043478,60.255103969754245,192.47826086956522,57.594272211720224,189.43478260869566,55.016616257088842,186.39130434782609,52.533478260869572,183.34782608695653,50.15620037807183,180.30434782608697,47.896124763705103,177.26086956521738,51.374593572778828,174.21739130434781,49.382948960302464,171.17391304347825,47.542533081285441,168.13043478260869,45.864688090737232,165.08695652173913,44.360756143667295,162.04347826086956,48.65207939508506,159,47.530000000000001,219.86956521739131,71.955028355387512,217.58695652173915,71.166252362948953,213.02173913043475,69.588700378071835,210.7391304347826,68.799924385633275,3.4370717132911537
schedule,53,24,2,25,0.01,2,0.5,1,229,80.549999999999997,225.95652173913044,77.722816635160669,222.91304347826087,74.854045368620049,219.86956521739131,71.955028355387512,216.82608695652175,69.0371077504726,213.78260869565219,66.111625708884702,210.7391304347826,68.799924385633275,207.69565217391303,65.89334593572778,204.65217391304347,63.013232514177702,201.60869565217391,60.170926275992436,198.56521739130434,57.377769376181476,195.52173913043478,60.255103969754245,192.47826086956522,57.594272211720224,189.43478260869566,55.016616257088842,186.39130434782609,52.533478260869572,183.34782608695653,50.15620037807183,180.30434782608697,47.896124763705103,177.26086956521738,51.374593572778828,174.21739130434781,49.382948960302464,171.17391304347825,47.542533081285441,168.13043478260869,45.864688090737232,165.08695652173913,44.360756143667295,162.04347826086956,48.65207939508506,159,47.530000000000001,16,0,2,2,1,3,1,4,2,6,2,8,1,9,2,11,2,13,1,14,1,15,2,17,2,19,1,20,1,21,1,22,1,399.99999999999977
marks,53,24,2,25,0.01,2,0.5,1,229,80.549999999999997,225.95652173913044,77.722816635160669,222.91304347826087,74.854045368620049,219.86956521739131,71.955028355387512,216.82608695652175,69.0371077504726,213.78260869565219,66.111625708884702,210.7391304347826,68.799924385633275,207.69565217391303,65.89334593572778,204.65217391304347,63.013232514177702,201.60869565217391,60.170926275992436,198.56521739130434,57.377769376181476,195.52173913043478,60.255103969754245,192.47826086956522,57.594272211720224,189.43478260869566,55.016616257088842,186.39130434782609,52.533478260869572,183.34782608695653,50.15620037807183,180.30434782608697,47.896124763705103,177.26086956521738,51.374593572778828,174.21739130434781,49.382948960302464,171.17391304347825,47.542533081285441,168.13043478260869,45.864688090737232,165.08695652173913,44.360756143667295,162.04347826086956,48.65207939508506,159,47.530000000000001,371,388,5,1023,4,1022,4,1021,1,371,5,1019,5,1018,5,1017,1,374,5,1015,1,375,5,1013,5,1012,1,377,5,1010,1,378,5,1008,5,1007,5,1006,1,381,5,1004,1,382,5,1002,5,1001,5,1000
interval,54,25,4,6,162,46.32,164.91666666666666,47.773822337962969,167.83333333333334,49.408634259259259,170.75,51.214453124999999,173.66666666666666,45.701296296296299,176.58333333333334,47.81918113425926,179.5,50.078125,182.41666666666666,52.468145254629626,185.33333333333334,54.979259259259258,188.25,50.121484375000001,191.16666666666666,52.84483796296297,194.08333333333331,55.65933738425926,197,58.555,199.91666666666666,61.52184317129629,202.83333333333334,64.549884259259272,205.75,60.149140625000001,208.66666666666666,63.269629629629634,211.58333333333334,66.421368634259267,214.5,69.594374999999999,217.41666666666666,72.778666087962961,220.33333333333334,68.484259259259261,223.25,71.661171874999994,226.16666666666666,74.819421296296284,229.08333333333334,77.949024884259259,232,81.040000000000006,173.66666666666666,45.701296296296299,175.125,46.795503472222222,178.04166666666666,48.983917824074076,179.5,50.078125,0.0031826659624105986
schedule,54,25,0,23,0.014999999999999999,2.4500000000000002,0.75,2,162,46.32,164.91666666666666,47.773822337962969,167.83333333333334,49.408634259259259,170.75,51.214453124999999,173.66666666666666,45.701296296296299,176.58333333333334,47.81918113425926,179.5,50.078125,182.41666666666666,52.468145254629626,185.33333333333334,54.979259259259258,188.25,50.121484375000001,191.16666666666666,52.84483796296297,194.08333333333331,55.65933738425926,197,58.555,199.91666666666666,61.52184317129629,202.83333333333334,64.549884259259272,205.75,60.149140625000001,208.66666666666666,63.269629629629634,211.58333333333334,66.421368634259267,214.5,69.594374999999999,217.41666666666666,72.778666087962961,220.33333333333334,68.484259259259261,223.25,71.661171874999994,226.16666666666666,74.819421296296284,229.08333333333334,77.949024884259259,232,81.040000000000006,10,0,3,3,1,4,4,8,1,9,4,13,1,14,1,15,4,19,1,20,3,13.392377815367217
marks,54,25,0,23,0.014999999999999999,2.4500000000000002,0.75,2,162,46.32,164.91666666666666,47.773822337962969,167.83333333333334,49.408634259259259,170.75,51.214453124999999,173.66666666666666,45.701296296296299,176.58333333333334,47.81918113425926,179.5,50.078125,182.41666666666666,52.468145254629626,185.33333333333334,54.979259259259258,188.25,50.121484375000001,191.16666666666666,52.84483796296297,194.08333333333331,55.65933738425926,197,58.555,199.91666666666666,61.52184317129629,202.83333333333334,64.549884259259272,205.75,60.149140625000001,208.66666666666666,63.269629629629634,211.58333333333334,66.421368634259267,214.5,69.594374999999999,217.41666666666666,72.778666087962961,220.33333333333334,68.484259259259261,223.25,71.661171874999994,226.16666666666666,74.819421296296284,229.08333333333334,77.949024884259259,232,81.040000000000006,378,389,4,1000,1,378,1,378,5,1003,5,1004,1,380,1,380,1,380,5,1008,5,1009,1,382,1,382,1,382,5,1013,5,1014,5,1015,1,385,1,385,1,385,5,1019,5,1020,1,387,1,387,4,1023,6,1024
interval,55,26,0,1,235,80,232.19999999999999,78.339071999999987,229.40000000000001,76.642176000000006,226.59999999999999,74.918143999999998,223.80000000000001,73.175807999999989,221,71.424000000000007,218.19999999999999,69.671552000000005,215.40000000000001,67.927295999999998,212.59999999999999,66.200063999999998,209.80000000000001,64.498688000000001,207,62.832000000000001,204.19999999999999,61.208832000000001,201.40000000000001,59.638016,198.59999999999999,58.128383999999997,195.80000000000001,56.688767999999996,193,55.327999999999996,190.19999999999999,54.054912000000002,187.40000000000001,52.878335999999997,184.59999999999999,51.807103999999995,181.80000000000001,50.850048000000001,179,50.016000000000005,176.19999999999999,49.313791999999999,173.40000000000001,48.752256000000003,170.59999999999999,48.340223999999999,167.80000000000001,48.086528000000001,165,48,235,80,232.19999999999999,78.339071999999987,235,80,232.19999999999999,78.339071999999987,0
schedule,55,26,1,24,0.02,2.9000000000000004,0.5,3,235,80,232.19999999999999,78.339071999999987,229.40000000000001,76.642176000000006,226.59999999999999,74.918143999999998,223.80000000000001,73.175807999999989,221,71.424000000000007,218.19999999999999,69.671552000000005,215.40000000000001,67.927295999999998,212.59999999999999,66.200063999999998,209.80000000000001,64.498688000000001,207,62.832000000000001,204.19999999999999,61.208832000000001,201.40000000000001,59.638016,198.59999999999999,58.128383999999997,195.80000000000001,56.688767999999996,193,55.327999999999996,190.19999999999999,54.054912000000002,187.40000000000001,52.878335999999997,184.59999999999999,51.807103999999995,181.80000000000001,50.850048000000001,179,50.016000000000005,176.19999999999999,49.313791999999999,173.40000000000001,48.752256000000003,170.59999999999999,48.340223999999999,167.80000000000001,48.086528000000001,165,48,3,0,8,8,8,16,7,2.9000000000000004
marks,55,26,1,24,0.02,2.9000000000000004,0.5,3,235,80,232.19999999999999,78.339071999999987,229.40000000000001,76.642176000000006,226.59999999999999,74.918143999999998,223.80000000000001,73.175807999999989,221,71.424000000000007,218.19999999999999,69.671552000000005,215.40000000000001,67.927295999999998,212.59999999999999,66.200063999999998,209.80000000000001,64.498688000000001,207,62.832000000000001,204.19999999999999,61.208832000000001,201.40000000000001,59.638016,198.59999999999999,58.128383999999997,195.80000000000001,56.688767999999996,193,55.327999999999996,190.19999999999999,54.054912000000002,187.40000000000001,52.878335999999997,184.59999999999999,51.807103999999995,181.80000000000001,50.850048000000001,179,50.016000000000005,176.19999999999999,49.313791999999999,173.40000000000001,48.752256000000003,170.59999999999999,48.340223999999999,167.80000000000001,48.086528000000001,165,48,385,389,7,1025,4,1024,1,385,1,385,1,385,1,385,1,385,1,385,1,385,5,1016,1,386,1,386,1,386,1,386,1,386,1,386,1,386,5,1008,1,387,1,387,1,387,1,387,1,387,1,387,4,1001,6,1000
interval,56,27,1,1,63,35.340000000000003,62.331661800799196,39.748366292888484,60.36548859002383,42.050293924744061,60.36548859002383,42.050293924744061,53.065489174816584,48.820725720192158,48.15591240197832,51.065276125652055,48.15591240197832,51.065276125652055,37.227656354127575,52.72605085966692,31.84408759802168,50.215276125652053,31.84408759802168,50.215276125652053,22.784252792064674,46.273085190093518,19.634511409976174,43.240293924744073,19.634511409976174,43.240293924744073,17,34.149999999999999,17.6683381992008,30.421633707111521,17.6683381992008,30.421633707111521,22.784252792064677,23.896914809906484,26.934510825183416,21.519274279807842,26.934510825183416,21.519274279807842,37.227656354127561,17.443949140333082,42.772343645872432,17.783949140333082,42.772343645872432,17.783949140333082,53.065489174816577,21.34927427980784,57.215747207935323,24.406914809906475,57.215747207935323,24.406914809906475,62.331661800799196,30.421633707111514,63,34.829999999999991,62.331661800799196,39.748366292888484,60.36548859002383,42.050293924744061,63,35.340000000000003,62.331661800799196,39.748366292888484,0
schedule,56,27,2,29,0.0050000000000000001,0.20000000000000001,0.5,4,63,35.340000000000003,62.331661800799196,39.748366292888484,60.36548859002383,42.050293924744061,60.36548859002383,42.050293924744061,53.065489174816584,48.820725720192158,48.15591240197832,51.065276125652055,48.15591240197832,51.065276125652055,37.227656354127575,52.72605085966692,31.84408759802168,50.215276125652053,31.84408759802168,50.215276125652053,22.784252792064674,46.273085190093518,19.634511409976174,43.240293924744073,19.634511409976174,43.240293924744073,17,34.149999999999999,17.6683381992008,30.421633707111521,17.6683381992008,30.421633707111521,22.784252792064677,23.896914809906484,26.934510825183416,21.519274279807842,26.934510825183416,21.519274279807842,37.227656354127561,17.443949140333082,42.772343645872432,17.783949140333082,42.772343645872432,17.783949140333082,53.065489174816577,21.34927427980784,57.215747207935323,24.406914809906475,57.215747207935323,24.406914809906475,62.331661800799196,30.421633707111514,63,34.829999999999991,13,0,5,5,6,11,2,13,1,14,2,16,1,17,2,19,1,20,2,22,1,23,2,25,1,26,1,0.20000000000000001
marks,56,27,2,29,0.0050000000000000001,0.20000000000000001,0.5,4,63,35.340000000000003,62.331661800799196,39.748366292888484,60.36548859002383,42.050293924744061,60.36548859002383,42.050293924744061,53.065489174816584,48.820725720192158,48.15591240197832,51.065276125652055,48.15591240197832,51.065276125652055,37.227656354127575,52.72605085966692,31.84408759802168,50.215276125652053,31.84408759802168,50.215276125652053,22.784252792064674,46.273085190093518,19.634511409976174,43.240293924744073,19.634511409976174,43.240293924744073,17,34.149999999999999,17.6683381992008,30.421633707111521,17.6683381992008,30.421633707111521,22.784252792064677,23.896914809906484,26.934510825183416,21.519274279807842,26.934510825183416,21.519274279807842,37.227656354127561,17.443949140333082,42.772343645872432,17.783949140333082,42.772343645872432,17.783949140333082,53.065489174816577,21.34927427980784,57.215747207935323,24.406914809906475,57.215747207935323,24.406914809906475,62.331661800799196,30.421633707111514,63,34.829999999999991,392,406,5,1000,5,1001,4,1002,1,392,1,392,1,392,1,392,5,1007,1,393,1,393,1,393,1,393,1,393,5,1013,1,394,5,1015,5,1016,1,396,5,1018,5,1019,1,398,5,1021,5,1022,1,400,5,1024,5,1025,1,402
interval,57,28,2,30,241,80.980000000000004,238.40740740740739,78.763445612965498,235.81481481481481,80.255493573134174,233.22222222222223,77.983155006858709,230.62962962962962,75.693441040491791,228.03703703703704,73.3933628003861,225.44444444444446,71.089931412894373,222.85185185185185,72.530158004369255,220.25925925925927,70.241053701163437,217.66666666666666,67.969629629629637,215.07407407407408,65.722896916120504,212.48148148148147,63.507866686988756,209.88888888888889,61.331550068587113,207.2962962962963,62.940958187268208,204.7037037037037,60.863102169384753,202.11111111111111,58.844993141289436,199.5185185185185,56.893642229334958,196.92592592592592,55.016060559873999,194.33333333333334,56.959259259259262,191.74074074074073,55.250249453843416,189.14814814814815,53.636042269979171,186.55555555555554,52.1236488340192,183.96296296296296,50.72008027231621,181.37037037037038,49.432347711222874,178.77777777777777,52.007462277091904,176.18518518518519,50.972435096275973,173.59259259259258,50.074277295127779,171,49.32,235.81481481481481,80.255493573134174,199.60420413353589,47.071125562814814,110.83299298270587,32.78843950699833,235.81481481481481,80.255493573134174,573.35341783993772
schedule,57,28,0,27,0.01,0.65000000000000002,0.75,5,241,80.980000000000004,238.40740740740739,78.763445612965498,235.81481481481481,80.255493573134174,233.22222222222223,77.983155006858709,230.62962962962962,75.693441040491791,228.03703703703704,73.3933628003861,225.44444444444446,71.089931412894373,222.85185185185185,72.530158004369255,220.25925925925927,70.241053701163437,217.66666666666666,67.969629629629637,215.07407407407408,65.722896916120504,212.48148148148147,63.507866686988756,209.88888888888889,61.331550068587113,207.2962962962963,62.940958187268208,204.7037037037037,60.863102169384753,202.11111111111111,58.844993141289436,199.5185185185185,56.893642229334958,196.92592592592592,55.016060559873999,194.33333333333334,56.959259259259262,191.74074074074073,55.250249453843416,189.14814814814815,53.636042269979171,186.55555555555554,52.1236488340192,183.96296296296296,50.72008027231621,181.37037037037038,49.432347711222874,178.77777777777777,52.007462277091904,176.18518518518519,50.972435096275973,173.59259259259258,50.074277295127779,171,49.32,9,0,1,1,5,6,1,7,5,12,5,17,1,18,5,23,1,24,3,0.65000000000000002
marks,57,28,0,27,0.01,0.65000000000000002,0.75,5,241,80.980000000000004,238.40740740740739,78.763445612965498,235.81481481481481,80.255493573134174,233.22222222222223,77.983155006858709,230.62962962962962,75.693441040491791,228.03703703703704,73.3933628003861,225.44444444444446,71.089931412894373,222.85185185185185,72.530158004369255,220.25925925925927,70.241053701163437,217.66666666666666,67.969629629629637,215.07407407407408,65.722896916120504,212.48148148148147,63.507866686988756,209.88888888888889,61.331550068587113,207.2962962962963,62.940958187268208,204.7037037037037,60.863102169384753,202.11111111111111,58.844993141289436,199.5185185185185,56.893642229334958,196.92592592592592,55.016060559873999,194.33333333333334,56.959259259259262,191.74074074074073,55.250249453843416,189.14814814814815,53.636042269979171,186.55555555555554,52.1236488340192,183.96296296296296,50.72008027231621,181.37037037037038,49.432347711222874,178.77777777777777,52.007462277091904,176.18518518518519,50.972435096275973,173.59259259259258,50.074277295127779,171,49.32,399,409,4,1027,5,1026,1,400,1,400,1,400,1,400,5,1021,5,1020,1,402,1,402,1,402,1,402,5,1015,1,403,1,403,1,403,1,403,5,1010,5,1009,1,405,1,405,1,405,1,405,5,1004,5,1003,1,407,1,407,4,1000
interval,58,29,3,31,174,53.549999999999997,176.5,49.029105320699706,179,50.252230320699702,181.5,51.603088556851311,184,53.075393586005838,186.5,54.662858965014578,189,50.749198250728867,191.5,52.548124999999999,194,54.443352769679308,196.5,56.428595116618077,199,58.497565597667638,201.5,60.643977769679303,204,57.25154518950437,206.5,59.533981413994169,209,61.875,211.5,64.268314504373166,214,66.707638483965013,216.5,63.576685495626819,219,66.089169096209915,221.5,68.628802842565591,224,71.189300291545194,226.5,73.764375000000001,229,76.347740524781344,231.5,73.323110422740513,234,75.904198250728868,236.5,78.474717565597672,239,81.028381924198243,241.5,83.558904883381942,244,80.450000000000003,181.5,51.603088556851311,221.51905701244945,58.253787598996134,293.08984540770774,122.4945517540344,179,50.252230320699702,651.58386745609334
schedule,58,29,1,28,0.014999999999999999,1.1000000000000001,0.5,6,174,53.549999999999997,176.5,49.029105320699706,179,50.252230320699702,181.5,51.603088556851311,184,53.075393586005838,186.5,54.662858965014578,189,50.749198250728867,191.5,52.548124999999999,194,54.443352769679308,196.5,56.428595116618077,199,58.497565597667638,201.5,60.643977769679303,204,57.25154518950437,206.5,59.533981413994169,209,61.875,211.5,64.268314504373166,214,66.707638483965013,216.5,63.576685495626819,219,66.089169096209915,221.5,68.628802842565591,224,71.189300291545194,226.5,73.764375000000001,229,76.347740524781344,231.5,73.323110422740513,234,75.904198250728868,236.5,78.474717565597672,239,81.028381924198243,241.5,83.558904883381942,244,80.450000000000003,7,0,5,5,5,10,6,16,5,21,1,22,4,26,1,1.1000000000000001
marks,58,29,1,28,0.014999999999999999,1.1000000000000001,0.5,6,174,53.549999999999997,176.5,49.029105320699706,179,50.252230320699702,181.5,51.603088556851311,184,53.075393586005838,186.5,54.662858965014578,189,50.749198250728867,191.5,52.548124999999999,194,54.443352769679308,196.5,56.428595116618077,199,58.497565597667638,201.5,60.643977769679303,204,57.25154518950437,206.5,59.533981413994169,209,61.875,211.5,64.268314504373166,214,66.707638483965013,216.5,63.576685495626819,219,66.089169096209915,221.5,68.628802842565591,224,71.189300291545194,226.5,73.764375000000001,229,76.347740524781344,231.5,73.323110422740513,234,75.904198250728868,236.5,78.474717565597672,239,81.028381924198243,241.5,83.558904883381942,244,80.450000000000003,406,414,6,1000,4,1001,1,406,1,406,1,406,1,406,5,1006,1,407,1,407,1,407,1,407,5,1011,1,408,1,408,1,408,1,408,1,408,5,1017,1,409,1,409,1,409,1,409,5,1022,5,1023,1,411,1,411,1,411,5,1027,4,1028
interval,59,30,4,32,247,86.719999999999999,244.58620689655174,83.930503095657869,242.17241379310343,81.113370781909879,239.75862068965517,78.274261347328718,237.34482758620689,75.41883308048709,234.93103448275861,80.032744269957774,232.51724137931035,77.161653204313424,230.10344827586206,74.29121817212679,227.68965517241378,71.427097461970561,225.27586206896552,68.574949362417485,222.86206896551724,65.74043216204025,220.44827586206895,70.409204149411622,218.0344827586207,67.626923613104267,215.62068965517241,64.879248841690924,213.20689655172413,62.171838123744308,210.79310344827587,59.510349747837147,208.37931034482759,64.380442002542139,205.9655172413793,61.827773176431997,203.55172413793105,59.338001558079462,201.13793103448276,56.916785436057246,198.72413793103448,54.569783098938046,196.31034482758622,52.302652835294602,193.89655172413794,57.60105293369962,191.48275862068965,55.510641682725819,189.06896551724139,53.51707737094592,186.65517241379311,51.626018286932634,184.24137931034483,49.843122719258687,181.82758620689654,55.65404895649678,179.41379310344828,54.10445528721965,177,52.68,237.34482758620689,75.41883308048709,208.77478611321766,57.153234961127026,121.61843732818066,32.431473151650628,242.17241379310343,81.113370781909879,843.82054958697563
schedule,59,30,2,29,0.02,1.55,0.5,7,247,86.719999999999999,244.58620689655174,83.930503095657869,242.17241379310343,81.113370781909879,239.75862068965517,78.274261347328718,237.34482758620689,75.41883308048709,234.93103448275861,80.032744269957774,232.51724137931035,77.161653204313424,230.10344827586206,74.29121817212679,227.68965517241378,71.427097461970561,225.27586206896552,68.574949362417485,222.86206896551724,65.74043216204025,220.44827586206895,70.409204149411622,218.0344827586207,67.626923613104267,215.62068965517241,64.879248841690924,213.20689655172413,62.171838123744308,210.79310344827587,59.510349747837147,208.37931034482759,64.380442002542139,205.9655172413793,61.827773176431997,203.55172413793105,59.338001558079462,201.13793103448276,56.916785436057246,198.72413793103448,54.569783098938046,196.31034482758622,52.302652835294602,193.89655172413794,57.60105293369962,191.48275862068965,55.510641682725819,189.06896551724139,53.51707737094592,186.65517241379311,51.626018286932634,184.24137931034483,49.843122719258687,181.82758620689654,55.65404895649678,179.41379310344828,54.10445528721965,177,52.68,6,0,2,2,6,8,6,14,5,19,6,25,2,1.55
marks,59,30,2,29,0.02,1.55,0.5,7,247,86.719999999999999,244.58620689655174,83.930503095657869,242.17241379310343,81.113370781909879,239.75862068965517,78.274261347328718,237.34482758620689,75.41883308048709,234.93103448275861,80.032744269957774,232.51724137931035,77.161653204313424,230.10344827586206,74.29121817212679,227.68965517241378,71.427097461970561,225.27586206896552,68.574949362417485,222.86206896551724,65.74043216204025,220.44827586206895,70.409204149411622,218.0344827586207,67.626923613104267,215.62068965517241,64.879248841690924,213.20689655172413,62.171838123744308,210.79310344827587,59.510349747837147,208.37931034482759,64.380442002542139,205.9655172413793,61.827773176431997,203.55172413793105,59.338001558079462,201.13793103448276,56.916785436057246,198.72413793103448,54.569783098938046,196.31034482758622,52.302652835294602,193.89655172413794,57.60105293369962,191.48275862068965,55.510641682725819,189.06896551724139,53.51707737094592,186.65517241379311,51.626018286932634,184.24137931034483,49.843122719258687,181.82758620689654,55.65404895649678,179.41379310344828,54.10445528721965,177,52.68,413,420,7,1029,6,1028,4,1027,1,413,5,1025,1,414,1,414,1,414,1,414,1,414,5,1019,1,415,1,415,1,415,1,415,1,415,5,1013,1,416,1,416,1,416,1,416,5,1008,1,417,1,417,1,417,1,417,1,417,5,1002,1,418,4,1000
interval,60,31,0,28,63,35,62.497394816877531,38.534498743901906,61.011545525779823,41.914522932288605,58.607390870623789,44.992349288972044,55.390003946253742,47.633462033115698,51.5,49.722431864335455,47.107390870623789,51.167960777017612,42.404154655156027,51.906872221260642,37.595845344843973,51.906872221260649,32.892609129376211,51.167960777017612,28.500000000000007,49.722431864335462,24.609996053746269,47.633462033115705,21.392609129376211,44.992349288972044,18.988454474220177,41.914522932288598,17.502605183122469,38.534498743901906,17,35,17.502605183122469,31.465501256098097,18.988454474220177,28.085477067711402,21.392609129376208,25.007650711027956,24.609996053746258,22.366537966884302,28.499999999999993,20.277568135664549,32.892609129376204,18.832039222982392,37.595845344843951,18.093127778739355,42.404154655156042,18.093127778739355,47.107390870623789,18.832039222982388,51.5,20.277568135664545,55.390003946253742,22.366537966884302,58.607390870623789,25.007650711027953,61.011545525779823,28.085477067711398,62.497394816877531,31.465501256098083,63,34.999999999999993,63,35,24.175701575054394,93.015423300266903,-0.88920975198511598,-14.547843384649651,61.011545525779823,28.085477067711398,764.07145042746833
schedule,60,31,0,31,0.0050000000000000001,2,0.75,8,63,35,62.497394816877531,38.534498743901906,61.011545525779823,41.914522932288605,58.607390870623789,44.992349288972044,55.390003946253742,47.633462033115698,51.5,49.722431864335455,47.107390870623789,51.167960777017612,42.404154655156027,51.906872221260642,37.595845344843973,51.906872221260649,32.892609129376211,51.167960777017612,28.500000000000007,49.722431864335462,24.609996053746269,47.633462033115705,21.392609129376211,44.992349288972044,18.988454474220177,41.914522932288598,17.502605183122469,38.534498743901906,17,35,17.502605183122469,31.465501256098097,18.988454474220177,28.085477067711402,21.392609129376208,25.007650711027956,24.609996053746258,22.366537966884302,28.499999999999993,20.277568135664549,32.892609129376204,18.832039222982392,37.595845344843951,18.093127778739355,42.404154655156042,18.093127778739355,47.107390870623789,18.832039222982388,51.5,20.277568135664545,55.390003946253742,22.366537966884302,58.607390870623789,25.007650711027953,61.011545525779823,28.085477067711398,62.497394816877531,31.465501256098083,63,34.999999999999993,2,0,16,16,15,2
marks,60,31,0,31,0.0050000000000000001,2,0.75,8,63,35,62.497394816877531,38.534498743901906,61.011545525779823,41.914522932288605,58.607390870623789,44.992349288972044,55.390003946253742,47.633462033115698,51.5,49.722431864335455,47.107390870623789,51.167960777017612,42.404154655156027,51.906872221260642,37.595845344843973,51.906872221260649,32.892609129376211,51.167960777017612,28.500000000000007,49.722431864335462,24.609996053746269,47.633462033115705,21.392609129376211,44.992349288972044,18.988454474220177,41.914522932288598,17.502605183122469,38.534498743901906,17,35,17.502605183122469,31.465501256098097,18.988454474220177,28.085477067711402,21.392609129376208,25.007650711027956,24.609996053746258,22.366537966884302,28.499999999999993,20.277568135664549,32.892609129376204,18.832039222982392,37.595845344843951,18.093127778739355,42.404154655156042,18.093127778739355,47.107390870623789,18.832039222982388,51.5,20.277568135664545,55.390003946253742,22.366537966884302,58.607390870623789,25.007650711027953,61.011545525779823,28.085477067711398,62.497394816877531,31.465501256098083,63,34.999999999999993,420,423,4,1000,1,420,1,420,1,420,1,420,1,420,1,420,1,420,1,420,1,420,1,420,1,420,1,420,1,420,1,420,1,420,5,1016,1,421,1,421,1,421,1,421,1,421,1,421,1,421,1,421,1,421,1,421,1,421,1,421,1,421,1,421
interval,61,32,1,29,253,86,250.74193548387098,84.323623241918696,248.48387096774195,82.622742438991637,246.2258064516129,82.7719898627102,243.96774193548387,81.035997784565808,241.70967741935485,79.289398476049811,239.45161290322579,77.536824208653613,237.19354838709677,75.782907253868601,234.93548387096774,74.032279883186192,232.67741935483872,74.159574368097751,230.41935483870967,72.429422980094671,228.16129032258064,70.716457990668317,225.90322580645162,69.025311671310121,223.64516129032259,67.360616293511455,221.38709677419354,67.597004128763714,219.12903225806451,65.999107448558291,216.87096774193549,64.441558524386565,214.61290322580646,62.928989627739924,212.35483870967741,61.46603303010977,210.09677419354838,60.057321002987479,207.83870967741936,60.577485817864456,205.58064516129031,59.29115974623209,203.32258064516128,58.072975059581751,201.06451612903226,56.927564029404849,198.80645161290323,55.859558927192779,196.54838709677421,56.743592024436914,194.29032258064515,55.84429559262864,192.03225806451613,55.036301903259378,189.7741935483871,54.324243227820482,187.51612903225805,53.71275183780336,185.25806451612902,53.206460004699402,183,54.68,250.74193548387098,84.323623241918696,230.28828242317786,72.863971071263691,211.25901444873284,57.721606520027478,187.51612903225805,53.71275183780336,7.3363307412428647
schedule,61,32,1,32,0.01,2.4500000000000002,0.5,9,253,86,250.74193548387098,84.323623241918696,248.48387096774195,82.622742438991637,246.2258064516129,82.7719898627102,243.96774193548387,81.035997784565808,241.70967741935485,79.289398476049811,239.45161290322579,77.536824208653613,237.19354838709677,75.782907253868601,234.93548387096774,74.032279883186192,232.67741935483872,74.159574368097751,230.41935483870967,72.429422980094671,228.16129032258064,70.716457990668317,225.90322580645162,69.025311671310121,223.64516129032259,67.360616293511455,221.38709677419354,67.597004128763714,219.12903225806451,65.999107448558291,216.87096774193549,64.441558524386565,214.61290322580646,62.928989627739924,212.35483870967741,61.46603303010977,210.09677419354838,60.057321002987479,207.83870967741936,60.577485817864456,205.58064516129031,59.29115974623209,203.32258064516128,58.072975059581751,201.06451612903226,56.927564029404849,198.80645161290323,55.859558927192779,196.54838709677421,56.743592024436914,194.29032258064515,55.84429559262864,192.03225806451613,55.036301903259378,189.7741935483871,54.324243227820482,187.51612903225805,53.71275183780336,185.25806451612902,53.206460004699402,183,54.68,2,0,21,21,10,2.4500000000000002
marks,61,32,1,32,0.01,2.4500000000000002,0.5,9,253,86,250.74193548387098,84.323623241918696,248.48387096774195,82.622742438991637,246.2258064516129,82.7719898627102,243.96774193548387,81.035997784565808,241.70967741935485,79.289398476049811,239.45161290322579,77.536824208653613,237.19354838709677,75.782907253868601,234.93548387096774,74.032279883186192,232.67741935483872,74.159574368097751,230.41935483870967,72.429422980094671,228.16129032258064,70.716457990668317,225.90322580645162,69.025311671310121,223.64516129032259,67.360616293511455,221.38709677419354,67.597004128763714,219.12903225806451,65.999107448558291,216.87096774193549,64.441558524386565,214.61290322580646,62.928989627739924,212.35483870967741,61.46603303010977,210.09677419354838,60.057321002987479,207.83870967741936,60.577485817864456,205.58064516129031,59.29115974623209,203.32258064516128,58.072975059581751,201.06451612903226,56.927564029404849,198.80645161290323,55.859558927192779,196.54838709677421,56.743592024436914,194.29032258064515,55.84429559262864,192.03225806451613,55.036301903259378,189.7741935483871,54.324243227820482,187.51612903225805,53.71275183780336,185.25806451612902,53.206460004699402,183,54.68,427,430,4,1031,4,1030,1,427,1,427,1,427,1,427,1,427,1,427,1,427,1,427,1,427,1,427,1,427,1,427,1,427,1,427,1,427,1,427,1,427,1,427,1,427,1,427,5,1009,1,428,1,428,1,428,1,428,1,428,1,428,1,428,1,428,1,428
interval,62,33,2,30,186,55,188.1875,55.733009033203125,190.375,56.569228515624999,192.5625,53.764447021484372,194.75,54.794453124999997,196.9375,55.915035400390622,199.125,57.121982421875003,201.3125,58.411082763671878,203.5,59.778125000000003,205.6875,57.478897705078126,207.875,58.989189453125,210.0625,60.564788818359375,212.25,62.201484375,214.4375,63.895064697265624,216.625,61.901318359374997,218.8125,63.696033935546872,221,65.534999999999997,223.1875,67.414005126953128,225.375,69.328837890624996,227.5625,71.275286865234378,229.75,69.509140625000001,231.9375,71.506187744140618,234.125,73.522216796875,236.3125,75.553016357421882,238.5,77.594374999999999,240.6875,75.902081298828122,242.875,77.951923828125004,245.0625,79.999691162109372,247.25,82.041171875000003,249.4375,84.072154541015621,251.625,86.088427734375003,253.8125,84.345780029296876,256,86.319999999999993,190.375,56.569228515624999,212.05115402620336,56.808029994613307,232.30494179921553,71.422237318458372,251.625,86.088427734375003,45.228315363378876
schedule,62,33,2,33,0.014999999999999999,2.9000000000000004,0.5,10,186,55,188.1875,55.733009033203125,190.375,56.569228515624999,192.5625,53.764447021484372,194.75,54.794453124999997,196.9375,55.915035400390622,199.125,57.121982421875003,201.3125,58.411082763671878,203.5,59.778125000000003,205.6875,57.478897705078126,207.875,58.989189453125,210.0625,60.564788818359375,212.25,62.201484375,214.4375,63.895064697265624,216.625,61.901318359374997,218.8125,63.696033935546872,221,65.534999999999997,223.1875,67.414005126953128,225.375,69.328837890624996,227.5625,71.275286865234378,229.75,69.509140625000001,231.9375,71.506187744140618,234.125,73.522216796875,236.3125,75.553016357421882,238.5,77.594374999999999,240.6875,75.902081298828122,242.875,77.951923828125004,245.0625,79.999691162109372,247.25,82.041171875000003,249.4375,84.072154541015621,251.625,86.088427734375003,253.8125,84.345780029296876,256,86.319999999999993,5,0,6,6,6,12,5,17,6,23,8,2.9000000000000004
marks,62,33,2,33,0.014999999999999999,2.9000000000000004,0.5,10,186,55,188.1875,55.733009033203125,190.375,56.569228515624999,192.5625,53.764447021484372,194.75,54.794453124999997,196.9375,55.915035400390622,199.125,57.121982421875003,201.3125,58.411082763671878,203.5,59.778125000000003,205.6875,57.478897705078126,207.875,58.989189453125,210.0625,60.564788818359375,212.25,62.201484375,214.4375,63.895064697265624,216.625,61.901318359374997,218.8125,63.696033935546872,221,65.534999999999997,223.1875,67.414005126953128,225.375,69.328837890624996,227.5625,71.275286865234378,229.75,69.509140625000001,231.9375,71.506187744140618,234.125,73.522216796875,236.3125,75.553016357421882,238.5,77.594374999999999,240.6875,75.902081298828122,242.875,77.951923828125004,245.0625,79.999691162109372,247.25,82.041171875000003,249.4375,84.072154541015621,251.625,86.088427734375003,253.8125,84.345780029296876,256,86.319999999999993,434,440,4,1000,7,1001,4,1002,1,434,1,434,1,434,1,434,1,434,5,1008,1,435,1,435,1,435,1,435,1,435,5,1014,1,436,1,436,1,436,1,436,5,1019,1,437,1,437,1,437,1,437,1,437,5,1025,1,438,1,438,1,438,1,438,1,438,1,438,1,438
interval,63,34,3,31,256.87878787878788,89.295359935442576,256.87878787878788,89.295359935442576,254.75757575757575,86.998848262236706,250.5151515151515,82.355570303586831,250.5151515151515,82.355570303586831,248.39393939393941,80.016484124996524,244.15151515151516,80.932617636419295,244.15151515151516,80.932617636419295,242.03030303030303,78.585517433286029,237.78787878787878,73.910183376464374,237.78787878787878,73.910183376464374,235.66666666666666,71.589629629629627,231.42424242424244,72.611948966246501,231.42424242424244,72.611948966246501,229.30303030303031,70.352502156551751,225.06060606060606,65.921595848290067,225.06060606060606,65.921595848290067,222.93939393939394,63.757816456576791,218.69696969696969,65.162805465119504,218.69696969696969,65.162805465119504,216.57575757575756,63.129253972229179,212.33333333333334,59.21925925925926,212.33333333333334,59.21925925925926,210.21212121212122,62.960496146033336,205.96969696969697,59.414638673233711,205.96969696969697,59.414638673233711,203.84848484848484,57.745224420513679,199.60606060606059,54.632625149567303,199.60606060606059,54.632625149567303,197.4848484848485,58.807120238194621,193.24242424242425,56.196900130784428,193.24242424242425,56.196900130784428,191.12121212121212,55.02986504160058,189,53.960000000000001,250.5151515151515,82.355570303586831,230.46577323020128,71.53201478556575,211.016575773532,55.794666954413607,193.24242424242425,56.196900130784428,66.495065137241625
schedule,63,34,0,31,0.02,0.20000000000000001,0.75,11,256.87878787878788,89.295359935442576,256.87878787878788,89.295359935442576,254.75757575757575,86.998848262236706,250.5151515151515,82.355570303586831,250.5151515151515,82.355570303586831,248.39393939393941,80.016484124996524,244.15151515151516,80.932617636419295,244.15151515151516,80.932617636419295,242.03030303030303,78.585517433286029,237.78787878787878,73.910183376464374,237.78787878787878,73.910183376464374,235.66666666666666,71.589629629629627,231.42424242424244,72.611948966246501,231.42424242424244,72.611948966246501,229.30303030303031,70.352502156551751,225.06060606060606,65.921595848290067,225.06060606060606,65.921595848290067,222.93939393939394,63.757816456576791,218.69696969696969,65.162805465119504,218.69696969696969,65.162805465119504,216.57575757575756,63.129253972229179,212.33333333333334,59.21925925925926,212.33333333333334,59.21925925925926,210.21212121212122,62.960496146033336,205.96969696969697,59.414638673233711,205.96969696969697,59.414638673233711,203.84848484848484,57.745224420513679,199.60606060606059,54.632625149567303,199.60606060606059,54.632625149567303,197.4848484848485,58.807120238194621,193.24242424242425,56.196900130784428,193.24242424242425,56.196900130784428,191.12121212121212,55.02986504160058,189,53.960000000000001,8,0,5,5,2,7,4,11,2,13,4,17,6,23,4,27,4,0.20000000000000001
marks,63,34,0,31,0.02,0.20000000000000001,0.75,11,256.87878787878788,89.295359935442576,256.87878787878788,89.295359935442576,254.75757575757575,86.998848262236706,250.5151515151515,82.355570303586831,250.5151515151515,82.355570303586831,248.39393939393941,80.016484124996524,244.15151515151516,80.932617636419295,244.15151515151516,80.932617636419295,242.03030303030303,78.585517433286029,237.78787878787878,73.910183376464374,237.78787878787878,73.910183376464374,235.66666666666666,71.589629629629627,231.42424242424244,72.611948966246501,231.42424242424244,72.611948966246501,229.30303030303031,70.352502156551751,225.06060606060606,65.921595848290067,225.06060606060606,65.921595848290067,222.93939393939394,63.757816456576791,218.69696969696969,65.162805465119504,218.69696969696969,65.162805465119504,216.57575757575756,63.129253972229179,212.33333333333334,59.21925925925926,212.33333333333334,59.21925925925926,210.21212121212122,62.960496146033336,205.96969696969697,59.414638673233711,205.96969696969697,59.414638673233711,203.84848484848484,57.745224420513679,199.60606060606059,54.632625149567303,199.60606060606059,54.632625149567303,197.4848484848485,58.807120238194621,193.24242424242425,56.196900130784428,193.24242424242425,56.196900130784428,191.12121212121212,55.02986504160058,189,53.960000000000001,441,450,4,1033,1,441,1,441,1,441,1,441,5,1028,1,442,5,1026,1,443,1,443,1,443,5,1022,1,444,5,1020,1,445,1,445,1,445,5,1016,1,446,1,446,1,446,1,446,1,446,5,1010,1,447,1,447,1,447,5,1006,1,448,1,448,1,448,4,1002,7,1001,6,1000
interval,64,35,4,32,63,37.039999999999999,62.608381292729746,41.523741802881695,61.446861276300183,38.421108325181599,59.554994121781121,42.58934676891505,56.997205096075163,46.45282594199147,53.860596636722896,49.926292863764068,50.251982182860381,52.937775953036059,46.294248771657912,47.951035933937924,42.122172267655948,49.887480997015587,37.877827732344059,51.247480997015593,33.705751228342095,52.031035933937922,29.748017817139619,52.257775953036059,26.139403363277104,51.966292863764075,23.002794903924844,43.732825941991479,20.445005878218879,42.58934676891505,18.553138723699821,41.141108325181605,17.391618707270258,39.483741802881696,17,37.719999999999999,17.391618707270258,28.476258197118305,18.553138723699817,26.818891674818399,20.445005878218875,25.370653231084951,23.00279490392484,24.227174058008529,26.139403363277101,23.47370713623593,29.748017817139626,23.182224046963938,33.705751228342088,15.928964066062077,37.877827732344059,16.712519002984411,42.122172267655934,18.072519002984411,46.294248771657905,20.008964066062077,50.251982182860367,22.502224046963935,53.860596636722889,18.033707136235925,56.997205096075149,21.50717405800852,59.554994121781121,25.370653231084944,61.446861276300183,29.538891674818398,62.608381292729739,33.916258197118296,63,38.399999999999991,56.997205096075163,46.45282594199147,-0.0012395241642538554,77.04290979243558,22.720401593784334,-16.454780895593544,61.446861276300183,29.538891674818398,662.7467842142737
schedule,64,35,1,36,0.0050000000000000001,0.65000000000000002,0.5,12,63,37.039999999999999,62.608381292729746,41.523741802881695,61.446861276300183,38.421108325181599,59.554994121781121,42.58934676891505,56.997205096075163,46.45282594199147,53.860596636722896,49.926292863764068,50.251982182860381,52.937775953036059,46.294248771657912,47.951035933937924,42.122172267655948,49.887480997015587,37.877827732344059,51.247480997015593,33.705751228342095,52.031035933937922,29.748017817139619,52.257775953036059,26.139403363277104,51.966292863764075,23.002794903924844,43.732825941991479,20.445005878218879,42.58934676891505,18.553138723699821,41.141108325181605,17.391618707270258,39.483741802881696,17,37.719999999999999,17.391618707270258,28.476258197118305,18.553138723699817,26.818891674818399,20.445005878218875,25.370653231084951,23.00279490392484,24.227174058008529,26.139403363277101,23.47370713623593,29.748017817139626,23.182224046963938,33.705751228342088,15.928964066062077,37.877827732344059,16.712519002984411,42.122172267655934,18.072519002984411,46.294248771657905,20.008964066062077,50.251982182860367,22.502224046963935,53.860596636722889,18.033707136235925,56.997205096075149,21.50717405800852,59.554994121781121,25.370653231084944,61.446861276300183,29.538891674818398,62.608381292729739,33.916258197118296,63,38.399999999999991,11,0,1,1,4,5,1,6,6,12,8,20,2,22,5,27,1,28,5,33,1,34,1,0.65000000000000002
marks,64,35,1,36,0.0050000000000000001,0.65000000000000002,0.5,12,63,37.039999999999999,62.608381292729746,41.523741802881695,61.446861276300183,38.421108325181599,59.554994121781121,42.58934676891505,56.997205096075163,46.45282594199147,53.860596636722896,49.926292863764068,50.251982182860381,52.937775953036059,46.294248771657912,47.951035933937924,42.122172267655948,49.887480997015587,37.877827732344059,51.247480997015593,33.705751228342095,52.031035933937922,29.748017817139619,52.257775953036059,26.139403363277104,51.966292863764075,23.002794903924844,43.732825941991479,20.445005878218879,42.58934676891505,18.553138723699821,41.141108325181605,17.391618707270258,39.483741802881696,17,37.719999999999999,17.391618707270258,28.476258197118305,18.553138723699817,26.818891674818399,20.445005878218875,25.370653231084951,23.00279490392484,24.227174058008529,26.139403363277101,23.47370713623593,29.748017817139626,23.182224046963938,33.705751228342088,15.928964066062077,37.877827732344059,16.712519002984411,42.122172267655934,18.072519002984411,46.294248771657905,20.008964066062077,50.251982182860367,22.502224046963935,53.860596636722889,18.033707136235925,56.997205096075149,21.50717405800852,59.554994121781121,25.370653231084944,61.446861276300183,29.538891674818398,62.608381292729739,33.916258197118296,63,38.399999999999991,448,460,5,1000,4,1001,5,1002,1,449,1,449,1,449,5,1006,5,1007,1,451,1,451,1,451,1,451,1,451,5,1013,1,452,1,452,1,452,1,452,1,452,1,452,1,452,5,1021,1,453,5,1023,1,454,1,454,1,454,1,454,5,1028,5,1029,1,456,1,456,1,456,1,456,5,1034
interval,65,36,0,28,11,23,11,23,11,23,11,23,11,23,11,23,11,23,11,23,11,23,11,23,11,23,11,23,11,23,11,23,11,23,11,23,11,23,11,23,11,23,11,23,11,23,11,23,11,23,11,23,11,23,11,23,11,23,11,23,11,23,11,23,11,23,11,23,11,23,11,23,11,23,11,23,11,23,0,0,0,0,11,23,0
schedule,65,36,2,37,0.01,1.1000000000000001,0.5,0,11,23,11,23,11,23,11,23,11,23,11,23,11,23,11,23,11,23,11,23,11,23,11,23,11,23,11,23,11,23,11,23,11,23,11,23,11,23,11,23,11,23,11,23,11,23,11,23,11,23,11,23,11,23,11,23,11,23,11,23,11,23,11,23,11,23,11,23,11,23,11,23,35,0,1,1,1,2,1,3,1,4,1,5,1,6,1,7,1,8,1,9,1,10,1,11,1,12,1,13,1,14,1,15,1,16,1,17,1,18,1,19,1,20,1,21,1,22,1,23,1,24,1,25,1,26,1,27,1,28,1,29,1,30,1,31,1,32,1,33,1,34,1,0.01
marks,65,36,2,37,0.01,1.1000000000000001,0.5,0,11,23,11,23,11,23,11,23,11,23,11,23,11,23,11,23,11,23,11,23,11,23,11,23,11,23,11,23,11,23,11,23,11,23,11,23,11,23,11,23,11,23,11,23,11,23,11,23,11,23,11,23,11,23,11,23,11,23,11,23,11,23,11,23,11,23,11,23,11,23,11,23,455,491,5,1035,4,1034,4,1033,5,1032,5,1031,5,1030,5,1029,5,1028,5,1027,5,1026,5,1025,5,1024,5,1023,5,1022,5,1021,5,1020,5,1019,5,1018,5,1017,5,1016,5,1015,5,1014,5,1013,5,1012,5,1011,5,1010,5,1009,5,1008,5,1007,5,1006,5,1005,5,1004,5,1003,5,1002,5,1001,5,1000
interval,66,37,1,29,198,58.149999999999999,199.94444444444446,58.531945301783267,201.88888888888889,58.995809327846366,203.83333333333334,59.538634259259261,205.77777777777777,60.157462277091902,207.72222222222223,60.849335562414268,209.66666666666666,59.741296296296298,211.61111111111111,60.570386659807951,213.55555555555554,61.463648834019203,215.5,62.418125000000003,217.44444444444446,63.430857338820303,219.38888888888889,62.628888031550069,221.33333333333334,63.749259259259269,223.27777777777777,64.919013203017826,225.22222222222223,66.135192043895742,227.16666666666666,67.394837962962967,229.11111111111111,68.694993141289444,231.05555555555554,68.162699759945127,233,69.534999999999997,234.94444444444446,70.938936042524006,236.88888888888889,72.371550068587112,238.83333333333334,73.829884259259273,240.77777777777777,73.440980795610429,242.72222222222223,74.941881858710559,244.66666666666666,76.459629629629632,246.61111111111111,77.99126628943759,248.55555555555554,79.533834019204406,250.5,81.084374999999994,252.44444444444446,80.769931412894366,254.38888888888889,82.327545438957472,256.33333333333331,83.884259259259267,258.27777777777777,85.437115054869693,260.22222222222223,86.983155006858709,262.16666666666663,86.649421296296296,264.11111111111109,88.172956104252393,266.05555555555554,89.68080161179698,268,91.170000000000002,199.94444444444446,58.531945301783267,220.27913554019722,60.877203506192593,237.16936752364887,72.237763260910043,254.38888888888889,82.327545438957472,7.8750812719591599
schedule,66,37,0,35,0.014999999999999999,1.55,0.75,1,198,58.149999999999999,199.94444444444446,58.531945301783267,201.88888888888889,58.995809327846366,203.83333333333334,59.538634259259261,205.77777777777777,60.157462277091902,207.72222222222223,60.849335562414268,209.66666666666666,59.741296296296298,211.61111111111111,60.570386659807951,213.55555555555554,61.463648834019203,215.5,62.418125000000003,217.44444444444446,63.430857338820303,219.38888888888889,62.628888031550069,221.33333333333334,63.749259259259269,223.27777777777777,64.919013203017826,225.22222222222223,66.135192043895742,227.16666666666666,67.394837962962967,229.11111111111111,68.694993141289444,231.05555555555554,68.162699759945127,233,69.534999999999997,234.94444444444446,70.938936042524006,236.88888888888889,72.371550068587112,238.83333333333334,73.829884259259273,240.77777777777777,73.440980795610429,242.72222222222223,74.941881858710559,244.66666666666666,76.459629629629632,246.61111111111111,77.99126628943759,248.55555555555554,79.533834019204406,250.5,81.084374999999994,252.44444444444446,80.769931412894366,254.38888888888889,82.327545438957472,256.33333333333331,83.884259259259267,258.27777777777777,85.437115054869693,260.22222222222223,86.983155006858709,262.16666666666663,86.649421296296296,264.11111111111109,88.172956104252393,266.05555555555554,89.68080161179698,268,91.170000000000002,22,0,2,2,2,4,1,5,1,6,2,8,2,10,1,11,2,13,2,15,1,16,1,17,2,19,2,21,1,22,2,24,2,26,1,27,1,28,2,30,2,32,1,33,2,7.2735290526243102
marks,66,37,0,35,0.014999999999999999,1.55,0.75,1,198,58.149999999999999,199.94444444444446,58.531945301783267,201.88888888888889,58.995809327846366,203.83333333333334,59.538634259259261,205.77777777777777,60.157462277091902,207.72222222222223,60.849335562414268,209.66666666666666,59.741296296296298,211.61111111111111,60.570386659807951,213.55555555555554,61.463648834019203,215.5,62.418125000000003,217.44444444444446,63.430857338820303,219.38888888888889,62.628888031550069,221.33333333333334,63.749259259259269,223.27777777777777,64.919013203017826,225.22222222222223,66.135192043895742,227.16666666666666,67.394837962962967,229.11111111111111,68.694993141289444,231.05555555555554,68.162699759945127,233,69.534999999999997,234.94444444444446,70.938936042524006,236.88888888888889,72.371550068587112,238.83333333333334,73.829884259259273,240.77777777777777,73.440980795610429,242.72222222222223,74.941881858710559,244.66666666666666,76.459629629629632,246.61111111111111,77.99126628943759,248.55555555555554,79.533834019204406,250.5,81.084374999999994,252.44444444444446,80.769931412894366,254.38888888888889,82.327545438957472,256.33333333333331,83.884259259259267,258.27777777777777,85.437115054869693,260.22222222222223,86.983155006858709,262.16666666666663,86.649421296296296,264.11111111111109,88.172956104252393,266.05555555555554,89.68080161179698,268,91.170000000000002,462,485,4,1000,1,462,5,1002,1,463,5,1004,5,1005,5,1006,1,466,5,1008,1,467,5,1010,5,1011,1,469,5,1013,1,470,5,1015,5,1016,5,1017,1,473,5,1019,1,474,5,1021,5,1022,1,476,5,1024,1,477,5,1026,5,1027,5,1028,1,480,5,1030,1,481,5,1032,5,1033,1,483,4,1035,6,1036
interval,67,38,2,30,271,91.659999999999997,269.10810810810813,89.862119519080821,267.2162162162162,88.046510571930568,265.32432432432432,89.955897577636065,263.43243243243245,88.113004955283998,261.54054054054052,86.260557123961078,259.64864864864865,84.401278502754025,257.75675675675677,82.537893510749612,255.86486486486487,84.413126567034524,253.97297297297297,82.549702090695504,252.08108108108109,80.690344500819307,250.18918918918919,78.837778216492609,248.29729729729729,76.994727656802169,246.40540540540542,75.163917240834692,244.51351351351352,77.088071387676933,242.62162162162161,75.289914516415621,240.72972972972974,73.512171046137439,238.83783783783784,71.757565395929163,236.94594594594594,70.028821984877496,235.05405405405406,72.068665232069179,233.16216216216216,70.399819556590913,231.27027027027026,68.765009377529466,229.37837837837839,67.166959113971529,227.48648648648648,65.608393185003848,225.59459459459458,64.092036009713141,223.70270270270271,66.360612007186162,221.81081081081081,64.936845596509599,219.91891891891891,63.563461196770177,218.02702702702703,62.243183227054665,216.13513513513513,60.978736106449766,214.24324324324326,63.512844254042214,212.35135135135135,62.368232088918724,210.45945945945945,61.287624030166036,208.56756756756758,60.273744496870869,206.67567567567568,59.329317908119947,204.78378378378378,58.457068683000017,202.8918918918919,61.399721240597792,201,60.68,267.2162162162162,88.046510571930568,250.15165153887796,83.189525551979088,232.51708993659651,62.993653379954218,214.24324324324326,63.512844254042214,45.07591238483424
schedule,67,38,1,36,0.02,2,0.5,2,271,91.659999999999997,269.10810810810813,89.862119519080821,267.2162162162162,88.046510571930568,265.32432432432432,89.955897577636065,263.43243243243245,88.113004955283998,261.54054054054052,86.260557123961078,259.64864864864865,84.401278502754025,257.75675675675677,82.537893510749612,255.86486486486487,84.413126567034524,253.97297297297297,82.549702090695504,252.08108108108109,80.690344500819307,250.18918918918919,78.837778216492609,248.29729729729729,76.994727656802169,246.40540540540542,75.163917240834692,244.51351351351352,77.088071387676933,242.62162162162161,75.289914516415621,240.72972972972974,73.512171046137439,238.83783783783784,71.757565395929163,236.94594594594594,70.028821984877496,235.05405405405406,72.068665232069179,233.16216216216216,70.399819556590913,231.27027027027026,68.765009377529466,229.37837837837839,67.166959113971529,227.48648648648648,65.608393185003848,225.59459459459458,64.092036009713141,223.70270270270271,66.360612007186162,221.81081081081081,64.936845596509599,219.91891891891891,63.563461196770177,218.02702702702703,62.243183227054665,216.13513513513513,60.978736106449766,214.24324324324326,63.512844254042214,212.35135135135135,62.368232088918724,210.45945945945945,61.287624030166036,208.56756756756758,60.273744496870869,206.67567567567568,59.329317908119947,204.78378378378378,58.457068683000017,202.8918918918919,61.399721240597792,201,60.68,17,0,1,1,1,2,4,6,1,7,4,11,1,12,1,13,4,17,1,18,4,22,1,23,1,24,4,28,1,29,4,33,1,34,1,2
marks,67,38,1,36,0.02,2,0.5,2,271,91.659999999999997,269.10810810810813,89.862119519080821,267.2162162162162,88.046510571930568,265.32432432432432,89.955897577636065,263.43243243243245,88.113004955283998,261.54054054054052,86.260557123961078,259.64864864864865,84.401278502754025,257.75675675675677,82.537893510749612,255.86486486486487,84.413126567034524,253.97297297297297,82.549702090695504,252.08108108108109,80.690344500819307,250.18918918918919,78.837778216492609,248.29729729729729,76.994727656802169,246.40540540540542,75.163917240834692,244.51351351351352,77.088071387676933,242.62162162162161,75.289914516415621,240.72972972972974,73.512171046137439,238.83783783783784,71.757565395929163,236.94594594594594,70.028821984877496,235.05405405405406,72.068665232069179,233.16216216216216,70.399819556590913,231.27027027027026,68.765009377529466,229.37837837837839,67.166959113971529,227.48648648648648,65.608393185003848,225.59459459459458,64.092036009713141,223.70270270270271,66.360612007186162,221.81081081081081,64.936845596509599,219.91891891891891,63.563461196770177,218.02702702702703,62.243183227054665,216.13513513513513,60.978736106449766,214.24324324324326,63.512844254042214,212.35135135135135,62.368232088918724,210.45945945945945,61.287624030166036,208.56756756756758,60.273744496870869,206.67567567567568,59.329317908119947,204.78378378378378,58.457068683000017,202.8918918918919,61.399721240597792,201,60.68,469,487,7,1037,4,1036,5,1035,5,1034,1,471,1,471,1,471,5,1030,5,1029,1,473,1,473,1,473,5,1025,5,1024,5,1023,1,476,1,476,1,476,5,1019,5,1018,1,478,1,478,1,478,5,1014,5,1013,5,1012,1,481,1,481,1,481,5,1008,5,1007,1,483,1,483,1,483,5,1003,5,1002,4,1001,6,1000
interval,68,39,3,31,63,33.979999999999997,62.686309978262614,37.798108034772476,61.753796559114598,41.539890976479619,60.227896277749252,45.131105681630252,58.150231716117048,42.891616115724354,55.577476147392048,45.977306481443236,52.579807636815822,48.721830130462983,49.238994767018298,51.078146553135973,45.646166204238384,53.009804520968615,41.899324945863647,54.491936381113383,38.10067505413636,49.901936381113387,34.353833795761616,50.459804520968611,30.761005232981709,50.568146553135975,27.420192363184185,50.251830130462992,24.422523852607959,49.547306481443236,21.849768283882948,42.891616115724361,19.772103722250755,41.561105681630252,18.246203440885402,40.009890976479625,17.313690021737386,38.308108034772474,17,36.530000000000001,17.313690021737386,34.751891965227522,18.246203440885406,27.440109023520375,19.772103722250751,25.888894318369751,21.849768283882945,24.558383884275649,24.422523852607945,23.51269351855677,27.420192363184182,22.808169869537014,30.761005232981695,16.881853446864024,34.353833795761616,16.990195479031382,38.100675054136346,17.548063618886612,41.899324945863647,18.568063618886615,45.646166204238369,20.050195479031384,49.238994767018298,21.981853446864026,52.579807636815815,18.728169869537012,55.577476147392048,21.472693518556763,58.150231716117048,24.558383884275642,60.227896277749238,27.928894318369739,61.753796559114591,31.520109023520376,62.686309978262614,29.651891965227524,63,33.469999999999992,60.227896277749252,45.131105681630252,28.59262519122559,79.84568912014133,-5.3555341692767273,3.7314349069021437,49.238994767018298,21.981853446864026,348.22253451666523
schedule,68,39,2,41,0.0050000000000000001,2.4500000000000002,0.5,3,63,33.979999999999997,62.686309978262614,37.798108034772476,61.753796559114598,41.539890976479619,60.227896277749252,45.131105681630252,58.150231716117048,42.891616115724354,55.577476147392048,45.977306481443236,52.579807636815822,48.721830130462983,49.238994767018298,51.078146553135973,45.646166204238384,53.009804520968615,41.899324945863647,54.491936381113383,38.10067505413636,49.901936381113387,34.353833795761616,50.459804520968611,30.761005232981709,50.568146553135975,27.420192363184185,50.251830130462992,24.422523852607959,49.547306481443236,21.849768283882948,42.891616115724361,19.772103722250755,41.561105681630252,18.246203440885402,40.009890976479625,17.313690021737386,38.308108034772474,17,36.530000000000001,17.313690021737386,34.751891965227522,18.246203440885406,27.440109023520375,19.772103722250751,25.888894318369751,21.849768283882945,24.558383884275649,24.422523852607945,23.51269351855677,27.420192363184182,22.808169869537014,30.761005232981695,16.881853446864024,34.353833795761616,16.990195479031382,38.100675054136346,17.548063618886612,41.899324945863647,18.568063618886615,45.646166204238369,20.050195479031384,49.238994767018298,21.981853446864026,52.579807636815815,18.728169869537012,55.577476147392048,21.472693518556763,58.150231716117048,24.558383884275642,60.227896277749238,27.928894318369739,61.753796559114591,31.520109023520376,62.686309978262614,29.651891965227524,63,33.469999999999992,12,0,2,2,4,6,2,8,4,12,3,15,5,20,3,23,3,26,3,29,3,32,3,35,4,2.4500000000000002
marks,68,39,2,41,0.0050000000000000001,2.4500000000000002,0.5,3,63,33.979999999999997,62.686309978262614,37.798108034772476,61.753796559114598,41.539890976479619,60.227896277749252,45.131105681630252,58.150231716117048,42.891616115724354,55.577476147392048,45.977306481443236,52.579807636815822,48.721830130462983,49.238994767018298,51.078146553135973,45.646166204238384,53.009804520968615,41.899324945863647,54.491936381113383,38.10067505413636,49.901936381113387,34.353833795761616,50.459804520968611,30.761005232981709,50.568146553135975,27.420192363184185,50.251830130462992,24.422523852607959,49.547306481443236,21.849768283882948,42.891616115724361,19.772103722250755,41.561105681630252,18.246203440885402,40.009890976479625,17.313690021737386,38.308108034772474,17,36.530000000000001,17.313690021737386,34.751891965227522,18.246203440885406,27.440109023520375,19.772103722250751,25.888894318369751,21.849768283882945,24.558383884275649,24.422523852607945,23.51269351855677,27.420192363184182,22.808169869537014,30.761005232981695,16.881853446864024,34.353833795761616,16.990195479031382,38.100675054136346,17.548063618886612,41.899324945863647,18.568063618886615,45.646166204238369,20.050195479031384,49.238994767018298,21.981853446864026,52.579807636815815,18.728169869537012,55.577476147392048,21.472693518556763,58.150231716117048,24.558383884275642,60.227896277749238,27.928894318369739,61.753796559114591,31.520109023520376,62.686309978262614,29.651891965227524,63,33.469999999999992,476,489,1,487,1,487,4,1002,1,476,5,1004,1,477,1,477,1,477,5,1008,1,478,5,1010,1,479,1,479,1,479,5,1014,1,480,1,480,5,1017,1,481,1,481,1,481,1,481,5,1022,1,482,1,482,5,1025,1,483,1,483,5,1028,1,484,1,484,5,1031,1,485,1,485,5,1034,1,486,1,486,5,1037,1,487
interval,69,40,4,32,277,90.599999999999994,275.20512820512818,95.65990121209056,273.41025641025641,93.223719887388512,271.61538461538464,90.773782430587175,269.82051282051282,88.312415246379729,268.02564102564105,85.841944739459535,266.23076923076923,90.844697314519806,264.43589743589746,88.362999376253825,262.64102564102564,85.87917732935486,260.84615384615387,83.395557578516147,259.05128205128204,80.914466528431021,257.25641025641028,78.438230583792716,255.46153846153845,83.449176149294487,253.66666666666666,80.989629629629633,251.87179487179486,78.541917429491406,250.07692307692309,76.108365953573056,248.28205128205127,73.69130160656789,246.4871794871795,78.773050793169133,244.69230769230768,76.395939918070098,242.89743589743591,74.042295385964024,241.10256410256409,71.71444360154419,239.30769230769232,69.414710969503858,237.51282051282053,67.145423894536307,235.71794871794873,72.38890878133482,233.92307692307693,70.187492034592637,232.12820512820514,68.023500059003027,230.33333333333334,65.899259259259267,228.53846153846155,63.817096040054622,226.74358974358975,69.259336806082374,224.94871794871796,67.268307962035792,223.15384615384616,65.326335912608101,221.35897435897436,63.435747062492617,219.56410256410257,61.598867816382608,217.76923076923077,59.818024578971325,215.97435897435898,65.575543754952037,214.17948717948718,63.913751749018026,212.38461538461539,62.31497496586254,210.58974358974359,60.781539810178863,208.7948717948718,59.315772686660267,207,65.400000000000006,269.82051282051282,88.312415246379729,253.62629476382642,80.197241613482092,238.4797488758303,70.773053792739404,219.56410256410257,61.598867816382608,178.52745073735844
schedule,69,40,0,39,0.01,2.9000000000000004,0.75,4,277,90.599999999999994,275.20512820512818,95.65990121209056,273.41025641025641,93.223719887388512,271.61538461538464,90.773782430587175,269.82051282051282,88.312415246379729,268.02564102564105,85.841944739459535,266.23076923076923,90.844697314519806,264.43589743589746,88.362999376253825,262.64102564102564,85.87917732935486,260.84615384615387,83.395557578516147,259.05128205128204,80.914466528431021,257.25641025641028,78.438230583792716,255.46153846153845,83.449176149294487,253.66666666666666,80.989629629629633,251.87179487179486,78.541917429491406,250.07692307692309,76.108365953573056,248.28205128205127,73.69130160656789,246.4871794871795,78.773050793169133,244.69230769230768,76.395939918070098,242.89743589743591,74.042295385964024,241.10256410256409,71.71444360154419,239.30769230769232,69.414710969503858,237.51282051282053,67.145423894536307,235.71794871794873,72.38890878133482,233.92307692307693,70.187492034592637,232.12820512820514,68.023500059003027,230.33333333333334,65.899259259259267,228.53846153846155,63.817096040054622,226.74358974358975,69.259336806082374,224.94871794871796,67.268307962035792,223.15384615384616,65.326335912608101,221.35897435897436,63.435747062492617,219.56410256410257,61.598867816382608,217.76923076923077,59.818024578971325,215.97435897435898,65.575543754952037,214.17948717948718,63.913751749018026,212.38461538461539,62.31497496586254,210.58974358974359,60.781539810178863,208.7948717948718,59.315772686660267,207,65.400000000000006,7,0,5,5,6,11,5,16,6,22,5,27,6,33,6,2.9000000000000004
marks,69,40,0,39,0.01,2.9000000000000004,0.75,4,277,90.599999999999994,275.20512820512818,95.65990121209056,273.41025641025641,93.223719887388512,271.61538461538464,90.773782430587175,269.82051282051282,88.312415246379729,268.02564102564105,85.841944739459535,266.23076923076923,90.844697314519806,264.43589743589746,88.362999376253825,262.64102564102564,85.87917732935486,260.84615384615387,83.395557578516147,259.05128205128204,80.914466528431021,257.25641025641028,78.438230583792716,255.46153846153845,83.449176149294487,253.66666666666666,80.989629629629633,251.87179487179486,78.541917429491406,250.07692307692309,76.108365953573056,248.28205128205127,73.69130160656789,246.4871794871795,78.773050793169133,244.69230769230768,76.395939918070098,242.89743589743591,74.042295385964024,241.10256410256409,71.71444360154419,239.30769230769232,69.414710969503858,237.51282051282053,67.145423894536307,235.71794871794873,72.38890878133482,233.92307692307693,70.187492034592637,232.12820512820514,68.023500059003027,230.33333333333334,65.899259259259267,228.53846153846155,63.817096040054622,226.74358974358975,69.259336806082374,224.94871794871796,67.268307962035792,223.15384615384616,65.326335912608101,221.35897435897436,63.435747062492617,219.56410256410257,61.598867816382608,217.76923076923077,59.818024578971325,215.97435897435898,65.575543754952037,214.17948717948718,63.913751749018026,212.38461538461539,62.31497496586254,210.58974358974359,60.781539810178863,208.7948717948718,59.315772686660267,207,65.400000000000006,483,491,4,1039,1,483,1,483,1,483,1,483,5,1034,1,484,1,484,1,484,1,484,1,484,5,1028,1,485,1,485,1,485,1,485,5,1023,1,486,1,486,1,486,1,486,1,486,5,1017,1,487,1,487,1,487,1,487,5,1012,1,488,1,488,1,488,1,488,1,488,5,1006,1,489,1,489,1,489,1,489,1,489,4,1000
interval,70,41,0,28,210,63,211.75,63.034015624999995,213.5,63.134625,213.5,63.134625,217,63.526999999999994,218.75,63.814453125,218.75,63.814453125,222.25,64.561109375000001,224,65.016000000000005,224,65.016000000000005,227.5,66.078125,229.25,66.681046874999993,229.25,66.681046874999993,232.75,68.019828125000004,234.5,68.751374999999996,234.5,68.751374999999996,238,70.328000000000003,239.75,71.168765625000006,239.75,71.168765625000006,243.25,72.944421875000003,245,73.875,245,73.875,248.5,75.810874999999996,250.25,76.811859374999983,250.25,76.811859374999983,253.75,78.869140625,255.5,79.921124999999989,255.5,79.921124999999989,259,82.061000000000007,260.75,83.144578124999995,260.75,83.144578124999995,264.25,85.328234375000008,266,86.424000000000007,266,86.424000000000007,269.5,88.612624999999994,271.25,89.701171875,271.25,89.701171875,274.75,91.855953124999999,276.5,92.917874999999995,276.5,92.917874999999995,280,95,210,63,228.04453213294101,63.24659754684685,244.02977313073774,73.00847263582429,259,82.061000000000007,0.038915978318458153
schedule,70,41,1,40,0.014999999999999999,0.20000000000000001,0.5,5,210,63,211.75,63.034015624999995,213.5,63.134625,213.5,63.134625,217,63.526999999999994,218.75,63.814453125,218.75,63.814453125,222.25,64.561109375000001,224,65.016000000000005,224,65.016000000000005,227.5,66.078125,229.25,66.681046874999993,229.25,66.681046874999993,232.75,68.019828125000004,234.5,68.751374999999996,234.5,68.751374999999996,238,70.328000000000003,239.75,71.168765625000006,239.75,71.168765625000006,243.25,72.944421875000003,245,73.875,245,73.875,248.5,75.810874999999996,250.25,76.811859374999983,250.25,76.811859374999983,253.75,78.869140625,255.5,79.921124999999989,255.5,79.921124999999989,259,82.061000000000007,260.75,83.144578124999995,260.75,83.144578124999995,264.25,85.328234375000008,266,86.424000000000007,266,86.424000000000007,269.5,88.612624999999994,271.25,89.701171875,271.25,89.701171875,274.75,91.855953124999999,276.5,92.917874999999995,276.5,92.917874999999995,280,95,2,0,32,32,7,0.20000000000000001
marks,70,41,1,40,0.014999999999999999,0.20000000000000001,0.5,5,210,63,211.75,63.034015624999995,213.5,63.134625,213.5,63.134625,217,63.526999999999994,218.75,63.814453125,218.75,63.814453125,222.25,64.561109375000001,224,65.016000000000005,224,65.016000000000005,227.5,66.078125,229.25,66.681046874999993,229.25,66.681046874999993,232.75,68.019828125000004,234.5,68.751374999999996,234.5,68.751374999999996,238,70.328000000000003,239.75,71.168765625000006,239.75,71.168765625000006,243.25,72.944421875000003,245,73.875,245,73.875,248.5,75.810874999999996,250.25,76.811859374999983,250.25,76.811859374999983,253.75,78.869140625,255.5,79.921124999999989,255.5,79.921124999999989,259,82.061000000000007,260.75,83.144578124999995,260.75,83.144578124999995,264.25,85.328234375000008,266,86.424000000000007,266,86.424000000000007,269.5,88.612624999999994,271.25,89.701171875,271.25,89.701171875,274.75,91.855953124999999,276.5,92.917874999999995,276.5,92.917874999999995,280,95,490,493,6,1000,4,1001,1,490,1,490,1,490,1,490,1,490,1,490,1,490,1,490,1,490,1,490,1,490,1,490,1,490,1,490,1,490,1,490,1,490,1,490,1,490,1,490,1,490,1,490,1,490,1,490,1,490,1,490,1,490,1,490,1,490,1,490,1,490,5,1033,1,491,1,491,1,491,1,491,1,491,1,491,4,1040
interval,71,42,1,29,283,96.340000000000003,281.29268292682929,94.992005339446621,279.58536585365852,93.629356219439643,277.8780487804878,92.254054932458899,276.17073170731709,92.738103770984168,274.46341463414632,91.343505027495254,272.7560975609756,89.942260994471937,271.04878048780489,88.536373964394016,269.34146341463418,87.127846229741309,267.63414634146341,85.718680082993586,265.92682926829269,86.180877816630641,264.21951219512198,84.77644172313228,262.51219512195121,83.377374094978308,260.80487804878049,81.985677224648512,259.09756097560978,80.603353404622681,257.39024390243901,81.102404927380618,255.6829268292683,79.744834085402132,253.97560975609755,78.402643171166986,252.26829268292684,77.077834477154994,250.5609756097561,75.772410295845972,248.85365853658536,74.48837291971968,247.14634146341464,75.097724641255937,245.4390243902439,73.862467752934521,243.73170731707316,72.654604547235238,242.02439024390245,71.476137316637875,240.3170731707317,70.329068353622247,238.60975609756099,71.085399950668148,236.90243902439025,70.007134400255367,235.19512195121951,68.966273994863684,233.48780487804879,67.964821026972913,231.78048780487805,67.004777789062828,230.07317073170731,66.088146573613272,228.36585365853659,67.086929673103995,226.65853658536585,66.263129380014803,224.95121951219511,65.488747986825501,223.2439024390244,64.765787786015864,221.53658536585365,64.096251070065719,219.82926829268294,65.35214013145486,218.1219512195122,64.795457262663064,216.41463414634146,64.298204756170108,214.70731707317074,63.862384904455823,213,63.490000000000002,281.29268292682929,94.992005339446621,265.52386461679748,85.535256651357813,250.46881044390469,74.912400028712383,233.48780487804879,67.964821026972913,6.9915597656319575
schedule,71,42,2,41,0.02,0.65000000000000002,0.5,6,283,96.340000000000003,281.29268292682929,94.992005339446621,279.58536585365852,93.629356219439643,277.8780487804878,92.254054932458899,276.17073170731709,92.738103770984168,274.46341463414632,91.343505027495254,272.7560975609756,89.942260994471937,271.04878048780489,88.536373964394016,269.34146341463418,87.127846229741309,267.63414634146341,85.718680082993586,265.92682926829269,86.180877816630641,264.21951219512198,84.77644172313228,262.51219512195121,83.377374094978308,260.80487804878049,81.985677224648512,259.09756097560978,80.603353404622681,257.39024390243901,81.102404927380618,255.6829268292683,79.744834085402132,253.97560975609755,78.402643171166986,252.26829268292684,77.077834477154994,250.5609756097561,75.772410295845972,248.85365853658536,74.48837291971968,247.14634146341464,75.097724641255937,245.4390243902439,73.862467752934521,243.73170731707316,72.654604547235238,242.02439024390245,71.476137316637875,240.3170731707317,70.329068353622247,238.60975609756099,71.085399950668148,236.90243902439025,70.007134400255367,235.19512195121951,68.966273994863684,233.48780487804879,67.964821026972913,231.78048780487805,67.004777789062828,230.07317073170731,66.088146573613272,228.36585365853659,67.086929673103995,226.65853658536585,66.263129380014803,224.95121951219511,65.488747986825501,223.2439024390244,64.765787786015864,221.53658536585365,64.096251070065719,219.82926829268294,65.35214013145486,218.1219512195122,64.795457262663064,216.41463414634146,64.298204756170108,214.70731707317074,63.862384904455823,213,63.490000000000002,7,0,7,7,6,13,5,18,6,24,5,29,6,35,4,0.65000000000000002
marks,71,42,2,41,0.02,0.65000000000000002,0.5,6,283,96.340000000000003,281.29268292682929,94.992005339446621,279.58536585365852,93.629356219439643,277.8780487804878,92.254054932458899,276.17073170731709,92.738103770984168,274.46341463414632,91.343505027495254,272.7560975609756,89.942260994471937,271.04878048780489,88.536373964394016,269.34146341463418,87.127846229741309,267.63414634146341,85.718680082993586,265.92682926829269,86.180877816630641,264.21951219512198,84.77644172313228,262.51219512195121,83.377374094978308,260.80487804878049,81.985677224648512,259.09756097560978,80.603353404622681,257.39024390243901,81.102404927380618,255.6829268292683,79.744834085402132,253.97560975609755,78.402643171166986,252.26829268292684,77.077834477154994,250.5609756097561,75.772410295845972,248.85365853658536,74.48837291971968,247.14634146341464,75.097724641255937,245.4390243902439,73.862467752934521,243.73170731707316,72.654604547235238,242.02439024390245,71.476137316637875,240.3170731707317,70.329068353622247,238.60975609756099,71.085399950668148,236.90243902439025,70.007134400255367,235.19512195121951,68.966273994863684,233.48780487804879,67.964821026972913,231.78048780487805,67.004777789062828,230.07317073170731,66.088146573613272,228.36585365853659,67.086929673103995,226.65853658536585,66.263129380014803,224.95121951219511,65.488747986825501,223.2439024390244,64.765787786015864,221.53658536585365,64.096251070065719,219.82926829268294,65.35214013145486,218.1219512195122,64.795457262663064,216.41463414634146,64.298204756170108,214.70731707317074,63.862384904455823,213,63.490000000000002,497,505,7,1041,6,1040,4,1039,1,497,1,497,1,497,1,497,1,497,1,497,5,1032,1,498,1,498,1,498,1,498,1,498,5,1026,1,499,1,499,1,499,1,499,5,1021,1,500,1,500,1,500,1,500,1,500,5,1015,1,501,1,501,1,501,1,501,5,1010,1,502,1,502,1,502,1,502,1,502,5,1004,1,503,1,503,1,503,4,1000
interval,72,43,2,30,63,36.359999999999999,62.743109003177956,35.833718524994964,61.978174533081237,38.990837964985367,60.722283961755636,42.036023564998487,59.003491809267885,44.916440987081579,56.860193052086004,47.582936542105635,54.340265442750869,49.99113520195651,51.5,48.362431864335456,48.402843560427087,50.144853726951474,45.117981480995233,51.573774507091002,41.718792152487758,52.632464552080059,38.281207847512242,53.312464552080058,34.882018519004774,49.873774507090999,31.597156439572913,49.804853726951471,28.500000000000007,49.382431864335459,25.659734557249131,48.631135201956511,23.139806947914,47.582936542105635,20.996508190732122,46.276440987081585,19.27771603824436,41.016023564998491,18.021825466918763,39.330837964985371,17.256890996822044,37.533718524994967,17,35.68,17.256890996822044,33.826281475005032,18.021825466918763,28.289162035014627,19.27771603824436,26.603976435001513,20.996508190732118,25.083559012918425,23.139806947913996,23.777063457894368,25.659734557249124,22.728864798043492,28.499999999999993,21.977568135664548,31.597156439572917,17.815146273048526,34.882018519004767,17.746225492908998,38.281207847512249,18.047535447919937,41.718792152487737,18.727535447919937,45.117981480995226,19.786225492908997,48.402843560427073,17.475146273048527,51.5,19.257568135664545,54.340265442750869,21.368864798043493,56.860193052085997,23.777063457894361,59.003491809267885,26.443559012918424,60.722283961755636,29.323976435001509,61.97817453308123,28.62916203501462,62.743109003177949,31.786281475005019,63,34.999999999999993,61.978174533081237,38.990837964985367,48.826607658039443,75.084397975213832,-10.673228947249168,30.304091595562738,34.882018519004767,17.746225492908998,116.76951573745748
schedule,72,43,0,43,0.0050000000000000001,1.1000000000000001,0.75,7,63,36.359999999999999,62.743109003177956,35.833718524994964,61.978174533081237,38.990837964985367,60.722283961755636,42.036023564998487,59.003491809267885,44.916440987081579,56.860193052086004,47.582936542105635,54.340265442750869,49.99113520195651,51.5,48.362431864335456,48.402843560427087,50.144853726951474,45.117981480995233,51.573774507091002,41.718792152487758,52.632464552080059,38.281207847512242,53.312464552080058,34.882018519004774,49.873774507090999,31.597156439572913,49.804853726951471,28.500000000000007,49.382431864335459,25.659734557249131,48.631135201956511,23.139806947914,47.582936542105635,20.996508190732122,46.276440987081585,19.27771603824436,41.016023564998491,18.021825466918763,39.330837964985371,17.256890996822044,37.533718524994967,17,35.68,17.256890996822044,33.826281475005032,18.021825466918763,28.289162035014627,19.27771603824436,26.603976435001513,20.996508190732118,25.083559012918425,23.139806947913996,23.777063457894368,25.659734557249124,22.728864798043492,28.499999999999993,21.977568135664548,31.597156439572917,17.815146273048526,34.882018519004767,17.746225492908998,38.281207847512249,18.047535447919937,41.718792152487737,18.727535447919937,45.117981480995226,19.786225492908997,48.402843560427073,17.475146273048527,51.5,19.257568135664545,54.340265442750869,21.368864798043493,56.860193052085997,23.777063457894361,59.003491809267885,26.443559012918424,60.722283961755636,29.323976435001509,61.97817453308123,28.62916203501462,62.743109003177949,31.786281475005019,63,34.999999999999993,8,0,6,6,5,11,7,18,5,23,5,28,6,34,6,40,3,1.1000000000000001
marks,72,43,0,43,0.0050000000000000001,1.1000000000000001,0.75,7,63,36.359999999999999,62.743109003177956,35.833718524994964,61.978174533081237,38.990837964985367,60.722283961755636,42.036023564998487,59.003491809267885,44.916440987081579,56.860193052086004,47.582936542105635,54.340265442750869,49.99113520195651,51.5,48.362431864335456,48.402843560427087,50.144853726951474,45.117981480995233,51.573774507091002,41.718792152487758,52.632464552080059,38.281207847512242,53.312464552080058,34.882018519004774,49.873774507090999,31.597156439572913,49.804853726951471,28.500000000000007,49.382431864335459,25.659734557249131,48.631135201956511,23.139806947914,47.582936542105635,20.996508190732122,46.276440987081585,19.27771603824436,41.016023564998491,18.021825466918763,39.330837964985371,17.256890996822044,37.533718524994967,17,35.68,17.256890996822044,33.826281475005032,18.021825466918763,28.289162035014627,19.27771603824436,26.603976435001513,20.996508190732118,25.083559012918425,23.139806947913996,23.777063457894368,25.659734557249124,22.728864798043492,28.499999999999993,21.977568135664548,31.597156439572917,17.815146273048526,34.882018519004767,17.746225492908998,38.281207847512249,18.047535447919937,41.718792152487737,18.727535447919937,45.117981480995226,19.786225492908997,48.402843560427073,17.475146273048527,51.5,19.257568135664545,54.340265442750869,21.368864798043493,56.860193052085997,23.777063457894361,59.003491809267885,26.443559012918424,60.722283961755636,29.323976435001509,61.97817453308123,28.62916203501462,62.743109003177949,31.786281475005019,63,34.999999999999993,504,513,4,1000,1,504,1,504,1,504,1,504,1,504,5,1006,1,505,1,505,1,505,1,505,5,1011,1,506,1,506,1,506,1,506,1,506,1,506,5,1018,1,507,1,507,1,507,1,507,5,1023,1,508,1,508,1,508,1,508,5,1028,1,509,1,509,1,509,1,509,1,509,5,1034,1,510,1,510,1,510,1,510,1,510,5,1040,1,511,1,511
interval,73,44,3,31,289,96.980000000000004,287.37209302325584,94.999229250254686,285.74418604651163,98.615050876023489,284.11627906976742,96.609200573534409,282.48837209302326,94.593414039015443,280.8604651162791,92.569426968694572,279.23255813953489,90.538975058799849,277.60465116279067,88.503794005559271,275.97674418604652,92.07561950520082,274.3488372093023,90.036187253952477,272.72093023255815,87.997232948042324,271.09302325581393,85.960492283698287,269.46511627906978,83.927700957148417,267.83720930232556,87.510594664620726,266.2093023255814,85.490909102343181,264.58139534883719,83.480379966543836,262.95348837209303,81.480742953450644,261.32558139534882,79.493733759291629,259.69767441860466,77.521088080294817,258.06976744186045,81.174541612688202,256.44186046511629,79.235830052699754,254.81395348837208,77.316689096557525,253.18604651162792,75.418854440489525,251.55813953488371,73.544061780723709,249.93023255813955,77.304046813488128,248.30232558139534,75.480545235010766,246.67441860465115,73.685292741519618,245.04651162790697,71.920025029242709,243.41860465116278,70.186477794408034,241.7906976744186,68.486386733243606,240.16279069767441,72.431487541977447,238.53488372093022,70.803515916837512,236.90697674418604,69.214207554051853,235.27906976744185,67.665298149848439,233.65116279069767,66.158523400455294,232.02325581395348,70.305619002100443,230.3953488372093,68.888320651011867,228.76744186046511,67.518364043417563,227.13953488372093,66.197484875545555,225.51162790697674,64.92741884362384,223.88372093023256,63.709901643880414,222.25581395348837,68.156668972543301,220.62790697674419,67.049456525840483,219,66,284.11627906976742,96.609200573534409,268.76685837710727,84.163417407018656,254.13000524182371,75.27298920757373,238.53488372093022,70.803515916837512,97.493630670359153
schedule,73,44,1,44,0.01,1.55,0.5,8,289,96.980000000000004,287.37209302325584,94.999229250254686,285.74418604651163,98.615050876023489,284.11627906976742,96.609200573534409,282.48837209302326,94.593414039015443,280.8604651162791,92.569426968694572,279.23255813953489,90.538975058799849,277.60465116279067,88.503794005559271,275.97674418604652,92.07561950520082,274.3488372093023,90.036187253952477,272.72093023255815,87.997232948042324,271.09302325581393,85.960492283698287,269.46511627906978,83.927700957148417,267.83720930232556,87.510594664620726,266.2093023255814,85.490909102343181,264.58139534883719,83.480379966543836,262.95348837209303,81.480742953450644,261.32558139534882,79.493733759291629,259.69767441860466,77.521088080294817,258.06976744186045,81.174541612688202,256.44186046511629,79.235830052699754,254.81395348837208,77.316689096557525,253.18604651162792,75.418854440489525,251.55813953488371,73.544061780723709,249.93023255813955,77.304046813488128,248.30232558139534,75.480545235010766,246.67441860465115,73.685292741519618,245.04651162790697,71.920025029242709,243.41860465116278,70.186477794408034,241.7906976744186,68.486386733243606,240.16279069767441,72.431487541977447,238.53488372093022,70.803515916837512,236.90697674418604,69.214207554051853,235.27906976744185,67.665298149848439,233.65116279069767,66.158523400455294,232.02325581395348,70.305619002100443,230.3953488372093,68.888320651011867,228.76744186046511,67.518364043417563,227.13953488372093,66.197484875545555,225.51162790697674,64.92741884362384,223.88372093023256,63.709901643880414,222.25581395348837,68.156668972543301,220.62790697674419,67.049456525840483,219,66,9,0,6,6,6,12,5,17,6,23,5,28,6,34,6,40,2,42,1,1.55
marks,73,44,1,44,0.01,1.55,0.5,8,289,96.980000000000004,287.37209302325584,94.999229250254686,285.74418604651163,98.615050876023489,284.11627906976742,96.609200573534409,282.48837209302326,94.593414039015443,280.8604651162791,92.569426968694572,279.23255813953489,90.538975058799849,277.60465116279067,88.503794005559271,275.97674418604652,92.07561950520082,274.3488372093023,90.036187253952477,272.72093023255815,87.997232948042324,271.09302325581393,85.960492283698287,269.46511627906978,83.927700957148417,267.83720930232556,87.510594664620726,266.2093023255814,85.490909102343181,264.58139534883719,83.480379966543836,262.95348837209303,81.480742953450644,261.32558139534882,79.493733759291629,259.69767441860466,77.521088080294817,258.06976744186045,81.174541612688202,256.44186046511629,79.235830052699754,254.81395348837208,77.316689096557525,253.18604651162792,75.418854440489525,251.55813953488371,73.544061780723709,249.93023255813955,77.304046813488128,248.30232558139534,75.480545235010766,246.67441860465115,73.685292741519618,245.04651162790697,71.920025029242709,243.41860465116278,70.186477794408034,241.7906976744186,68.486386733243606,240.16279069767441,72.431487541977447,238.53488372093022,70.803515916837512,236.90697674418604,69.214207554051853,235.27906976744185,67.665298149848439,233.65116279069767,66.158523400455294,232.02325581395348,70.305619002100443,230.3953488372093,68.888320651011867,228.76744186046511,67.518364043417563,227.13953488372093,66.197484875545555,225.51162790697674,64.92741884362384,223.88372093023256,63.709901643880414,222.25581395348837,68.156668972543301,220.62790697674419,67.049456525840483,219,66,511,521,4,1043,4,1042,1,511,1,511,1,511,1,511,1,511,5,1036,1,512,1,512,1,512,1,512,1,512,5,1030,1,513,1,513,1,513,1,513,5,1025,1,514,1,514,1,514,1,514,1,514,5,1019,1,515,1,515,1,515,1,515,5,1014,1,516,1,516,1,516,1,516,1,516,5,1008,1,517,1,517,1,517,1,517,1,517,5,1002,1,518,5,1000
interval,74,8,4,6,222,64.280000000000001,232,66.695393586005835,242,70.953352769679299,252,76.651545189504375,262,83.387638483965006,272,83.279300291545184,282,90.884198250728858,292,98.319999999999993,262,83.387638483965006,267,85.261778425655962,277,89.010058309037902,282,90.884198250728858,13.061059127012792
schedule,74,8,2,8,0.014999999999999999,2,0.5,9,222,64.280000000000001,232,66.695393586005835,242,70.953352769679299,252,76.651545189504375,262,83.387638483965006,272,83.279300291545184,282,90.884198250728858,292,98.319999999999993,3,0,3,3,2,5,1,2
marks,74,8,2,8,0.014999999999999999,2,0.5,9,222,64.280000000000001,232,66.695393586005835,242,70.953352769679299,252,76.651545189504375,262,83.387638483965006,272,83.279300291545184,282,90.884198250728858,292,98.319999999999993,518,522,4,1000,7,1001,4,1002,1,518,1,518,5,1005,1,519,5,1007
interval,75,9,0,5,295,100,286.25,94.701171875,277.5,89.234375,268.75,83.869140625,260,78.875,251.25,74.521484375,242.5,71.078125,233.75,68.814453125,225,68,295,100,280.42315144493784,91.493721827161053,266.64871259761031,81.547304266746792,251.25,74.521484375,0.00017458665363606816
schedule,75,9,0,6,0.02,2.4500000000000002,0.75,10,295,100,286.25,94.701171875,277.5,89.234375,268.75,83.869140625,260,78.875,251.25,74.521484375,242.5,71.078125,233.75,68.814453125,225,68,1,0,6,2.4500000000000002
marks,75,9,0,6,0.02,2.4500000000000002,0.75,10,295,100,286.25,94.701171875,277.5,89.234375,268.75,83.869140625,260,78.875,251.25,74.521484375,242.5,71.078125,233.75,68.814453125,225,68,525,527,4,1008,1,525,1,525,1,525,1,525,1,525,4,1002,7,1001,6,1000
interval,76,10,1,11,63,34.829999999999998,57.619022191736491,46.097389364671173,43.993908086339403,52.251731801207534,28.500000000000007,50.572431864335464,18.38706972192411,40.134342436536372,18.387069721924107,28.845657563463632,28.499999999999993,20.277568135664549,43.993908086339388,18.598268198792461,57.619022191736491,24.752610635328828,63,34.149999999999991,57.619022191736491,46.097389364671173,-29.294426881780549,68.714708096312961,67.419027770178928,-21.821115289176213,57.619022191736491,46.097389364671173,422.1771768062797
schedule,76,10,1,11,0.0050000000000000001,2.9000000000000004,0.5,11,63,34.829999999999998,57.619022191736491,46.097389364671173,43.993908086339403,52.251731801207534,28.500000000000007,50.572431864335464,18.38706972192411,40.134342436536372,18.387069721924107,28.845657563463632,28.499999999999993,20.277568135664549,43.993908086339388,18.598268198792461,57.619022191736491,24.752610635328828,63,34.149999999999991,9,0,1,1,1,2,1,3,1,4,1,5,1,6,1,7,1,8,2,2.9000000000000004
marks,76,10,1,11,0.0050000000000000001,2.9000000000000004,0.5,11,63,34.829999999999998,57.619022191736491,46.097389364671173,43.993908086339403,52.251731801207534,28.500000000000007,50.572431864335464,18.38706972192411,40.134342436536372,18.387069721924107,28.845657563463632,28.499999999999993,20.277568135664549,43.993908086339388,18.598268198792461,57.619022191736491,24.752610635328828,63,34.149999999999991,532,542,1,540,4,1001,5,1002,5,1003,5,1004,5,1005,5,1006,5,1007,5,1008,5,1009
interval,77,11,2,7,301,103.36,287,93.424000000000007,287,93.424000000000007,280,88.381,266,82.575000000000003,266,82.575000000000003,259,78.347999999999999,245,71.676000000000002,245,71.676000000000002,238,69.507000000000005,231,68.299999999999997,287,93.424000000000007,274.24716558224077,84.080117247681031,258.37865823011737,80.170501611210852,245,71.676000000000002,0.93809348390185299
schedule,77,11,2,12,0.01,0.20000000000000001,0.5,12,301,103.36,287,93.424000000000007,287,93.424000000000007,280,88.381,266,82.575000000000003,266,82.575000000000003,259,78.347999999999999,245,71.676000000000002,245,71.676000000000002,238,69.507000000000005,231,68.299999999999997,8,0,1,1,2,3,1,4,2,6,1,7,1,8,1,9,1,0.20000000000000001
marks,77,11,2,12,0.01,0.20000000000000001,0.5,12,301,103.36,287,93.424000000000007,287,93.424000000000007,280,88.381,266,82.575000000000003,266,82.575000000000003,259,78.347999999999999,245,71.676000000000002,245,71.676000000000002,238,69.507000000000005,231,68.299999999999997,539,548,5,1010,4,1009,4,1008,5,1007,1,540,5,1005,5,1004,1,542,5,1002,5,1001,5,1000
interval,78,12,3,3,11,23,11,23,11,23,11,23,11,23,11,23,11,23,11,23,11,23,11,23,11,23,11,23,11,23,11,23,11,23,11,23,0
schedule,78,12,0,10,0.014999999999999999,0.65000000000000002,0.75,0,11,23,11,23,11,23,11,23,11,23,11,23,11,23,11,23,11,23,11,23,11,23,11,23,10,0,1,1,1,2,1,3,1,4,1,5,1,6,1,7,1,8,1,9,1,0.014999999999999999
marks,78,12,0,10,0.014999999999999999,0.65000000000000002,0.75,0,11,23,11,23,11,23,11,23,11,23,11,23,11,23,11,23,11,23,11,23,11,23,11,23,546,557,4,1000,5,1001,5,1002,5,1003,5,1004,5,1005,5,1006,5,1007,5,1008,5,1009,4,1010,9,1011
interval,79,13,4,13,307,104,301.16666666666663,99.139421296296291,295.33333333333331,94.164259259259268,289.5,96.634375000000006,283.66666666666669,91.66962962962964,277.83333333333331,86.829884259259273,272,82.194999999999993,266.16666666666669,77.844837962962956,260.33333333333331,73.859259259259261,254.5,77.798124999999999,248.66666666666666,74.78129629629629,242.83333333333334,72.368634259259252,237,70.640000000000001,283.66666666666669,91.66962962962964,258.32520836895401,59.617494798497567,163.89892584383966,69.660158916773554,307,104,29.096895683813226
schedule,79,13,1,11,0.02,1.1000000000000001,0.5,1,307,104,301.16666666666663,99.139421296296291,295.33333333333331,94.164259259259268,289.5,96.634375000000006,283.66666666666669,91.66962962962964,277.83333333333331,86.829884259259273,272,82.194999999999993,266.16666666666669,77.844837962962956,260.33333333333331,73.859259259259261,254.5,77.798124999999999,248.66666666666666,74.78129629629629,242.83333333333334,72.368634259259252,237,70.640000000000001,8,0,1,1,1,2,2,4,2,6,1,7,1,8,1,9,1,60.500000000000028
marks,79,13,1,11,0.02,1.1000000000000001,0.5,1,307,104,301.16666666666663,99.139421296296291,295.33333333333331,94.164259259259268,289.5,96.634375000000006,283.66666666666669,91.66962962962964,277.83333333333331,86.829884259259273,272,82.194999999999993,266.16666666666669,77.844837962962956,260.33333333333331,73.859259259259261,254.5,77.798124999999999,248.66666666666666,74.78129629629629,242.83333333333334,72.368634259259252,237,70.640000000000001,553,562,6,1012,4,1011,5,1010,5,1009,1,555,5,1007,1,556,5,1005,5,1004,5,1003,5,1002,4,1001,6,1000
interval,80,14,0,5,63,35,60.36548859002383,42.900293924744062,53.065489174816584,48.99072572019216,42.772343645872432,51.876050859666918,31.84408759802168,50.895276125652053,22.784252792064674,46.273085190093518,17.668338199200804,39.068366292888484,17.6683381992008,30.931633707111523,22.784252792064677,23.726914809906482,31.844087598021673,19.10472387434795,42.772343645872432,18.123949140333082,53.065489174816577,21.00927427980784,60.36548859002383,27.099706075255938,63,34.999999999999993,63,35,60.870084530397854,53.249013572353689,34.923339384183151,56.56761671528551,22.784252792064674,46.273085190093518,0.15515571140360049
schedule,80,14,2,16,0.0050000000000000001,1.55,0.5,2,63,35,60.36548859002383,42.900293924744062,53.065489174816584,48.99072572019216,42.772343645872432,51.876050859666918,31.84408759802168,50.895276125652053,22.784252792064674,46.273085190093518,17.668338199200804,39.068366292888484,17.6683381992008,30.931633707111523,22.784252792064677,23.726914809906482,31.844087598021673,19.10472387434795,42.772343645872432,18.123949140333082,53.065489174816577,21.00927427980784,60.36548859002383,27.099706075255938,63,34.999999999999993,13,0,1,1,1,2,1,3,1,4,1,5,1,6,1,7,1,8,1,9,1,10,2,12,1,13,1,1.55
marks,80,14,2,16,0.0050000000000000001,1.55,0.5,2,63,35,60.36548859002383,42.900293924744062,53.065489174816584,48.99072572019216,42.772343645872432,51.876050859666918,31.84408759802168,50.895276125652053,22.784252792064674,46.273085190093518,17.668338199200804,39.068366292888484,17.6683381992008,30.931633707111523,22.784252792064677,23.726914809906482,31.844087598021673,19.10472387434795,42.772343645872432,18.123949140333082,53.065489174816577,21.00927427980784,60.36548859002383,27.099706075255938,63,34.999999999999993,560,574,5,1000,5,1001,4,1002,5,1003,5,1004,5,1005,5,1006,5,1007,5,1008,5,1009,5,1010,5,1011,5,1012,1,570
interval,81,15,1,2,313,105.31999999999999,308,103.85838192419824,303,100.43419825072887,298,96.967740524781348,293,93.509300291545188,288,90.109169096209911,283,86.817638483965013,278,85.555000000000007,273,82.631545189504379,268,79.96756559766763,263,77.613352769679295,258,75.619198250728857,253,75.905393586005829,248,74.782230320699711,243,74.170000000000002,308,103.85838192419824,303,100.43419825072887,308,103.85838192419824,303,100.43419825072887,0
schedule,81,15,0,14,0.01,2,0.75,3,313,105.31999999999999,308,103.85838192419824,303,100.43419825072887,298,96.967740524781348,293,93.509300291545188,288,90.109169096209911,283,86.817638483965013,278,85.555000000000007,273,82.631545189504379,268,79.96756559766763,263,77.613352769679295,258,75.619198250728857,253,75.905393586005829,248,74.782230320699711,243,74.170000000000002,4,0,5,5,2,7,4,11,3,11.696070952851459
marks,81,15,0,14,0.01,2,0.75,3,313,105.31999999999999,308,103.85838192419824,303,100.43419825072887,298,96.967740524781348,293,93.509300291545188,288,90.109169096209911,283,86.817638483965013,278,85.555000000000007,273,82.631545189504379,268,79.96756559766763,263,77.613352769679295,258,75.619198250728857,253,75.905393586005829,248,74.782230320699711,243,74.170000000000002,567,572,4,1014,1,567,1,567,1,567,1,567,5,1009,1,568,5,1007,1,569,1,569,1,569,5,1003,1,570,1,570,4,1000
interval,82,16,2,16,246,73.980000000000004,250.66666666666666,74.89762962962962,255.33333333333334,76.263259259259257,260,78.036000000000001,264.66666666666669,80.174962962962965,269.33333333333331,78.899259259259267,274,81.647999999999996,278.66666666666669,84.640296296296299,283.33333333333331,87.835259259259274,288,91.191999999999993,292.66666666666669,90.92962962962963,297.33333333333331,94.487259259259261,302,98.084000000000003,306.66666666666669,101.67896296296297,311.33333333333331,105.23125925925926,316,108.7,255.33333333333334,76.263259259259257,293.51454442878327,81.55006024413521,380.99108085740545,158.48105819055698,246,73.980000000000004,25.729556963378705
schedule,82,16,1,15,0.014999999999999999,2.4500000000000002,0.5,4,246,73.980000000000004,250.66666666666666,74.89762962962962,255.33333333333334,76.263259259259257,260,78.036000000000001,264.66666666666669,80.174962962962965,269.33333333333331,78.899259259259267,274,81.647999999999996,278.66666666666669,84.640296296296299,283.33333333333331,87.835259259259274,288,91.191999999999993,292.66666666666669,90.92962962962963,297.33333333333331,94.487259259259261,302,98.084000000000003,306.66666666666669,101.67896296296297,311.33333333333331,105.23125925925926,316,108.7,3,0,3,3,6,9,5,2.4500000000000002
marks,82,16,1,15,0.014999999999999999,2.4500000000000002,0.5,4,246,73.980000000000004,250.66666666666666,74.89762962962962,255.33333333333334,76.263259259259257,260,78.036000000000001,264.66666666666669,80.174962962962965,269.33333333333331,78.899259259259267,274,81.647999999999996,278.66666666666669,84.640296296296299,283.33333333333331,87.835259259259274,288,91.191999999999993,292.66666666666669,90.92962962962963,297.33333333333331,94.487259259259261,302,98.084000000000003,306.66666666666669,101.67896296296297,311.33333333333331,105.23125925925926,316,108.7,574,578,6,1000,4,1001,1,574,1,574,5,1004,1,575,1,575,1,575,1,575,1,575,5,1010,1,576,1,576,1,576,1,576,4,1015
interval,83,17,3,14,319,109.53,314.625,105.89842773437501,310.25,102.19117187499999,305.875,98.441923828124999,301.5,94.684375000000003,297.125,96.562216796875006,292.75,92.889140624999996,288.375,89.308837890625,284,85.855000000000004,279.625,82.561318359374994,275.25,85.071484374999997,270.875,82.199189453125001,266.5,79.588125000000005,262.125,77.271982421874995,257.75,75.284453124999999,253.375,73.659228515625003,249,78.040000000000006,305.875,98.441923828124999,290.05766290462572,90.492786255409015,275.76520648360906,83.006404541281697,257.75,75.284453124999999,23.201165513922994
schedule,83,17,2,16,0.02,2.9000000000000004,0.5,5,319,109.53,314.625,105.89842773437501,310.25,102.19117187499999,305.875,98.441923828124999,301.5,94.684375000000003,297.125,96.562216796875006,292.75,92.889140624999996,288.375,89.308837890625,284,85.855000000000004,279.625,82.561318359374994,275.25,85.071484374999997,270.875,82.199189453125001,266.5,79.588125000000005,262.125,77.271982421874995,257.75,75.284453124999999,253.375,73.659228515625003,249,78.040000000000006,3,0,2,2,6,8,6,2.9000000000000004
marks,83,17,2,16,0.02,2.9000000000000004,0.5,5,319,109.53,314.625,105.89842773437501,310.25,102.19117187499999,305.875,98.441923828124999,301.5,94.684375000000003,297.125,96.562216796875006,292.75,92.889140624999996,288.375,89.308837890625,284,85.855000000000004,279.625,82.561318359374994,275.25,85.071484374999997,270.875,82.199189453125001,266.5,79.588125000000005,262.125,77.271982421874995,257.75,75.284453124999999,253.375,73.659228515625003,249,78.040000000000006,581,585,6,1016,9,1015,4,1014,1,581,5,1012,1,582,1,582,1,582,1,582,1,582,5,1006,1,583,1,583,1,583,1,583,1,583,4,1000
interval,84,18,4,12,63,35,61.446861276300183,42.501108325181598,56.997205096075163,49.172825941991469,56.997205096075163,49.172825941991469,42.122172267655948,49.887480997015587,33.705751228342095,50.671035933937922,33.705751228342095,50.671035933937922,20.445005878218879,45.989346768915048,17.391618707270258,41.523741802881695,17.391618707270258,41.523741802881695,20.445005878218875,24.690653231084951,26.139403363277101,21.433707136235931,26.139403363277101,21.433707136235931,42.122172267655934,20.79251900298441,50.251982182860367,16.382224046963934,50.251982182860367,16.382224046963934,61.446861276300183,28.178891674818399,63,35.679999999999993,42.122172267655948,49.887480997015587,24.161925610622582,58.056484172681117,3.1052287115477122,32.418252768290749,26.139403363277101,21.433707136235931,6.059897166488156
schedule,84,18,0,18,0.0050000000000000001,0.20000000000000001,0.75,6,63,35,61.446861276300183,42.501108325181598,56.997205096075163,49.172825941991469,56.997205096075163,49.172825941991469,42.122172267655948,49.887480997015587,33.705751228342095,50.671035933937922,33.705751228342095,50.671035933937922,20.445005878218879,45.989346768915048,17.391618707270258,41.523741802881695,17.391618707270258,41.523741802881695,20.445005878218875,24.690653231084951,26.139403363277101,21.433707136235931,26.139403363277101,21.433707136235931,42.122172267655934,20.79251900298441,50.251982182860367,16.382224046963934,50.251982182860367,16.382224046963934,61.446861276300183,28.178891674818399,63,35.679999999999993,11,0,1,1,5,6,1,7,2,9,1,10,2,12,1,13,2,15,1,16,1,17,1,0.20000000000000001
marks,84,18,0,18,0.0050000000000000001,0.20000000000000001,0.75,6,63,35,61.446861276300183,42.501108325181598,56.997205096075163,49.172825941991469,56.997205096075163,49.172825941991469,42.122172267655948,49.887480997015587,33.705751228342095,50.671035933937922,33.705751228342095,50.671035933937922,20.445005878218879,45.989346768915048,17.391618707270258,41.523741802881695,17.391618707270258,41.523741802881695,20.445005878218875,24.690653231084951,26.139403363277101,21.433707136235931,26.139403363277101,21.433707136235931,42.122172267655934,20.79251900298441,50.251982182860367,16.382224046963934,50.251982182860367,16.382224046963934,61.446861276300183,28.178891674818399,63,35.679999999999993,588,600,4,1000,5,1001,1,589,1,589,1,589,1,589,5,1006,5,1007,1,591,5,1009,5,1010,1,593,5,1012,5,1013,1,595,5,1015,5,1016,5,1017
interval,85,19,0,5,325,110,321.11111111111109,107.6829561042524,317.22222222222223,105.3031550068587,313.33333333333331,102.88425925925927,309.44444444444446,100.44993141289437,305.55555555555554,98.023834019204401,301.66666666666669,95.629629629629633,297.77777777777777,93.290980795610423,293.88888888888891,91.031550068587109,290,88.875,286.11111111111109,86.84499314128945,282.22222222222223,84.96519204389574,278.33333333333331,83.259259259259267,274.44444444444446,81.750857338820296,270.55555555555554,80.46364883401921,266.66666666666669,79.421296296296291,262.77777777777777,78.647462277091904,258.88888888888891,78.165809327846361,255,78,325,110,318.42689966313338,106.14921901450285,312.01934793943008,102.03669577402734,305.55555555555554,98.023834019204401,2.9580562958030878e-005
schedule,85,19,1,19,0.01,0.65000000000000002,0.5,7,325,110,321.11111111111109,107.6829561042524,317.22222222222223,105.3031550068587,313.33333333333331,102.88425925925927,309.44444444444446,100.44993141289437,305.55555555555554,98.023834019204401,301.66666666666669,95.629629629629633,297.77777777777777,93.290980795610423,293.88888888888891,91.031550068587109,290,88.875,286.11111111111109,86.84499314128945,282.22222222222223,84.96519204389574,278.33333333333331,83.259259259259267,274.44444444444446,81.750857338820296,270.55555555555554,80.46364883401921,266.66666666666669,79.421296296296291,262.77777777777777,78.647462277091904,258.88888888888891,78.165809327846361,255,78,2,0,17,17,1,0.65000000000000002
marks,85,19,1,19,0.01,0.65000000000000002,0.5,7,325,110,321.11111111111109,107.6829561042524,317.22222222222223,105.3031550068587,313.33333333333331,102.88425925925927,309.44444444444446,100.44993141289437,305.55555555555554,98.023834019204401,301.66666666666669,95.629629629629633,297.77777777777777,93.290980795610423,293.88888888888891,91.031550068587109,290,88.875,286.11111111111109,86.84499314128945,282.22222222222223,84.96519204389574,278.33333333333331,83.259259259259267,274.44444444444446,81.750857338820296,270.55555555555554,80.46364883401921,266.66666666666669,79.421296296296291,262.77777777777777,78.647462277091904,258.88888888888891,78.165809327846361,255,78,595,598,4,1018,4,1017,1,595,1,595,1,595,1,595,1,595,1,595,1,595,1,595,1,595,1,595,1,595,1,595,1,595,1,595,1,595,1,595,5,1000
interval,86,20,1,3,258,79.510000000000005,261.68421052631578,79.999001312144614,265.36842105263156,78.902592214608532,269.05263157894734,79.940653156436795,272.73684210526318,81.22306458667444,276.42105263157896,82.729706954366534,280.10526315789474,84.440460708558106,283.78947368421052,84.465206298294206,287.4736842105263,86.523824172619896,291.15789473684208,88.726194780580258,294.84210526315792,91.052198571220288,298.5263157894737,93.48171599358507,302.21052631578948,95.994627496719644,305.89473684210526,96.700813529669048,309.57894736842104,99.320154541478345,313.26315789473682,101.96253098119259,316.9473684210526,104.60782329785683,320.63157894736844,107.23591194051612,324.31578947368422,107.95667735821549,328,110.48999999999999,261.68421052631578,79.999001312144614,263.52631578947364,79.984414273217652,267.21052631578948,79.955240195363757,269.05263157894734,79.940653156436795,1.1389195987113878
schedule,86,20,2,20,0.014999999999999999,1.1000000000000001,0.5,8,258,79.510000000000005,261.68421052631578,79.999001312144614,265.36842105263156,78.902592214608532,269.05263157894734,79.940653156436795,272.73684210526318,81.22306458667444,276.42105263157896,82.729706954366534,280.10526315789474,84.440460708558106,283.78947368421052,84.465206298294206,287.4736842105263,86.523824172619896,291.15789473684208,88.726194780580258,294.84210526315792,91.052198571220288,298.5263157894737,93.48171599358507,302.21052631578948,95.994627496719644,305.89473684210526,96.700813529669048,309.57894736842104,99.320154541478345,313.26315789473682,101.96253098119259,316.9473684210526,104.60782329785683,320.63157894736844,107.23591194051612,324.31578947368422,107.95667735821549,328,110.48999999999999,4,0,10,10,6,16,1,17,1,1.1000000000000001
marks,86,20,2,20,0.014999999999999999,1.1000000000000001,0.5,8,258,79.510000000000005,261.68421052631578,79.999001312144614,265.36842105263156,78.902592214608532,269.05263157894734,79.940653156436795,272.73684210526318,81.22306458667444,276.42105263157896,82.729706954366534,280.10526315789474,84.440460708558106,283.78947368421052,84.465206298294206,287.4736842105263,86.523824172619896,291.15789473684208,88.726194780580258,294.84210526315792,91.052198571220288,298.5263157894737,93.48171599358507,302.21052631578948,95.994627496719644,305.89473684210526,96.700813529669048,309.57894736842104,99.320154541478345,313.26315789473682,101.96253098119259,316.9473684210526,104.60782329785683,320.63157894736844,107.23591194051612,324.31578947368422,107.95667735821549,328,110.48999999999999,602,607,4,1000,7,1001,4,1002,1,602,1,602,1,602,1,602,1,602,1,602,1,602,1,602,1,602,5,1012,1,603,1,603,1,603,1,603,1,603,5,1018,5,1019
interval,87,21,2,23,331,110.3,327.5,111.27787499999999,324,108.46300000000002,320.5,105.61262499999999,317,102.744,313.5,99.874375000000001,310,100.76100000000001,306.5,97.941124999999985,303,95.171999999999997,299.5,92.470874999999992,296,89.855000000000004,292.5,87.341624999999993,289,88.688000000000002,285.5,86.431375000000003,282,84.329000000000008,278.5,82.398124999999993,275,80.656000000000006,271.5,82.859875000000002,268,81.546999999999997,264.5,80.474625000000003,261,79.659999999999997,324,108.46300000000002,277.56134025785713,72.072621424381708,217.65273347368026,72.61598149172832,324,108.46300000000002,893.56801710352363
schedule,87,21,0,18,0.02,1.55,0.75,9,331,110.3,327.5,111.27787499999999,324,108.46300000000002,320.5,105.61262499999999,317,102.744,313.5,99.874375000000001,310,100.76100000000001,306.5,97.941124999999985,303,95.171999999999997,299.5,92.470874999999992,296,89.855000000000004,292.5,87.341624999999993,289,88.688000000000002,285.5,86.431375000000003,282,84.329000000000008,278.5,82.398124999999993,275,80.656000000000006,271.5,82.859875000000002,268,81.546999999999997,264.5,80.474625000000003,261,79.659999999999997,4,0,6,6,5,11,6,17,1,1.55
marks,87,21,0,18,0.02,1.55,0.75,9,331,110.3,327.5,111.27787499999999,324,108.46300000000002,320.5,105.61262499999999,317,102.744,313.5,99.874375000000001,310,100.76100000000001,306.5,97.941124999999985,303,95.171999999999997,299.5,92.470874999999992,296,89.855000000000004,292.5,87.341624999999993,289,88.688000000000002,285.5,86.431375000000003,282,84.329000000000008,278.5,82.398124999999993,275,80.656000000000006,271.5,82.859875000000002,268,81.546999999999997,264.5,80.474625000000003,261,79.659999999999997,609,614,4,1020,1,609,1,609,1,609,1,609,1,609,5,1014,1,610,1,610,1,610,1,610,5,1009,1,611,1,611,1,611,1,611,1,611,5,1003,4,1002,7,1001,6,1000
interval,88,22,3,22,63,32.450000000000003,61.978174533081237,38.480837964985369,59.003491809267885,44.066440987081577,54.340265442750869,48.801135201956505,48.402843560427087,52.354853726951475,41.718792152487758,54.502464552080056,34.882018519004774,49.533774507091003,28.500000000000007,48.702431864335459,23.139806947914,46.562936542105632,19.27771603824436,43.396023564998494,17.256890996822044,39.573718524994966,17.256890996822044,29.916281475005032,19.27771603824436,26.093976435001512,23.139806947913996,22.927063457894366,28.499999999999993,20.78756813566455,34.882018519004767,19.956225492908999,41.718792152487737,20.597535447919938,48.402843560427073,17.135146273048527,54.340265442750869,20.688864798043493,59.003491809267885,25.423559012918425,61.97817453308123,31.009162035014619,63,37.039999999999992,54.340265442750869,48.801135201956505,-18.000461718232721,62.282276330052589,48.673137150880507,-11.524557684140532,63,32.450000000000003,650.27503313478576
schedule,88,22,1,23,0.0050000000000000001,2,0.5,10,63,32.450000000000003,61.978174533081237,38.480837964985369,59.003491809267885,44.066440987081577,54.340265442750869,48.801135201956505,48.402843560427087,52.354853726951475,41.718792152487758,54.502464552080056,34.882018519004774,49.533774507091003,28.500000000000007,48.702431864335459,23.139806947914,46.562936542105632,19.27771603824436,43.396023564998494,17.256890996822044,39.573718524994966,17.256890996822044,29.916281475005032,19.27771603824436,26.093976435001512,23.139806947913996,22.927063457894366,28.499999999999993,20.78756813566455,34.882018519004767,19.956225492908999,41.718792152487737,20.597535447919938,48.402843560427073,17.135146273048527,54.340265442750869,20.688864798043493,59.003491809267885,25.423559012918425,61.97817453308123,31.009162035014619,63,37.039999999999992,6,0,4,4,5,9,6,15,5,20,1,21,1,2
marks,88,22,1,23,0.0050000000000000001,2,0.5,10,63,32.450000000000003,61.978174533081237,38.480837964985369,59.003491809267885,44.066440987081577,54.340265442750869,48.801135201956505,48.402843560427087,52.354853726951475,41.718792152487758,54.502464552080056,34.882018519004774,49.533774507091003,28.500000000000007,48.702431864335459,23.139806947914,46.562936542105632,19.27771603824436,43.396023564998494,17.256890996822044,39.573718524994966,17.256890996822044,29.916281475005032,19.27771603824436,26.093976435001512,23.139806947913996,22.927063457894366,28.499999999999993,20.78756813566455,34.882018519004767,19.956225492908999,41.718792152487737,20.597535447919938,48.402843560427073,17.135146273048527,54.340265442750869,20.688864798043493,59.003491809267885,25.423559012918425,61.97817453308123,31.009162035014619,63,37.039999999999992,616,623,5,1000,4,1001,1,616,1,616,1,616,5,1005,1,617,1,617,1,617,1,617,5,1010,1,618,1,618,1,618,1,618,1,618,5,1016,1,619,1,619,1,619,1,619,5,1021
interval,89,23,4,21,337,115.36,333.81818181818181,112.10959804658152,330.63636363636363,108.81430503380916,327.45454545454544,105.4870811419985,324.27272727272725,109.62088655146506,321.09090909090907,106.26868144252443,317.90909090909093,102.92342599549212,314.72727272727275,99.598080390683691,311.54545454545456,96.305604808414728,308.36363636363637,93.058959429000737,305.18181818181819,97.351104432757325,302,94.234999999999999,298.81818181818181,91.203606311044325,295.63636363636363,88.269883546205861,292.45454545454544,85.446791885800152,289.27272727272725,90.227291510142749,286.09090909090907,87.664342599549215,282.90909090909093,85.250905334335101,279.72727272727275,82.99993989481591,276.54545454545456,80.924406461307271,273.36363636363637,79.037265214124716,270.18181818181819,84.831476333583765,267,83.359999999999999,324.27272727272725,109.62088655146506,307.29284286557777,92.229077431855615,287.95087790817087,82.047719338638274,270.18181818181819,84.831476333583765,110.37405496930627
schedule,89,23,2,24,0.01,2.4500000000000002,0.5,11,337,115.36,333.81818181818181,112.10959804658152,330.63636363636363,108.81430503380916,327.45454545454544,105.4870811419985,324.27272727272725,109.62088655146506,321.09090909090907,106.26868144252443,317.90909090909093,102.92342599549212,314.72727272727275,99.598080390683691,311.54545454545456,96.305604808414728,308.36363636363637,93.058959429000737,305.18181818181819,97.351104432757325,302,94.234999999999999,298.81818181818181,91.203606311044325,295.63636363636363,88.269883546205861,292.45454545454544,85.446791885800152,289.27272727272725,90.227291510142749,286.09090909090907,87.664342599549215,282.90909090909093,85.250905334335101,279.72727272727275,82.99993989481591,276.54545454545456,80.924406461307271,273.36363636363637,79.037265214124716,270.18181818181819,84.831476333583765,267,83.359999999999999,7,0,1,1,6,7,6,13,6,19,1,20,1,21,1,2.4500000000000002
marks,89,23,2,24,0.01,2.4500000000000002,0.5,11,337,115.36,333.81818181818181,112.10959804658152,330.63636363636363,108.81430503380916,327.45454545454544,105.4870811419985,324.27272727272725,109.62088655146506,321.09090909090907,106.26868144252443,317.90909090909093,102.92342599549212,314.72727272727275,99.598080390683691,311.54545454545456,96.305604808414728,308.36363636363637,93.058959429000737,305.18181818181819,97.351104432757325,302,94.234999999999999,298.81818181818181,91.203606311044325,295.63636363636363,88.269883546205861,292.45454545454544,85.446791885800152,289.27272727272725,90.227291510142749,286.09090909090907,87.664342599549215,282.90909090909093,85.250905334335101,279.72727272727275,82.99993989481591,276.54545454545456,80.924406461307271,273.36363636363637,79.037265214124716,270.18181818181819,84.831476333583765,267,83.359999999999999,623,631,5,1022,4,1021,4,1020,5,1019,1,624,1,624,1,624,1,624,1,624,5,1013,1,625,1,625,1,625,1,625,1,625,5,1007,1,626,1,626,1,626,1,626,1,626,5,1001,5,1000
interval,90,24,0,15,270,83,273.04347826086956,83.10207939508507,276.08695652173913,83.400756143667309,279.13043478260869,83.884688090737242,282.17391304347825,84.542533081285441,285.21739130434781,85.362948960302461,288.26086956521738,86.334593572778829,291.30434782608694,87.4461247637051,294.3478260869565,88.686200378071831,297.39130434782606,90.043478260869563,300.43478260869563,91.506616257088837,303.47826086956525,93.064272211720237,306.52173913043475,94.705103969754248,309.56521739130437,96.417769376181482,312.60869565217394,98.190926275992439,315.6521739130435,100.0132325141777,318.69565217391306,101.87334593572778,321.73913043478262,103.75992438563327,324.78260869565219,105.6616257088847,327.82608695652175,107.5671077504726,330.86956521739131,109.46502835538752,333.91304347826087,111.34404536862004,336.95652173913044,113.19281663516067,340,115,270,83,286.68564786176069,83.177340450237111,301.7092356920628,91.706230069932104,315.6521739130435,100.0132325141777,0.012887343919334588
schedule,90,24,0,22,0.014999999999999999,2.9000000000000004,0.75,12,270,83,273.04347826086956,83.10207939508507,276.08695652173913,83.400756143667309,279.13043478260869,83.884688090737242,282.17391304347825,84.542533081285441,285.21739130434781,85.362948960302461,288.26086956521738,86.334593572778829,291.30434782608694,87.4461247637051,294.3478260869565,88.686200378071831,297.39130434782606,90.043478260869563,300.43478260869563,91.506616257088837,303.47826086956525,93.064272211720237,306.52173913043475,94.705103969754248,309.56521739130437,96.417769376181482,312.60869565217394,98.190926275992439,315.6521739130435,100.0132325141777,318.69565217391306,101.87334593572778,321.73913043478262,103.75992438563327,324.78260869565219,105.6616257088847,327.82608695652175,107.5671077504726,330.86956521739131,109.46502835538752,333.91304347826087,111.34404536862004,336.95652173913044,113.19281663516067,340,115,1,0,22,2.9000000000000004
marks,90,24,0,22,0.014999999999999999,2.9000000000000004,0.75,12,270,83,273.04347826086956,83.10207939508507,276.08695652173913,83.400756143667309,279.13043478260869,83.884688090737242,282.17391304347825,84.542533081285441,285.21739130434781,85.362948960302461,288.26086956521738,86.334593572778829,291.30434782608694,87.4461247637051,294.3478260869565,88.686200378071831,297.39130434782606,90.043478260869563,300.43478260869563,91.506616257088837,303.47826086956525,93.064272211720237,306.52173913043475,94.705103969754248,309.56521739130437,96.417769376181482,312.60869565217394,98.190926275992439,315.6521739130435,100.0132325141777,318.69565217391306,101.87334593572778,321.73913043478262,103.75992438563327,324.78260869565219,105.6616257088847,327.82608695652175,107.5671077504726,330.86956521739131,109.46502835538752,333.91304347826087,111.34404536862004,336.95652173913044,113.19281663516067,340,115,630,632,4,1000,1,630,1,630,1,630,1,630,1,630,1,630,1,630,1,630,1,630,1,630,1,630,1,630,1,630,1,630,1,630,1,630,1,630,1,630,1,630,1,630,1,630,4,1022,9,1023
interval,91,25,1,14,11,23,11,23,11,23,11,23,11,23,11,23,11,23,11,23,11,23,11,23,11,23,11,23,11,23,11,23,11,23,11,23,11,23,11,23,11,23,11,23,11,23,11,23,11,23,11,23,11,23,11,23,0,0,0,0,11,23,0
schedule,91,25,1,23,0.02,0.20000000000000001,0.5,0,11,23,11,23,11,23,11,23,11,23,11,23,11,23,11,23,11,23,11,23,11,23,11,23,11,23,11,23,11,23,11,23,11,23,11,23,11,23,11,23,11,23,11,23,11,23,11,23,11,23,22,0,1,1,1,2,1,3,1,4,1,5,1,6,1,7,1,8,1,9,1,10,1,11,1,12,1,13,1,14,1,15,1,16,1,17,1,18,1,19,1,20,1,21,1,0.02
marks,91,25,1,23,0.02,0.20000000000000001,0.5,0,11,23,11,23,11,23,11,23,11,23,11,23,11,23,11,23,11,23,11,23,11,23,11,23,11,23,11,23,11,23,11,23,11,23,11,23,11,23,11,23,11,23,11,23,11,23,11,23,11,23,637,660,6,1024,4,1023,5,1022,5,1021,5,1020,5,1019,5,1018,5,1017,5,1016,5,1015,5,1014,5,1013,5,1012,5,1011,5,1010,5,1009,5,1008,5,1007,5,1006,5,1005,5,1004,5,1003,5,1002,4,1001,6,1000
interval,92,26,2,13,63,35.340000000000003,62.277412705958511,40.247728081802535,60.155053641008863,44.889812459729164,56.766278430692466,45.277300800787707,52.324016284516922,48.673574733534259,47.107390870623789,51.167960777017612,41.444181949174208,52.64645438328062,35.690229764528326,53.05888326238771,30.207076294003329,48.682059891922329,25.339248235780136,47.078725127188413,21.392609129376211,44.65234928897204,18.615140824570219,41.598117395639534,17.181361869767009,38.150664970593184,17.181361869767009,34.56933502940683,18.615140824570222,27.38188260436047,21.392609129376208,24.327650711027957,25.33924823578014,21.90127487281158,30.20707629400334,20.297940108077661,35.690229764528333,19.661116737612293,41.444181949174194,16.333545616719384,47.107390870623789,17.812039222982389,52.324016284516908,20.306425266465734,56.766278430692459,23.702699199212287,60.155053641008863,27.830187540270838,62.277412705958511,32.472271918197464,63,33.639999999999993,60.155053641008863,44.889812459729164,47.00750748175021,56.389263843157536,20.013886238260543,54.271889455526306,17.181361869767009,34.56933502940683,11.064092550869702
schedule,92,26,2,28,0.0050000000000000001,0.65000000000000002,0.5,1,63,35.340000000000003,62.277412705958511,40.247728081802535,60.155053641008863,44.889812459729164,56.766278430692466,45.277300800787707,52.324016284516922,48.673574733534259,47.107390870623789,51.167960777017612,41.444181949174208,52.64645438328062,35.690229764528326,53.05888326238771,30.207076294003329,48.682059891922329,25.339248235780136,47.078725127188413,21.392609129376211,44.65234928897204,18.615140824570219,41.598117395639534,17.181361869767009,38.150664970593184,17.181361869767009,34.56933502940683,18.615140824570222,27.38188260436047,21.392609129376208,24.327650711027957,25.33924823578014,21.90127487281158,30.20707629400334,20.297940108077661,35.690229764528333,19.661116737612293,41.444181949174194,16.333545616719384,47.107390870623789,17.812039222982389,52.324016284516908,20.306425266465734,56.766278430692459,23.702699199212287,60.155053641008863,27.830187540270838,62.277412705958511,32.472271918197464,63,33.639999999999993,26,0,1,1,1,2,1,3,1,4,1,5,1,6,1,7,1,8,1,9,1,10,1,11,1,12,1,13,1,14,1,15,1,16,1,17,1,18,1,19,1,20,1,21,1,22,1,23,1,24,1,25,1,84.499999999999986
marks,92,26,2,28,0.0050000000000000001,0.65000000000000002,0.5,1,63,35.340000000000003,62.277412705958511,40.247728081802535,60.155053641008863,44.889812459729164,56.766278430692466,45.277300800787707,52.324016284516922,48.673574733534259,47.107390870623789,51.167960777017612,41.444181949174208,52.64645438328062,35.690229764528326,53.05888326238771,30.207076294003329,48.682059891922329,25.339248235780136,47.078725127188413,21.392609129376211,44.65234928897204,18.615140824570219,41.598117395639534,17.181361869767009,38.150664970593184,17.181361869767009,34.56933502940683,18.615140824570222,27.38188260436047,21.392609129376208,24.327650711027957,25.33924823578014,21.90127487281158,30.20707629400334,20.297940108077661,35.690229764528333,19.661116737612293,41.444181949174194,16.333545616719384,47.107390870623789,17.812039222982389,52.324016284516908,20.306425266465734,56.766278430692459,23.702699199212287,60.155053641008863,27.830187540270838,62.277412705958511,32.472271918197464,63,33.639999999999993,644,671,5,1000,5,1001,4,1002,5,1003,5,1004,5,1005,5,1006,5,1007,5,1008,5,1009,5,1010,5,1011,5,1012,5,1013,5,1014,5,1015,5,1016,5,1017,5,1018,5,1019,5,1020,5,1021,5,1022,5,1023,5,1024,5,1025
interval,93,27,3,12,349,120.55,346.30769230769232,117.93367546654531,343.61538461538464,115.28378243058718,340.92307692307691,112.60817250796541,338.23076923076923,109.9146973145198,335.53846153846155,107.21120846609013,332.84615384615387,110.11555757851616,330.15384615384613,107.41559626763768,327.46153846153845,104.72917614929449,324.76923076923077,102.06414883932636,322.07692307692309,99.428365953573049,319.38461538461536,102.43967910787437,316.69230769230768,99.885939918070093,314,97.385000000000005,311.30769230769232,94.944710969503859,308.61538461538464,92.572924442421481,305.92307692307691,90.27749203459264,303.23076923076923,93.676265361857077,300.53846153846155,91.557096040054617,297.84615384615387,89.53783568502503,295.15384615384613,87.626335912608099,292.46153846153845,85.830448338643592,289.76923076923077,89.768024578971321,287.07692307692309,88.226916249431042,284.38461538461536,86.824974965862538,281.69230769230768,85.570052344105591,279,84.469999999999999,340.92307692307691,112.60817250796541,332.8644444914022,108.62814794709584,324.78435904318764,101.2528003631307,316.69230769230768,99.885939918070093,23.528352715104941
schedule,93,27,0,26,0.01,1.1000000000000001,0.75,2,349,120.55,346.30769230769232,117.93367546654531,343.61538461538464,115.28378243058718,340.92307692307691,112.60817250796541,338.23076923076923,109.9146973145198,335.53846153846155,107.21120846609013,332.84615384615387,110.11555757851616,330.15384615384613,107.41559626763768,327.46153846153845,104.72917614929449,324.76923076923077,102.06414883932636,322.07692307692309,99.428365953573049,319.38461538461536,102.43967910787437,316.69230769230768,99.885939918070093,314,97.385000000000005,311.30769230769232,94.944710969503859,308.61538461538464,92.572924442421481,305.92307692307691,90.27749203459264,303.23076923076923,93.676265361857077,300.53846153846155,91.557096040054617,297.84615384615387,89.53783568502503,295.15384615384613,87.626335912608099,292.46153846153845,85.830448338643592,289.76923076923077,89.768024578971321,287.07692307692309,88.226916249431042,284.38461538461536,86.824974965862538,281.69230769230768,85.570052344105591,279,84.469999999999999,11,0,4,4,1,5,1,6,4,10,1,11,4,15,1,16,1,17,4,21,1,22,4,5.2705618427690624
marks,93,27,0,26,0.01,1.1000000000000001,0.75,2,349,120.55,346.30769230769232,117.93367546654531,343.61538461538464,115.28378243058718,340.92307692307691,112.60817250796541,338.23076923076923,109.9146973145198,335.53846153846155,107.21120846609013,332.84615384615387,110.11555757851616,330.15384615384613,107.41559626763768,327.46153846153845,104.72917614929449,324.76923076923077,102.06414883932636,322.07692307692309,99.428365953573049,319.38461538461536,102.43967910787437,316.69230769230768,99.885939918070093,314,97.385000000000005,311.30769230769232,94.944710969503859,308.61538461538464,92.572924442421481,305.92307692307691,90.27749203459264,303.23076923076923,93.676265361857077,300.53846153846155,91.557096040054617,297.84615384615387,89.53783568502503,295.15384615384613,87.626335912608099,292.46153846153845,85.830448338643592,289.76923076923077,89.768024578971321,287.07692307692309,88.226916249431042,284.38461538461536,86.824974965862538,281.69230769230768,85.570052344105591,279,84.469999999999999,651,663,4,1026,1,651,1,651,1,651,5,1022,5,1021,5,1020,1,654,1,654,1,654,5,1016,5,1015,1,656,1,656,1,656,5,1011,5,1010,5,1009,1,659,1,659,1,659,5,1005,5,1004,1,661,1,661,1,661,4,1000
interval,94,28,4,11,282,89.719999999999999,284.59259259259261,83.674277295127766,287.18518518518516,85.252435096275974,289.77777777777777,86.967462277091897,292.37037037037038,88.812347711222884,294.96296296296293,90.780080272316212,297.55555555555554,92.863648834019216,300.14814814814815,87.576042269979169,302.74074074074076,89.870249453843428,305.33333333333331,92.259259259259267,307.92592592592592,94.736060559874005,310.51851851851853,97.293642229334949,313.11111111111109,92.444993141289444,315.7037037037037,95.143102169384747,318.2962962962963,97.900958187268202,320.88888888888891,100.71155006858712,323.48148148148147,103.56786668698876,326.07407407407408,106.46289691612051,328.66666666666669,101.90962962962963,331.25925925925924,104.86105370116344,333.85185185185185,107.83015800436925,336.44444444444446,110.80993141289437,339.03703703703701,113.79336280038611,341.62962962962962,109.29344104049179,344.22222222222223,112.2631550068587,346.81481481481478,115.21549357313417,349.40740740740739,118.14344561296554,352,121.04000000000001,292.37037037037038,88.812347711222884,299.55434921674231,94.421035090192419,302.88737044839132,84.584870616768271,310.51851851851853,97.293642229334949,17.505725015670869
schedule,94,28,1,27,0.014999999999999999,1.55,0.5,3,282,89.719999999999999,284.59259259259261,83.674277295127766,287.18518518518516,85.252435096275974,289.77777777777777,86.967462277091897,292.37037037037038,88.812347711222884,294.96296296296293,90.780080272316212,297.55555555555554,92.863648834019216,300.14814814814815,87.576042269979169,302.74074074074076,89.870249453843428,305.33333333333331,92.259259259259267,307.92592592592592,94.736060559874005,310.51851851851853,97.293642229334949,313.11111111111109,92.444993141289444,315.7037037037037,95.143102169384747,318.2962962962963,97.900958187268202,320.88888888888891,100.71155006858712,323.48148148148147,103.56786668698876,326.07407407407408,106.46289691612051,328.66666666666669,101.90962962962963,331.25925925925924,104.86105370116344,333.85185185185185,107.83015800436925,336.44444444444446,110.80993141289437,339.03703703703701,113.79336280038611,341.62962962962962,109.29344104049179,344.22222222222223,112.2631550068587,346.81481481481478,115.21549357313417,349.40740740740739,118.14344561296554,352,121.04000000000001,6,0,5,5,5,10,5,15,1,16,5,21,5,1.55
marks,94,28,1,27,0.014999999999999999,1.55,0.5,3,282,89.719999999999999,284.59259259259261,83.674277295127766,287.18518518518516,85.252435096275974,289.77777777777777,86.967462277091897,292.37037037037038,88.812347711222884,294.96296296296293,90.780080272316212,297.55555555555554,92.863648834019216,300.14814814814815,87.576042269979169,302.74074074074076,89.870249453843428,305.33333333333331,92.259259259259267,307.92592592592592,94.736060559874005,310.51851851851853,97.293642229334949,313.11111111111109,92.444993141289444,315.7037037037037,95.143102169384747,318.2962962962963,97.900958187268202,320.88888888888891,100.71155006858712,323.48148148148147,103.56786668698876,326.07407407407408,106.46289691612051,328.66666666666669,101.90962962962963,331.25925925925924,104.86105370116344,333.85185185185185,107.83015800436925,336.44444444444446,110.80993141289437,339.03703703703701,113.79336280038611,341.62962962962962,109.29344104049179,344.22222222222223,112.2631550068587,346.81481481481478,115.21549357313417,349.40740740740739,118.14344561296554,352,121.04000000000001,658,665,6,1000,4,1001,1,658,1,658,1,658,1,658,5,1006,1,659,1,659,1,659,1,659,5,1011,1,660,1,660,1,660,1,660,5,1016,5,1017,1,662,1,662,1,662,1,662,5,1022,1,663,1,663,1,663,1,663,4,1027
interval,95,29,0,5,355,120,352.5,118.51890488338194,350,117.00838192419826,347.5,115.47471756559769,345,113.92419825072886,342.5,112.36311042274052,340,110.79774052478135,337.5,109.234375,335,107.67930029154519,332.5,106.1388028425656,330,104.61916909620992,327.5,103.12668549562682,325,101.66763848396501,322.5,100.24831450437317,320,98.875,317.5,97.55398141399418,315,96.291545189504376,312.5,95.093977769679299,310,93.96756559766763,307.5,92.918595116618079,305,91.953352769679299,302.5,91.078125,300,90.299198250728864,297.5,89.622858965014572,295,89.055393586005835,292.5,88.603088556851304,290,88.272230320699705,287.5,88.069105320699705,285,88,355,120,350.78179815428297,117.53002263303431,346.63491923693061,114.95138279008421,342.5,112.36311042274052,3.6124850077541963e-005
schedule,95,29,2,28,0.02,2,0.5,4,355,120,352.5,118.51890488338194,350,117.00838192419826,347.5,115.47471756559769,345,113.92419825072886,342.5,112.36311042274052,340,110.79774052478135,337.5,109.234375,335,107.67930029154519,332.5,106.1388028425656,330,104.61916909620992,327.5,103.12668549562682,325,101.66763848396501,322.5,100.24831450437317,320,98.875,317.5,97.55398141399418,315,96.291545189504376,312.5,95.093977769679299,310,93.96756559766763,307.5,92.918595116618079,305,91.953352769679299,302.5,91.078125,300,90.299198250728864,297.5,89.622858965014572,295,89.055393586005835,292.5,88.603088556851304,290,88.272230320699705,287.5,88.069105320699705,285,88,2,0,16,16,10,2
marks,95,29,2,28,0.02,2,0.5,4,355,120,352.5,118.51890488338194,350,117.00838192419826,347.5,115.47471756559769,345,113.92419825072886,342.5,112.36311042274052,340,110.79774052478135,337.5,109.234375,335,107.67930029154519,332.5,106.1388028425656,330,104.61916909620992,327.5,103.12668549562682,325,101.66763848396501,322.5,100.24831450437317,320,98.875,317.5,97.55398141399418,315,96.291545189504376,312.5,95.093977769679299,310,93.96756559766763,307.5,92.918595116618079,305,91.953352769679299,302.5,91.078125,300,90.299198250728864,297.5,89.622858965014572,295,89.055393586005835,292.5,88.603088556851304,290,88.272230320699705,287.5,88.069105320699705,285,88,665,668,6,1028,9,1027,4,1026,1,665,1,665,1,665,1,665,1,665,1,665,1,665,1,665,1,665,1,665,1,665,1,665,1,665,1,665,1,665,5,1010,1,666,1,666,1,666,1,666,1,666,1,666,1,666,1,666,1,666,4,1000
