tables,0,1,1,0,0,0,1,1,-1,-1,0,0,-1,0,0,-1,-1,0,1,0,0,1,0,-1,6,5,0,33,9,170,585,9,146,585,13,4369,8481,10,132,1057,10,330,1057
topology,0,3,3,2,0,0,1,1,0,1,1,0,1,1,8,0,0,0,0,-1,3,128,0,0,3,0,3,-1,3,128,0,3,0,3,0,-1,3,128,0,3,3,3,3,-1,3,128,0,1,0,1,0,-1,3,128,0,1,3,1,3,-1,3,128,0,1,1,1,1,-1,0,0,0,1,2,1,2,-1,0,0,0,2,0,0,0,0,0,0,6,0,4,6,7,5,1,6,-1,3,1,1,1,1,1,1,-1,1,-1,1,1,1,-1,0,0,0,0,0,0,0,0,0,0,0,0,0,0,0,0,0,6,4,2,3,5,7,6,6,-1,1,-1,2,-1,3,0,2,0,1,0,1,1,0,-1,0,0,0,0,0,0,0,0,0,0,0,2,2,1,1,3,3
topology,1,10,8,3,0,0,0,0,0,0,0,0,0,0,0,0,1,1,1,1,1,1,1,1,0,0,1,2,2,2,2,2,2,1,0,0,1,2,2,2,2,2,2,1,0,0,1,2,2,2,2,2,2,1,0,0,1,2,2,2,2,2,2,1,0,0,1,1,1,1,1,1,1,1,0,0,0,0,0,0,0,0,0,0,0,28,0,0,0,0,-1,3,128,0,0,8,0,8,-1,3,128,0,10,0,10,0,-1,3,128,0,10,8,10,8,-1,3,128,0,1,1,1,1,-1,0,0,0,6,1,6,1,-1,0,128,0,7,1,7,1,-1,0,128,0,8,1,8,1,-1,0,128,0,9,1,9,1,-1,0,0,0,1,2,1,2,-1,0,128,0,2,2,2,2,-1,0,0,0,7,2,7,2,-1,0,128,0,8,2,8,2,-1,0,128,0,2,3,2,3,-1,0,128,0,8,3,8,3,-1,0,128,0,2,4,2,4,-1,0,128,0,8,4,8,4,-1,0,128,0,2,5,2,5,-1,0,128,0,8,5,8,5,-1,0,128,0,2,6,2,6,-1,0,128,0,3,6,3,6,-1,0,128,0,8,6,8,6,-1,0,0,0,9,6,9,6,-1,0,128,0,1,7,1,7,-1,0,0,0,2,7,2,7,-1,0,128,0,3,7,3,7,-1,0,128,0,4,7,4,7,-1,0,128,0,9,7,9,7,-1,0,0,0,3,0,0,0,0,0,0,4,0,2,3,1,4,-1,8,-1,10,-1,8,-1,10,0,-1,0,0,0,0,0,0,0,0,0,0,0,0,0,0,0,0,0,12,4,5,6,7,8,22,27,26,25,24,23,9,12,0,1,0,5,0,1,0,1,0,1,0,5,0,1,0,5,0,1,0,1,0,1,0,5,1,0,0,0,0,0,0,0,0,0,0,0,0,0,0,0,0,0,0,0,12,10,11,12,14,16,18,21,20,19,17,15,13,12,1,1,1,5,1,1,1,1,1,1,1,1,1,1,1,5,1,1,1,1,1,1,1,1,1,1,1,0,0,0,0,0,0,0,0,0,0,0,2,2,0,0,10,8
topology,2,17,13,63,0,0,0,1,1,2,2,3,3,4,4,5,5,6,6,7,7,8,0,0,1,1,2,2,3,3,4,4,5,5,6,6,7,7,8,9,9,10,10,11,11,12,12,13,13,14,14,15,15,16,16,17,9,9,10,10,11,11,12,12,13,13,14,14,15,15,16,16,17,18,18,19,19,20,20,21,21,22,22,23,23,24,24,25,25,26,18,18,19,19,20,20,21,21,22,22,23,23,24,24,25,25,26,27,27,28,28,29,29,30,30,31,31,32,32,33,33,34,34,35,27,27,28,28,29,29,30,30,31,31,32,32,33,33,34,34,35,36,36,37,37,38,38,39,39,40,40,41,41,42,42,43,43,44,36,36,37,37,38,38,39,39,40,40,41,41,42,42,43,43,44,45,45,46,46,47,47,48,48,49,49,50,50,51,51,52,52,53,45,45,46,46,47,47,48,48,49,49,50,50,51,51,52,52,53,54,54,55,55,56,56,57,57,58,58,59,59,60,60,61,61,62,176,0,0,0,0,-1,3,128,0,0,2,0,2,-1,3,128,0,0,4,0,4,-1,3,128,0,0,6,0,6,-1,3,128,0,0,8,0,8,-1,3,128,0,0,10,0,10,-1,3,128,0,0,12,0,12,-1,3,128,0,0,13,0,13,-1,3,128,0,17,0,17,0,-1,3,128,0,17,2,17,2,-1,3,128,0,17,4,17,4,-1,3,128,0,17,6,17,6,-1,3,128,0,17,8,17,8,-1,3,128,0,17,10,17,10,-1,3,128,0,17,12,17,12,-1,3,128,0,17,13,17,13,-1,3,128,0,2,0,2,0,-1,3,128,0,4,0,4,0,-1,3,128,0,6,0,6,0,-1,3,128,0,8,0,8,0,-1,3,128,0,10,0,10,0,-1,3,128,0,12,0,12,0,-1,3,128,0,14,0,14,0,-1,3,128,0,16,0,16,0,-1,3,128,0,2,13,2,13,-1,3,128,0,4,13,4,13,-1,3,128,0,6,13,6,13,-1,3,128,0,8,13,8,13,-1,3,128,0,10,13,10,13,-1,3,128,0,12,13,12,13,-1,3,128,0,14,13,14,13,-1,3,128,0,16,13,16,13,-1,3,128,0,2,1,2,1,-1,0,0,0,4,1,4,1,-1,0,0,0,6,1,6,1,-1,0,0,0,8,1,8,1,-1,0,0,0,10,1,10,1,-1,0,0,0,12,1,12,1,-1,0,0,0,14,1,14,1,-1,0,0,0,16,1,16,1,-1,0,0,0,1,2,1,2,-1,0,0,0,2,2,2,2,-1,3,0,0,3,2,3,2,-1,0,0,0,4,2,4,2,-1,3,0,0,5,2,5,2,-1,0,0,0,6,2,6,2,-1,3,0,0,7,2,7,2,-1,0,0,0,8,2,8,2,-1,3,0,0,9,2,9,2,-1,0,0,0,10,2,10,2,-1,3,0,0,11,2,11,2,-1,0,0,0,12,2,12,2,-1,3,0,0,13,2,13,2,-1,0,0,0,14,2,14,2,-1,3,0,0,15,2,15,2,-1,0,0,0,16,2,16,2,-1,3,0,0,2,3,2,3,-1,0,0,0,4,3,4,3,-1,0,0,0,6,3,6,3,-1,0,0,0,8,3,8,3,-1,0,0,0,10,3,10,3,-1,0,0,0,12,3,12,3,-1,0,0,0,14,3,14,3,-1,0,0,0,16,3,16,3,-1,0,0,0,1,4,1,4,-1,0,0,0,2,4,2,4,-1,3,0,0,3,4,3,4,-1,0,0,0,4,4,4,4,-1,3,0,0,5,4,5,4,-1,0,0,0,6,4,6,4,-1,3,0,0,7,4,7,4,-1,0,0,0,8,4,8,4,-1,3,0,0,9,4,9,4,-1,0,0,0,10,4,10,4,-1,3,0,0,11,4,11,4,-1,0,0,0,12,4,12,4,-1,3,0,0,13,4,13,4,-1,0,0,0,14,4,14,4,-1,3,0,0,15,4,15,4,-1,0,0,0,16,4,16,4,-1,3,0,0,2,5,2,5,-1,0,0,0,4,5,4,5,-1,0,0,0,6,5,6,5,-1,0,0,0,8,5,8,5,-1,0,0,0,10,5,10,5,-1,0,0,0,12,5,12,5,-1,0,0,0,14,5,14,5,-1,0,0,0,16,5,16,5,-1,0,0,0,1,6,1,6,-1,0,0,0,2,6,2,6,-1,3,0,0,3,6,3,6,-1,0,0,0,4,6,4,6,-1,3,0,0,5,6,5,6,-1,0,0,0,6,6,6,6,-1,3,0,0,7,6,7,6,-1,0,0,0,8,6,8,6,-1,3,0,0,9,6,9,6,-1,0,0,0,10,6,10,6,-1,3,0,0,11,6,11,6,-1,0,0,0,12,6,12,6,-1,3,0,0,13,6,13,6,-1,0,0,0,14,6,14,6,-1,3,0,0,15,6,15,6,-1,0,0,0,16,6,16,6,-1,3,0,0,2,7,2,7,-1,0,0,0,4,7,4,7,-1,0,0,0,6,7,6,7,-1,0,0,0,8,7,8,7,-1,0,0,0,10,7,10,7,-1,0,0,0,12,7,12,7,-1,0,0,0,14,7,14,7,-1,0,0,0,16,7,16,7,-1,0,0,0,1,8,1,8,-1,0,0,0,2,8,2,8,-1,3,0,0,3,8,3,8,-1,0,0,0,4,8,4,8,-1,3,0,0,5,8,5,8,-1,0,0,0,6,8,6,8,-1,3,0,0,7,8,7,8,-1,0,0,0,8,8,8,8,-1,3,0,0,9,8,9,8,-1,0,0,0,10,8,10,8,-1,3,0,0,11,8,11,8,-1,0,0,0,12,8,12,8,-1,3,0,0,13,8,13,8,-1,0,0,0,14,8,14,8,-1,3,0,0,15,8,15,8,-1,0,0,0,16,8,16,8,-1,3,0,0,2,9,2,9,-1,0,0,0,4,9,4,9,-1,0,0,0,6,9,6,9,-1,0,0,0,8,9,8,9,-1,0,0,0,10,9,10,9,-1,0,0,0,12,9,12,9,-1,0,0,0,14,9,14,9,-1,0,0,0,16,9,16,9,-1,0,0,0,1,10,1,10,-1,0,0,0,2,10,2,10,-1,3,0,0,3,10,3,10,-1,0,0,0,4,10,4,10,-1,3,0,0,5,10,5,10,-1,0,0,0,6,10,6,10,-1,3,0,0,7,10,7,10,-1,0,0,0,8,10,8,10,-1,3,0,0,9,10,9,10,-1,0,0,0,10,10,10,10,-1,3,0,0,11,10,11,10,-1,0,0,0,12,10,12,10,-1,3,0,0,13,10,13,10,-1,0,0,0,14,10,14,10,-1,3,0,0,15,10,15,10,-1,0,0,0,16,10,16,10,-1,3,0,0,2,11,2,11,-1,0,0,0,4,11,4,11,-1,0,0,0,6,11,6,11,-1,0,0,0,8,11,8,11,-1,0,0,0,10,11,10,11,-1,0,0,0,12,11,12,11,-1,0,0,0,14,11,14,11,-1,0,0,0,16,11,16,11,-1,0,0,0,1,12,1,12,-1,0,0,0,2,12,2,12,-1,3,0,0,3,12,3,12,-1,0,0,0,4,12,4,12,-1,3,0,0,5,12,5,12,-1,0,0,0,6,12,6,12,-1,3,0,0,7,12,7,12,-1,0,0,0,8,12,8,12,-1,3,0,0,9,12,9,12,-1,0,0,0,10,12,10,12,-1,3,0,0,11,12,11,12,-1,0,0,0,12,12,12,12,-1,3,0,0,13,12,13,12,-1,0,0,0,14,12,14,12,-1,3,0,0,15,12,15,12,-1,0,0,0,16,12,16,12,-1,3,0,0,63,0,0,0,0,0,0,6,0,16,32,41,40,1,6,-1,2,1,2,1,1,9,1,9,1,-1,1,2,1,9,-1,0,0,0,0,0,0,0,0,0,0,0,0,0,0,0,0,0,7,16,17,33,43,42,41,32,7,-1,1,2,2,2,1,10,1,10,1,0,1,0,1,3,0,2,10,-1,0,0,0,0,0,0,0,0,0,0,0,0,0,0,0,0,0,7,17,18,34,45,44,43,33,7,-1,1,3,2,3,1,11,1,11,1,1,1,1,1,3,1,3,11,-1,0,0,0,0,0,0,0,0,0,0,0,0,0,0,0,0,0,7,18,19,35,47,46,45,34,7,-1,1,4,2,4,1,12,1,12,1,2,1,2,1,3,2,4,12,-1,0,0,0,0,0,0,0,0,0,0,0,0,0,0,0,0,0,7,19,20,36,49,48,47,35,7,-1,1,5,2,5,1,13,1,13,1,3,1,3,1,3,3,5,13,-1,0,0,0,0,0,0,0,0,0,0,0,0,0,0,0,0,0,7,20,21,37,51,50,49,36,7,-1,1,6,2,6,1,14,1,14,1,4,1,4,1,3,4,6,14,-1,0,0,0,0,0,0,0,0,0,0,0,0,0,0,0,0,0,7,21,22,38,53,52,51,37,7,-1,1,7,2,7,1,15,1,15,1,5,1,5,1,3,5,7,15,-1,0,0,0,0,0,0,0,0,0,0,0,0,0,0,0,0,0,7,22,23,39,55,54,53,38,7,-1,1,8,2,8,1,16,1,16,1,6,1,6,1,3,6,8,16,-1,0,0,0,0,0,0,0,0,0,0,0,0,0,0,0,0,0,5,23,8,9,55,39,5,-1,1,-1,1,17,2,7,1,7,1,2,7,17,-1,0,0,0,0,0,0,0,0,0,0,0,0,0,0,0,0,0,7,1,40,41,56,65,64,2,7,0,2,0,1,10,1,10,1,18,1,18,1,-1,1,3,0,10,18,-1,0,0,0,0,0,0,0,0,0,0,0,0,0,0,0,0,0,8,41,42,43,57,67,66,65,56,8,1,1,1,1,11,1,11,1,19,1,19,1,9,1,9,1,4,1,9,11,19,-1,0,0,0,0,0,0,0,0,0,0,0,0,0,0,0,0,0,8,43,44,45,58,69,68,67,57,8,2,1,2,1,12,1,12,1,20,1,20,1,10,1,10,1,4,2,10,12,20,-1,0,0,0,0,0,0,0,0,0,0,0,0,0,0,0,0,0,8,45,46,47,59,71,70,69,58,8,3,1,3,1,13,1,13,1,21,1,21,1,11,1,11,1,4,3,11,13,21,-1,0,0,0,0,0,0,0,0,0,0,0,0,0,0,0,0,0,8,47,48,49,60,73,72,71,59,8,4,1,4,1,14,1,14,1,22,1,22,1,12,1,12,1,4,4,12,14,22,-1,0,0,0,0,0,0,0,0,0,0,0,0,0,0,0,0,0,8,49,50,51,61,75,74,73,60,8,5,1,5,1,15,1,15,1,23,1,23,1,13,1,13,1,4,5,13,15,23,-1,0,0,0,0,0,0,0,0,0,0,0,0,0,0,0,0,0,8,51,52,53,62,77,76,75,61,8,6,1,6,1,16,1,16,1,24,1,24,1,14,1,14,1,4,6,14,16,24,-1,0,0,0,0,0,0,0,0,0,0,0,0,0,0,0,0,0,8,53,54,55,63,79,78,77,62,8,7,1,7,1,17,1,17,1,25,1,25,1,15,1,15,1,4,7,15,17,25,-1,0,0,0,0,0,0,0,0,0,0,0,0,0,0,0,0,0,5,55,9,10,79,63,5,8,1,-1,1,26,2,16,1,16,1,3,8,16,26,-1,0,0,0,0,0,0,0,0,0,0,0,0,0,0,0,0,0,7,2,64,65,80,89,88,3,7,9,2,9,1,19,1,19,1,27,1,27,1,-1,1,3,9,19,27,-1,0,0,0,0,0,0,0,0,0,0,0,0,0,0,0,0,0,8,65,66,67,81,91,90,89,80,8,10,1,10,1,20,1,20,1,28,1,28,1,18,1,18,1,4,10,18,20,28,-1,0,0,0,0,0,0,0,0,0,0,0,0,0,0,0,0,0,8,67,68,69,82,93,92,91,81,8,11,1,11,1,21,1,21,1,29,1,29,1,19,1,19,1,4,11,19,21,29,-1,0,0,0,0,0,0,0,0,0,0,0,0,0,0,0,0,0,8,69,70,71,83,95,94,93,82,8,12,1,12,1,22,1,22,1,30,1,30,1,20,1,20,1,4,12,20,22,30,-1,0,0,0,0,0,0,0,0,0,0,0,0,0,0,0,0,0,8,71,72,73,84,97,96,95,83,8,13,1,13,1,23,1,23,1,31,1,31,1,21,1,21,1,4,13,21,23,31,-1,0,0,0,0,0,0,0,0,0,0,0,0,0,0,0,0,0,8,73,74,75,85,99,98,97,84,8,14,1,14,1,24,1,24,1,32,1,32,1,22,1,22,1,4,14,22,24,32,-1,0,0,0,0,0,0,0,0,0,0,0,0,0,0,0,0,0,8,75,76,77,86,101,100,99,85,8,15,1,15,1,25,1,25,1,33,1,33,1,23,1,23,1,4,15,23,25,33,-1,0,0,0,0,0,0,0,0,0,0,0,0,0,0,0,0,0,8,77,78,79,87,103,102,101,86,8,16,1,16,1,26,1,26,1,34,1,34,1,24,1,24,1,4,16,24,26,34,-1,0,0,0,0,0,0,0,0,0,0,0,0,0,0,0,0,0,5,79,10,11,103,87,5,17,1,-1,1,35,2,25,1,25,1,3,17,25,35,-1,0,0,0,0,0,0,0,0,0,0,0,0,0,0,0,0,0,7,3,88,89,104,113,112,4,7,18,2,18,1,28,1,28,1,36,1,36,1,-1,1,3,18,28,36,-1,0,0,0,0,0,0,0,0,0,0,0,0,0,0,0,0,0,8,89,90,91,105,115,114,113,104,8,19,1,19,1,29,1,29,1,37,1,37,1,27,1,27,1,4,19,27,29,37,-1,0,0,0,0,0,0,0,0,0,0,0,0,0,0,0,0,0,8,91,92,93,106,117,116,115,105,8,20,1,20,1,30,1,30,1,38,1,38,1,28,1,28,1,4,20,28,30,38,-1,0,0,0,0,0,0,0,0,0,0,0,0,0,0,0,0,0,8,93,94,95,107,119,118,117,106,8,21,1,21,1,31,1,31,1,39,1,39,1,29,1,29,1,4,21,29,31,39,-1,0,0,0,0,0,0,0,0,0,0,0,0,0,0,0,0,0,8,95,96,97,108,121,120,119,107,8,22,1,22,1,32,1,32,1,40,1,40,1,30,1,30,1,4,22,30,32,40,-1,0,0,0,0,0,0,0,0,0,0,0,0,0,0,0,0,0,8,97,98,99,109,123,122,121,108,8,23,1,23,1,33,1,33,1,41,1,41,1,31,1,31,1,4,23,31,33,41,-1,0,0,0,0,0,0,0,0,0,0,0,0,0,0,0,0,0,8,99,100,101,110,125,124,123,109,8,24,1,24,1,34,1,34,1,42,1,42,1,32,1,32,1,4,24,32,34,42,-1,0,0,0,0,0,0,0,0,0,0,0,0,0,0,0,0,0,8,101,102,103,111,127,126,125,110,8,25,1,25,1,35,1,35,1,43,1,43,1,33,1,33,1,4,25,33,35,43,-1,0,0,0,0,0,0,0,0,0,0,0,0,0,0,0,0,0,5,103,11,12,127,111,5,26,1,-1,1,44,2,34,1,34,1,3,26,34,44,-1,0,0,0,0,0,0,0,0,0,0,0,0,0,0,0,0,0,7,4,112,113,128,137,136,5,7,27,2,27,1,37,1,37,1,45,1,45,1,-1,1,3,27,37,45,-1,0,0,0,0,0,0,0,0,0,0,0,0,0,0,0,0,0,8,113,114,115,129,139,138,137,128,8,28,1,28,1,38,1,38,1,46,1,46,1,36,1,36,1,4,28,36,38,46,-1,0,0,0,0,0,0,0,0,0,0,0,0,0,0,0,0,0,8,115,116,117,130,141,140,139,129,8,29,1,29,1,39,1,39,1,47,1,47,1,37,1,37,1,4,29,37,39,47,-1,0,0,0,0,0,0,0,0,0,0,0,0,0,0,0,0,0,8,117,118,119,131,143,142,141,130,8,30,1,30,1,40,1,40,1,48,1,48,1,38,1,38,1,4,30,38,40,48,-1,0,0,0,0,0,0,0,0,0,0,0,0,0,0,0,0,0,8,119,120,121,132,145,144,143,131,8,31,1,31,1,41,1,41,1,49,1,49,1,39,1,39,1,4,31,39,41,49,-1,0,0,0,0,0,0,0,0,0,0,0,0,0,0,0,0,0,8,121,122,123,133,147,146,145,132,8,32,1,32,1,42,1,42,1,50,1,50,1,40,1,40,1,4,32,40,42,50,-1,0,0,0,0,0,0,0,0,0,0,0,0,0,0,0,0,0,8,123,124,125,134,149,148,147,133,8,33,1,33,1,43,1,43,1,51,1,51,1,41,1,41,1,4,33,41,43,51,-1,0,0,0,0,0,0,0,0,0,0,0,0,0,0,0,0,0,8,125,126,127,135,151,150,149,134,8,34,1,34,1,44,1,44,1,52,1,52,1,42,1,42,1,4,34,42,44,52,-1,0,0,0,0,0,0,0,0,0,0,0,0,0,0,0,0,0,5,127,12,13,151,135,5,35,1,-1,1,53,2,43,1,43,1,3,35,43,53,-1,0,0,0,0,0,0,0,0,0,0,0,0,0,0,0,0,0,7,5,136,137,152,161,160,6,7,36,2,36,1,46,1,46,1,54,1,54,1,-1,1,3,36,46,54,-1,0,0,0,0,0,0,0,0,0,0,0,0,0,0,0,0,0,8,137,138,139,153,163,162,161,152,8,37,1,37,1,47,1,47,1,55,1,55,1,45,1,45,1,4,37,45,47,55,-1,0,0,0,0,0,0,0,0,0,0,0,0,0,0,0,0,0,8,139,140,141,154,165,164,163,153,8,38,1,38,1,48,1,48,1,56,1,56,1,46,1,46,1,4,38,46,48,56,-1,0,0,0,0,0,0,0,0,0,0,0,0,0,0,0,0,0,8,141,142,143,155,167,166,165,154,8,39,1,39,1,49,1,49,1,57,1,57,1,47,1,47,1,4,39,47,49,57,-1,0,0,0,0,0,0,0,0,0,0,0,0,0,0,0,0,0,8,143,144,145,156,169,168,167,155,8,40,1,40,1,50,1,50,1,58,1,58,1,48,1,48,1,4,40,48,50,58,-1,0,0,0,0,0,0,0,0,0,0,0,0,0,0,0,0,0,8,145,146,147,157,171,170,169,156,8,41,1,41,1,51,1,51,1,59,1,59,1,49,1,49,1,4,41,49,51,59,-1,0,0,0,0,0,0,0,0,0,0,0,0,0,0,0,0,0,8,147,148,149,158,173,172,171,157,8,42,1,42,1,52,1,52,1,60,1,60,1,50,1,50,1,4,42,50,52,60,-1,0,0,0,0,0,0,0,0,0,0,0,0,0,0,0,0,0,8,149,150,151,159,175,174,173,158,8,43,1,43,1,53,1,53,1,61,1,61,1,51,1,51,1,4,43,51,53,61,-1,0,0,0,0,0,0,0,0,0,0,0,0,0,0,0,0,0,5,151,13,14,175,159,5,44,1,-1,1,62,2,52,1,52,1,3,44,52,62,-1,0,0,0,0,0,0,0,0,0,0,0,0,0,0,0,0,0,5,6,160,161,24,7,5,45,1,45,1,55,1,-1,1,-1,2,2,45,55,-1,0,0,0,0,0,0,0,0,0,0,0,0,0,0,0,0,0,5,161,162,163,25,24,5,46,1,46,1,56,1,-1,1,54,2,3,46,54,56,-1,0,0,0,0,0,0,0,0,0,0,0,0,0,0,0,0,0,5,163,164,165,26,25,5,47,1,47,1,57,1,-1,1,55,2,3,47,55,57,-1,0,0,0,0,0,0,0,0,0,0,0,0,0,0,0,0,0,5,165,166,167,27,26,5,48,1,48,1,58,1,-1,1,56,2,3,48,56,58,-1,0,0,0,0,0,0,0,0,0,0,0,0,0,0,0,0,0,5,167,168,169,28,27,5,49,1,49,1,59,1,-1,1,57,2,3,49,57,59,-1,0,0,0,0,0,0,0,0,0,0,0,0,0,0,0,0,0,5,169,170,171,29,28,5,50,1,50,1,60,1,-1,1,58,2,3,50,58,60,-1,0,0,0,0,0,0,0,0,0,0,0,0,0,0,0,0,0,5,171,172,173,30,29,5,51,1,51,1,61,1,-1,1,59,2,3,51,59,61,-1,0,0,0,0,0,0,0,0,0,0,0,0,0,0,0,0,0,5,173,174,175,31,30,5,52,1,52,1,62,1,-1,1,60,2,3,52,60,62,-1,0,0,0,0,0,0,0,0,0,0,0,0,0,0,0,0,0,4,175,14,15,31,4,53,1,-1,1,-1,1,61,1,2,53,61,-1,0,0,0,0,0,0,0,0,0,0,0,8,8,8,8,17,13
topology,3,26,26,2,0,0,1,1,1,1,1,1,1,1,1,1,1,1,1,1,1,1,1,1,1,1,1,1,1,1,1,0,0,1,1,1,1,1,1,1,1,1,1,1,1,1,1,1,1,1,1,1,1,1,1,1,1,0,0,0,1,1,1,1,1,1,1,1,1,1,1,1,1,1,1,1,1,1,1,1,1,1,1,0,0,0,0,1,1,1,1,1,1,1,1,1,1,1,1,1,1,1,1,1,1,1,1,1,1,0,0,0,0,0,1,1,1,1,1,1,1,1,1,1,1,1,1,1,1,1,1,1,1,1,1,0,0,0,0,0,0,1,1,1,1,1,1,1,1,1,1,1,1,1,1,1,1,1,1,1,1,0,0,0,0,0,0,0,1,1,1,1,1,1,1,1,1,1,1,1,1,1,1,1,1,1,1,0,0,0,0,0,0,0,0,1,1,1,1,1,1,1,1,1,1,1,1,1,1,1,1,1,1,0,0,0,0,0,0,0,0,0,1,1,1,1,1,1,1,1,1,1,1,1,1,1,1,1,1,0,0,0,0,0,0,0,0,0,0,1,1,1,1,1,1,1,1,1,1,1,1,1,1,1,1,0,0,0,0,0,0,0,0,0,0,0,1,1,1,1,1,1,1,1,1,1,1,1,1,1,1,0,0,0,0,0,0,0,0,0,0,0,0,1,1,1,1,1,1,1,1,1,1,1,1,1,1,0,0,0,0,0,0,0,0,0,0,0,0,0,1,1,1,1,1,1,1,1,1,1,1,1,1,0,0,0,0,0,0,0,0,0,0,0,0,0,0,1,1,1,1,1,1,1,1,1,1,1,1,0,0,0,0,0,0,0,0,0,0,0,0,0,0,0,1,1,1,1,1,1,1,1,1,1,1,0,0,0,0,0,0,0,0,0,0,0,0,0,0,0,0,1,1,1,1,1,1,1,1,1,1,0,0,0,0,0,0,0,0,0,0,0,0,0,0,0,0,0,1,1,1,1,1,1,1,1,1,0,0,0,0,0,0,0,0,0,0,0,0,0,0,0,0,0,0,1,1,1,1,1,1,1,1,0,0,0,0,0,0,0,0,0,0,0,0,0,0,0,0,0,0,0,1,1,1,1,1,1,1,0,0,0,0,0,0,0,0,0,0,0,0,0,0,0,0,0,0,0,0,1,1,1,1,1,1,0,0,0,0,0,0,0,0,0,0,0,0,0,0,0,0,0,0,0,0,0,1,1,1,1,1,0,0,0,0,0,0,0,0,0,0,0,0,0,0,0,0,0,0,0,0,0,0,1,1,1,1,0,0,0,0,0,0,0,0,0,0,0,0,0,0,0,0,0,0,0,0,0,0,0,1,1,1,0,0,0,0,0,0,0,0,0,0,0,0,0,0,0,0,0,0,0,0,0,0,0,0,1,1,0,0,0,0,0,0,0,0,0,0,0,0,0,0,0,0,0,0,0,0,0,0,0,0,0,1,0,0,0,0,0,0,0,0,0,0,0,0,0,0,0,0,0,0,0,0,0,0,0,0,0,0,25,0,0,0,0,-1,3,128,0,0,26,0,26,-1,3,128,0,26,0,26,0,-1,3,128,0,26,25,26,25,-1,3,128,0,26,26,26,26,-1,3,128,0,1,0,1,0,-1,3,128,0,1,1,1,1,-1,0,0,0,3,2,3,2,-1,0,0,0,4,4,4,4,-1,0,0,0,6,5,6,5,-1,0,0,0,7,7,7,7,-1,0,0,0,9,8,9,8,-1,0,0,0,10,10,10,10,-1,0,0,0,12,11,12,11,-1,0,0,0,13,13,13,13,-1,0,0,0,15,14,15,14,-1,0,0,0,16,16,16,16,-1,0,128,0,18,17,18,17,-1,0,128,0,19,19,19,19,-1,0,128,0,21,20,21,20,-1,0,128,0,22,22,22,22,-1,0,128,0,24,23,24,23,-1,0,128,0,24,24,24,24,-1,0,128,0,25,24,25,24,-1,0,128,0,25,25,25,25,-1,0,0,0,2,0,0,0,0,0,0,24,0,5,6,7,8,9,10,11,12,13,14,15,16,17,18,19,20,21,22,23,24,3,4,1,24,-1,26,1,1,1,1,1,3,1,3,1,3,1,3,1,3,1,3,1,3,1,3,1,3,1,3,1,3,1,3,1,3,1,3,1,3,1,1,1,1,1,1,-1,1,-1,1,-1,26,1,1,-1,0,0,0,0,0,0,0,0,0,0,0,0,0,0,0,0,0,22,5,2,3,24,23,22,21,20,19,18,17,16,15,14,13,12,11,10,9,8,7,6,22,-1,1,-1,25,0,25,0,1,0,1,0,1,0,1,0,3,0,3,0,3,0,3,0,3,0,3,0,3,0,3,0,3,0,3,0,3,0,3,0,3,0,3,0,3,1,0,-1,0,0,0,0,0,0,0,0,0,0,0,2,3,1,0,26,26
topology,4,9,3,3,1,0,0,0,1,1,1,2,2,2,0,0,0,1,1,1,2,2,2,0,0,0,1,1,1,2,2,2,12,0,0,0,0,-1,3,128,0,0,3,0,3,-1,3,128,0,9,0,9,0,-1,3,128,0,9,3,9,3,-1,3,128,0,3,0,3,0,-1,3,128,0,6,0,6,0,-1,3,128,0,3,3,3,3,-1,3,128,0,6,3,6,3,-1,3,128,0,3,1,3,1,-1,0,0,0,6,1,6,1,-1,0,0,0,3,2,3,2,-1,0,0,0,6,2,6,2,-1,0,0,0,3,0,0,0,0,0,0,6,0,4,8,10,6,1,6,-1,3,1,3,1,1,1,1,-1,1,-1,3,1,1,-1,0,0,0,0,0,0,0,0,0,0,0,0,0,0,0,0,0,8,4,5,9,11,7,6,10,8,8,-1,1,2,3,2,1,2,1,-1,1,0,3,0,1,0,1,2,0,2,-1,0,0,0,0,0,0,0,0,0,0,0,0,0,0,0,0,0,6,5,2,3,7,11,9,6,-1,1,-1,3,-1,3,1,3,1,1,1,1,1,1,-1,0,0,0,0,0,0,0,0,0,0,0,2,2,2,2,9,3
topology,5,16,8,1,0,0,0,0,0,0,0,0,0,0,0,0,0,0,0,0,0,0,0,0,0,0,0,0,0,0,0,0,0,0,0,0,0,0,0,0,0,0,0,0,0,0,0,0,0,0,0,0,0,0,0,0,0,0,0,0,0,0,0,0,0,0,0,0,0,0,0,0,0,0,0,0,0,0,0,0,0,0,0,0,0,0,0,0,0,0,0,0,0,0,0,0,0,0,0,0,0,0,0,0,0,0,0,0,0,0,0,0,0,0,0,0,0,0,0,0,0,0,0,0,0,0,0,0,0,0,0,0,0,4,0,0,0,0,-1,3,128,0,0,8,0,8,-1,3,128,0,16,0,16,0,-1,3,128,0,16,8,16,8,-1,3,128,0,1,0,0,0,0,0,0,4,0,2,3,1,4,-1,8,-1,16,-1,8,-1,16,0,-1,0,0,0,0,0,0,0,0,0,0,0,2,2,0,0,16,8
topology,6,26,26,2,0,0,0,0,0,0,0,0,0,0,0,0,0,0,0,0,0,0,0,0,0,0,0,0,0,0,0,0,0,0,0,0,0,0,0,0,0,0,0,0,0,0,0,0,0,0,0,0,0,0,0,0,0,0,0,0,0,0,0,0,0,0,0,0,0,0,0,0,0,0,0,0,0,0,0,0,0,0,0,0,0,0,0,0,0,0,0,0,0,0,0,0,0,0,0,0,0,0,0,0,0,0,0,0,0,0,0,0,0,0,0,0,0,0,0,0,0,0,0,0,0,0,0,0,0,0,0,0,0,0,0,0,0,0,0,0,0,0,0,0,0,1,1,1,1,1,1,1,0,0,0,0,0,0,0,0,0,0,0,0,0,0,0,0,0,1,1,1,1,1,1,1,1,1,1,1,0,0,0,0,0,0,0,0,0,0,0,0,0,0,1,1,1,1,1,1,1,1,1,1,1,1,1,0,0,0,0,0,0,0,0,0,0,0,0,1,1,1,1,1,1,1,1,1,1,1,1,1,1,1,0,0,0,0,0,0,0,0,0,0,0,1,1,1,1,1,1,1,1,1,1,1,1,1,1,1,0,0,0,0,0,0,0,0,0,0,1,1,1,1,1,1,1,1,1,1,1,1,1,1,1,1,1,0,0,0,0,0,0,0,0,0,1,1,1,1,1,1,1,1,1,1,1,1,1,1,1,1,1,0,0,0,0,0,0,0,0,0,1,1,1,1,1,1,1,1,1,1,1,1,1,1,1,1,1,0,0,0,0,0,0,0,0,0,1,1,1,1,1,1,1,1,1,1,1,1,1,1,1,1,1,0,0,0,0,0,0,0,0,0,1,1,1,1,1,1,1,1,1,1,1,1,1,1,1,1,1,0,0,0,0,0,0,0,0,0,1,1,1,1,1,1,1,1,1,1,1,1,1,1,1,1,1,0,0,0,0,0,0,0,0,0,1,1,1,1,1,1,1,1,1,1,1,1,1,1,1,1,1,0,0,0,0,0,0,0,0,0,0,1,1,1,1,1,1,1,1,1,1,1,1,1,1,1,0,0,0,0,0,0,0,0,0,0,0,1,1,1,1,1,1,1,1,1,1,1,1,1,1,1,0,0,0,0,0,0,0,0,0,0,0,0,1,1,1,1,1,1,1,1,1,1,1,1,1,0,0,0,0,0,0,0,0,0,0,0,0,0,0,1,1,1,1,1,1,1,1,1,1,1,0,0,0,0,0,0,0,0,0,0,0,0,0,0,0,0,0,1,1,1,1,1,1,1,0,0,0,0,0,0,0,0,0,0,0,0,0,0,0,0,0,0,0,0,0,0,0,0,0,0,0,0,0,0,0,0,0,0,0,0,0,0,0,0,0,0,0,0,0,0,0,0,0,0,0,0,0,0,0,0,0,0,0,0,0,0,0,0,0,0,0,0,0,0,0,0,0,0,0,0,0,0,0,0,0,0,0,0,0,0,0,0,0,0,0,0,0,0,0,0,0,0,0,0,0,0,0,0,0,0,0,0,0,0,0,0,0,56,0,0,0,0,-1,3,128,0,0,26,0,26,-1,3,128,0,26,0,26,0,-1,3,128,0,26,26,26,26,-1,3,128,0,10,5,10,5,-1,0,0,0,15,5,15,5,-1,0,128,0,16,5,16,5,-1,0,128,0,17,5,17,5,-1,0,128,0,8,6,8,6,-1,0,128,0,9,6,9,6,-1,0,128,0,10,6,10,6,-1,0,128,0,17,6,17,6,-1,0,128,0,18,6,18,6,-1,0,128,0,19,6,19,6,-1,0,128,0,7,7,7,7,-1,0,128,0,8,7,8,7,-1,0,128,0,19,7,19,7,-1,0,128,0,20,7,20,7,-1,0,128,0,6,8,6,8,-1,0,128,0,7,8,7,8,-1,0,128,0,20,8,20,8,-1,0,128,0,21,8,21,8,-1,0,128,0,6,9,6,9,-1,0,128,0,21,9,21,9,-1,0,128,0,5,10,5,10,-1,0,128,0,6,10,6,10,-1,0,128,0,21,10,21,10,-1,0,128,0,22,10,22,10,-1,0,0,0,5,11,5,11,-1,0,128,0,5,12,5,12,-1,0,128,0,22,15,22,15,-1,0,128,0,22,16,22,16,-1,0,128,0,5,17,5,17,-1,0,128,0,6,17,6,17,-1,0,128,0,21,17,21,17,-1,0,128,0,22,17,22,17,-1,0,128,0,6,18,6,18,-1,0,128,0,21,18,21,18,-1,0,128,0,6,19,6,19,-1,0,128,0,7,19,7,19,-1,0,128,0,20,19,20,19,-1,0,128,0,21,19,21,19,-1,0,128,0,7,20,7,20,-1,0,128,0,8,20,8,20,-1,0,128,0,19,20,19,20,-1,0,128,0,20,20,20,20,-1,0,0,0,8,21,8,21,-1,0,128,0,9,21,9,21,-1,0,128,0,10,21,10,21,-1,0,128,0,17,21,17,21,-1,0,128,0,18,21,18,21,-1,0,128,0,19,21,19,21,-1,0,128,0,10,22,10,22,-1,0,128,0,11,22,11,22,-1,0,128,0,12,22,12,22,-1,0,128,0,17,22,17,22,-1,0,128,0,2,0,0,0,0,0,0,4,0,2,3,1,4,-1,26,-1,26,-1,26,-1,26,0,-1,0,0,0,0,0,0,0,0,0,0,0,0,0,0,0,0,0,52,4,5,6,7,11,12,13,16,17,20,21,23,26,27,30,31,35,34,37,41,40,45,44,51,50,49,55,54,53,52,48,47,46,43,42,39,38,36,33,32,29,28,24,25,22,18,19,14,15,8,9,10,52,0,1,0,5,0,1,0,1,0,1,0,1,0,1,0,1,0,1,0,1,0,1,0,1,0,1,0,1,0,5,0,1,0,1,0,1,0,1,0,1,0,1,0,1,0,1,0,1,0,1,0,1,0,1,0,5,0,1,0,1,0,1,0,1,0,1,0,1,0,1,0,1,0,1,0,1,0,1,0,1,0,5,0,1,0,1,0,1,0,1,0,1,0,1,0,1,0,1,0,1,0,1,0,1,1,0,0,0,0,0,0,0,0,0,0,0,0,0,2,2,0,0,26,26
topology,7,8,18,18,0,0,0,0,1,1,1,2,2,0,0,0,1,1,1,2,2,0,0,0,1,1,1,2,2,3,3,3,4,4,4,5,5,3,3,3,4,4,4,5,5,3,3,3,4,4,4,5,5,6,6,6,7,7,7,8,8,6,6,6,7,7,7,8,8,6,6,6,7,7,7,8,8,9,9,9,10,10,10,11,11,9,9,9,10,10,10,11,11,9,9,9,10,10,10,11,11,12,12,12,13,13,13,14,14,12,12,12,13,13,13,14,14,12,12,12,13,13,13,14,14,15,15,15,16,16,16,17,17,15,15,15,16,16,16,17,17,15,15,15,16,16,16,17,17,77,0,0,0,0,-1,3,128,0,0,3,0,3,-1,3,128,0,0,6,0,6,-1,3,128,0,0,9,0,9,-1,3,128,0,0,12,0,12,-1,3,128,0,0,15,0,15,-1,3,128,0,0,18,0,18,-1,3,128,0,8,0,8,0,-1,3,128,0,8,3,8,3,-1,3,128,0,8,6,8,6,-1,3,128,0,8,9,8,9,-1,3,128,0,8,12,8,12,-1,3,128,0,8,15,8,15,-1,3,128,0,8,18,8,18,-1,3,128,0,3,0,3,0,-1,3,128,0,6,0,6,0,-1,3,128,0,3,18,3,18,-1,3,128,0,6,18,6,18,-1,3,128,0,3,1,3,1,-1,0,0,0,6,1,6,1,-1,0,0,0,3,2,3,2,-1,0,0,0,6,2,6,2,-1,0,0,0,1,3,1,3,-1,0,0,0,2,3,2,3,-1,0,0,0,3,3,3,3,-1,3,0,0,4,3,4,3,-1,0,0,0,5,3,5,3,-1,0,0,0,6,3,6,3,-1,3,0,0,7,3,7,3,-1,0,0,0,3,4,3,4,-1,0,0,0,6,4,6,4,-1,0,0,0,3,5,3,5,-1,0,0,0,6,5,6,5,-1,0,0,0,1,6,1,6,-1,0,0,0,2,6,2,6,-1,0,0,0,3,6,3,6,-1,3,0,0,4,6,4,6,-1,0,0,0,5,6,5,6,-1,0,0,0,6,6,6,6,-1,3,0,0,7,6,7,6,-1,0,0,0,3,7,3,7,-1,0,0,0,6,7,6,7,-1,0,0,0,3,8,3,8,-1,0,0,0,6,8,6,8,-1,0,0,0,1,9,1,9,-1,0,0,0,2,9,2,9,-1,0,0,0,3,9,3,9,-1,3,0,0,4,9,4,9,-1,0,0,0,5,9,5,9,-1,0,0,0,6,9,6,9,-1,3,0,0,7,9,7,9,-1,0,0,0,3,10,3,10,-1,0,0,0,6,10,6,10,-1,0,0,0,3,11,3,11,-1,0,0,0,6,11,6,11,-1,0,0,0,1,12,1,12,-1,0,0,0,2,12,2,12,-1,0,0,0,3,12,3,12,-1,3,0,0,4,12,4,12,-1,0,0,0,5,12,5,12,-1,0,0,0,6,12,6,12,-1,3,0,0,7,12,7,12,-1,0,0,0,3,13,3,13,-1,0,0,0,6,13,6,13,-1,0,0,0,3,14,3,14,-1,0,0,0,6,14,6,14,-1,0,0,0,1,15,1,15,-1,0,0,0,2,15,2,15,-1,0,0,0,3,15,3,15,-1,3,0,0,4,15,4,15,-1,0,0,0,5,15,5,15,-1,0,0,0,6,15,6,15,-1,3,0,0,7,15,7,15,-1,0,0,0,3,16,3,16,-1,0,0,0,6,16,6,16,-1,0,0,0,3,17,3,17,-1,0,0,0,6,17,6,17,-1,0,0,0,18,0,0,0,0,0,0,8,0,14,18,20,24,23,22,1,8,-1,3,1,3,1,1,1,1,3,1,3,1,3,1,-1,1,2,1,3,-1,0,0,0,0,0,0,0,0,0,0,0,0,0,0,0,0,0,10,14,15,19,21,27,26,25,24,20,18,10,-1,1,2,3,2,1,2,1,4,1,4,1,4,1,0,1,0,1,0,1,3,0,2,4,-1,0,0,0,0,0,0,0,0,0,0,0,0,0,0,0,0,0,7,15,7,8,28,27,21,19,7,-1,1,-1,2,5,3,5,1,1,1,1,1,1,1,2,1,5,-1,0,0,0,0,0,0,0,0,0,0,0,0,0,0,0,0,0,10,1,22,23,24,29,31,35,34,33,2,10,0,3,0,1,0,1,4,1,4,1,4,1,6,1,6,1,6,1,-1,1,3,0,4,6,-1,0,0,0,0,0,0,0,0,0,0,0,0,0,0,0,0,0,12,24,25,26,27,30,32,38,37,36,35,31,29,12,1,1,1,1,1,1,5,1,5,1,5,1,7,1,7,1,7,1,3,1,3,1,3,1,4,1,3,5,7,-1,0,0,0,0,0,0,0,0,0,0,0,0,0,0,0,0,0,8,27,28,8,9,39,38,32,30,8,2,1,2,1,-1,1,8,3,8,1,4,1,4,1,4,1,3,2,4,8,-1,0,0,0,0,0,0,0,0,0,0,0,0,0,0,0,0,0,10,2,33,34,35,40,42,46,45,44,3,10,3,3,3,1,3,1,7,1,7,1,7,1,9,1,9,1,9,1,-1,1,3,3,7,9,-1,0,0,0,0,0,0,0,0,0,0,0,0,0,0,0,0,0,12,35,36,37,38,41,43,49,48,47,46,42,40,12,4,1,4,1,4,1,8,1,8,1,8,1,10,1,10,1,10,1,6,1,6,1,6,1,4,4,6,8,10,-1,0,0,0,0,0,0,0,0,0,0,0,0,0,0,0,0,0,8,38,39,9,10,50,49,43,41,8,5,1,5,1,-1,1,11,3,11,1,7,1,7,1,7,1,3,5,7,11,-1,0,0,0,0,0,0,0,0,0,0,0,0,0,0,0,0,0,10,3,44,45,46,51,53,57,56,55,4,10,6,3,6,1,6,1,10,1,10,1,10,1,12,1,12,1,12,1,-1,1,3,6,10,12,-1,0,0,0,0,0,0,0,0,0,0,0,0,0,0,0,0,0,12,46,47,48,49,52,54,60,59,58,57,53,51,12,7,1,7,1,7,1,11,1,11,1,11,1,13,1,13,1,13,1,9,1,9,1,9,1,4,7,9,11,13,-1,0,0,0,0,0,0,0,0,0,0,0,0,0,0,0,0,0,8,49,50,10,11,61,60,54,52,8,8,1,8,1,-1,1,14,3,14,1,10,1,10,1,10,1,3,8,10,14,-1,0,0,0,0,0,0,0,0,0,0,0,0,0,0,0,0,0,10,4,55,56,57,62,64,68,67,66,5,10,9,3,9,1,9,1,13,1,13,1,13,1,15,1,15,1,15,1,-1,1,3,9,13,15,-1,0,0,0,0,0,0,0,0,0,0,0,0,0,0,0,0,0,12,57,58,59,60,63,65,71,70,69,68,64,62,12,10,1,10,1,10,1,14,1,14,1,14,1,16,1,16,1,16,1,12,1,12,1,12,1,4,10,12,14,16,-1,0,0,0,0,0,0,0,0,0,0,0,0,0,0,0,0,0,8,60,61,11,12,72,71,65,63,8,11,1,11,1,-1,1,17,3,17,1,13,1,13,1,13,1,3,11,13,17,-1,0,0,0,0,0,0,0,0,0,0,0,0,0,0,0,0,0,8,5,66,67,68,73,75,16,6,8,12,3,12,1,12,1,16,1,16,1,16,1,-1,1,-1,3,2,12,16,-1,0,0,0,0,0,0,0,0,0,0,0,0,0,0,0,0,0,10,68,69,70,71,74,76,17,16,75,73,10,13,1,13,1,13,1,17,1,17,1,17,1,-1,1,15,3,15,1,15,1,3,13,15,17,-1,0,0,0,0,0,0,0,0,0,0,0,0,0,0,0,0,0,7,71,72,12,13,17,76,74,7,14,1,14,1,-1,1,-1,3,16,2,16,1,16,1,2,14,16,-1,0,0,0,0,0,0,0,0,0,0,0,7,7,2,2,8,18
topology,8,15,3,2,0,0,0,0,0,0,0,0,1,1,1,1,1,1,1,1,0,0,0,0,0,0,0,1,1,1,1,1,1,1,1,0,0,0,0,0,0,0,1,1,1,1,1,1,1,1,8,0,0,0,0,-1,3,128,0,0,3,0,3,-1,3,128,0,15,0,15,0,-1,3,128,0,15,3,15,3,-1,3,128,0,7,0,7,0,-1,3,128,0,7,3,7,3,-1,3,128,0,7,1,7,1,-1,0,128,0,7,2,7,2,-1,0,0,0,2,0,0,0,0,0,0,6,0,4,6,7,5,1,6,-1,3,1,7,1,1,1,1,-1,1,-1,7,1,1,-1,0,0,0,0,0,0,0,0,0,0,0,0,0,0,0,0,0,6,4,2,3,5,7,6,6,-1,1,-1,8,-1,3,0,8,0,1,0,1,1,0,-1,0,0,0,0,0,0,0,0,0,0,0,2,2,1,1,15,3
topology,9,22,8,3,1,0,0,0,0,0,0,0,0,0,0,0,0,0,0,0,0,0,0,0,0,0,0,0,1,1,1,1,1,1,1,1,1,1,1,1,1,1,1,1,1,1,1,1,0,0,1,2,2,2,2,2,2,2,2,2,2,2,2,2,2,2,2,2,2,1,0,0,1,2,2,2,2,2,2,2,2,2,2,2,2,2,2,2,2,2,2,1,0,0,1,2,2,2,2,2,2,2,2,2,2,2,2,2,2,2,2,2,2,1,0,0,1,2,2,2,2,2,2,2,2,2,2,2,2,2,2,2,2,2,2,1,0,0,1,1,1,1,1,1,1,1,1,1,1,1,1,1,1,1,1,1,1,1,0,0,0,0,0,0,0,0,0,0,0,0,0,0,0,0,0,0,0,0,0,0,0,100,0,0,0,0,-1,3,128,0,0,8,0,8,-1,3,128,0,22,0,22,0,-1,3,128,0,22,8,22,8,-1,3,128,0,1,1,1,1,-1,0,0,0,2,1,2,1,-1,0,0,0,3,1,3,1,-1,0,0,0,4,1,4,1,-1,0,0,0,5,1,5,1,-1,0,0,0,6,1,6,1,-1,0,0,0,7,1,7,1,-1,0,0,0,8,1,8,1,-1,0,0,0,9,1,9,1,-1,0,0,0,10,1,10,1,-1,0,0,0,11,1,11,1,-1,0,0,0,12,1,12,1,-1,0,0,0,13,1,13,1,-1,0,0,0,14,1,14,1,-1,0,0,0,15,1,15,1,-1,0,0,0,16,1,16,1,-1,0,0,0,17,1,17,1,-1,0,0,0,18,1,18,1,-1,0,0,0,19,1,19,1,-1,0,0,0,20,1,20,1,-1,0,0,0,21,1,21,1,-1,0,0,0,1,2,1,2,-1,0,0,0,2,2,2,2,-1,0,0,0,3,2,3,2,-1,0,0,0,4,2,4,2,-1,0,0,0,5,2,5,2,-1,0,0,0,6,2,6,2,-1,0,0,0,7,2,7,2,-1,0,0,0,8,2,8,2,-1,0,0,0,9,2,9,2,-1,0,0,0,10,2,10,2,-1,0,0,0,11,2,11,2,-1,0,0,0,12,2,12,2,-1,0,0,0,13,2,13,2,-1,0,0,0,14,2,14,2,-1,0,0,0,15,2,15,2,-1,0,0,0,16,2,16,2,-1,0,0,0,17,2,17,2,-1,0,0,0,18,2,18,2,-1,0,0,0,19,2,19,2,-1,0,0,0,20,2,20,2,-1,0,0,0,21,2,21,2,-1,0,0,0,1,3,1,3,-1,0,0,0,2,3,2,3,-1,0,0,0,20,3,20,3,-1,0,0,0,21,3,21,3,-1,0,0,0,1,4,1,4,-1,0,0,0,2,4,2,4,-1,0,0,0,20,4,20,4,-1,0,0,0,21,4,21,4,-1,0,0,0,1,5,1,5,-1,0,0,0,2,5,2,5,-1,0,0,0,20,5,20,5,-1,0,0,0,21,5,21,5,-1,0,0,0,1,6,1,6,-1,0,0,0,2,6,2,6,-1,0,0,0,3,6,3,6,-1,0,0,0,4,6,4,6,-1,0,0,0,5,6,5,6,-1,0,0,0,6,6,6,6,-1,0,0,0,7,6,7,6,-1,0,0,0,8,6,8,6,-1,0,0,0,9,6,9,6,-1,0,0,0,10,6,10,6,-1,0,0,0,11,6,11,6,-1,0,0,0,12,6,12,6,-1,0,0,0,13,6,13,6,-1,0,0,0,14,6,14,6,-1,0,0,0,15,6,15,6,-1,0,0,0,16,6,16,6,-1,0,0,0,17,6,17,6,-1,0,0,0,18,6,18,6,-1,0,0,0,19,6,19,6,-1,0,0,0,20,6,20,6,-1,0,0,0,21,6,21,6,-1,0,0,0,1,7,1,7,-1,0,0,0,2,7,2,7,-1,0,0,0,3,7,3,7,-1,0,0,0,4,7,4,7,-1,0,0,0,5,7,5,7,-1,0,0,0,6,7,6,7,-1,0,0,0,7,7,7,7,-1,0,0,0,8,7,8,7,-1,0,0,0,9,7,9,7,-1,0,0,0,10,7,10,7,-1,0,0,0,11,7,11,7,-1,0,0,0,12,7,12,7,-1,0,0,0,13,7,13,7,-1,0,0,0,14,7,14,7,-1,0,0,0,15,7,15,7,-1,0,0,0,16,7,16,7,-1,0,0,0,17,7,17,7,-1,0,0,0,18,7,18,7,-1,0,0,0,19,7,19,7,-1,0,0,0,20,7,20,7,-1,0,0,0,21,7,21,7,-1,0,0,0,3,0,0,0,0,0,0,4,0,2,3,1,4,-1,8,-1,22,-1,8,-1,22,0,-1,0,0,0,0,0,0,0,0,0,0,0,0,0,0,0,0,0,52,4,5,6,7,8,9,10,11,12,13,14,15,16,17,18,19,20,21,22,23,24,45,49,53,57,78,99,98,97,96,95,94,93,92,91,90,89,88,87,86,85,84,83,82,81,80,79,58,54,50,46,25,52,0,1,0,1,0,1,0,1,0,1,0,1,0,1,0,1,0,1,0,1,0,1,0,1,0,1,0,1,0,1,0,1,0,1,0,1,0,1,0,1,0,1,0,1,0,1,0,1,0,1,0,1,0,1,0,1,0,1,0,1,0,1,0,1,0,1,0,1,0,1,0,1,0,1,0,1,0,1,0,1,0,1,0,1,0,1,0,1,0,1,0,1,0,1,0,1,0,1,0,1,0,1,0,1,1,0,0,0,0,0,0,0,0,0,0,0,0,0,0,0,0,0,0,0,44,26,27,28,29,30,31,32,33,34,35,36,37,38,39,40,41,42,43,44,48,52,56,77,76,75,74,73,72,71,70,69,68,67,66,65,64,63,62,61,60,59,55,51,47,44,1,1,1,1,1,1,1,1,1,1,1,1,1,1,1,1,1,1,1,1,1,1,1,1,1,1,1,1,1,1,1,1,1,1,1,1,1,1,1,1,1,1,1,1,1,1,1,1,1,1,1,1,1,1,1,1,1,1,1,1,1,1,1,1,1,1,1,1,1,1,1,1,1,1,1,1,1,1,1,1,1,1,1,1,1,1,1,1,1,1,1,0,0,0,0,0,0,0,0,0,0,0,2,2,0,0,22,8
topology,10,7,13,28,0,0,0,1,1,2,2,3,0,0,1,1,2,2,3,4,4,5,5,6,6,7,4,4,5,5,6,6,7,8,8,9,9,10,10,11,8,8,9,9,10,10,11,12,12,13,13,14,14,15,12,12,13,13,14,14,15,16,16,17,17,18,18,19,16,16,17,17,18,18,19,20,20,21,21,22,22,23,20,20,21,21,22,22,23,24,24,25,25,26,26,27,76,0,0,0,0,-1,3,128,0,0,2,0,2,-1,3,128,0,0,4,0,4,-1,3,128,0,0,6,0,6,-1,3,128,0,0,8,0,8,-1,3,128,0,0,10,0,10,-1,3,128,0,0,12,0,12,-1,3,128,0,0,13,0,13,-1,3,128,0,7,0,7,0,-1,3,128,0,7,2,7,2,-1,3,128,0,7,4,7,4,-1,3,128,0,7,6,7,6,-1,3,128,0,7,8,7,8,-1,3,128,0,7,10,7,10,-1,3,128,0,7,12,7,12,-1,3,128,0,7,13,7,13,-1,3,128,0,2,0,2,0,-1,3,128,0,4,0,4,0,-1,3,128,0,6,0,6,0,-1,3,128,0,2,13,2,13,-1,3,128,0,4,13,4,13,-1,3,128,0,6,13,6,13,-1,3,128,0,2,1,2,1,-1,0,0,0,4,1,4,1,-1,0,0,0,6,1,6,1,-1,0,0,0,1,2,1,2,-1,0,0,0,2,2,2,2,-1,3,0,0,3,2,3,2,-1,0,0,0,4,2,4,2,-1,3,0,0,5,2,5,2,-1,0,0,0,6,2,6,2,-1,3,0,0,2,3,2,3,-1,0,0,0,4,3,4,3,-1,0,0,0,6,3,6,3,-1,0,0,0,1,4,1,4,-1,0,0,0,2,4,2,4,-1,3,0,0,3,4,3,4,-1,0,0,0,4,4,4,4,-1,3,0,0,5,4,5,4,-1,0,0,0,6,4,6,4,-1,3,0,0,2,5,2,5,-1,0,0,0,4,5,4,5,-1,0,0,0,6,5,6,5,-1,0,0,0,1,6,1,6,-1,0,0,0,2,6,2,6,-1,3,0,0,3,6,3,6,-1,0,0,0,4,6,4,6,-1,3,0,0,5,6,5,6,-1,0,0,0,6,6,6,6,-1,3,0,0,2,7,2,7,-1,0,0,0,4,7,4,7,-1,0,0,0,6,7,6,7,-1,0,0,0,1,8,1,8,-1,0,0,0,2,8,2,8,-1,3,0,0,3,8,3,8,-1,0,0,0,4,8,4,8,-1,3,0,0,5,8,5,8,-1,0,0,0,6,8,6,8,-1,3,0,0,2,9,2,9,-1,0,0,0,4,9,4,9,-1,0,0,0,6,9,6,9,-1,0,0,0,1,10,1,10,-1,0,0,0,2,10,2,10,-1,3,0,0,3,10,3,10,-1,0,0,0,4,10,4,10,-1,3,0,0,5,10,5,10,-1,0,0,0,6,10,6,10,-1,3,0,0,2,11,2,11,-1,0,0,0,4,11,4,11,-1,0,0,0,6,11,6,11,-1,0,0,0,1,12,1,12,-1,0,0,0,2,12,2,12,-1,3,0,0,3,12,3,12,-1,0,0,0,4,12,4,12,-1,3,0,0,5,12,5,12,-1,0,0,0,6,12,6,12,-1,3,0,0,28,0,0,0,0,0,0,6,0,16,22,26,25,1,6,-1,2,1,2,1,1,4,1,4,1,-1,1,2,1,4,-1,0,0,0,0,0,0,0,0,0,0,0,0,0,0,0,0,0,7,16,17,23,28,27,26,22,7,-1,1,2,2,2,1,5,1,5,1,0,1,0,1,3,0,2,5,-1,0,0,0,0,0,0,0,0,0,0,0,0,0,0,0,0,0,7,17,18,24,30,29,28,23,7,-1,1,3,2,3,1,6,1,6,1,1,1,1,1,3,1,3,6,-1,0,0,0,0,0,0,0,0,0,0,0,0,0,0,0,0,0,5,18,8,9,30,24,5,-1,1,-1,1,7,2,2,1,2,1,2,2,7,-1,0,0,0,0,0,0,0,0,0,0,0,0,0,0,0,0,0,7,1,25,26,31,35,34,2,7,0,2,0,1,5,1,5,1,8,1,8,1,-1,1,3,0,5,8,-1,0,0,0,0,0,0,0,0,0,0,0,0,0,0,0,0,0,8,26,27,28,32,37,36,35,31,8,1,1,1,1,6,1,6,1,9,1,9,1,4,1,4,1,4,1,4,6,9,-1,0,0,0,0,0,0,0,0,0,0,0,0,0,0,0,0,0,8,28,29,30,33,39,38,37,32,8,2,1,2,1,7,1,7,1,10,1,10,1,5,1,5,1,4,2,5,7,10,-1,0,0,0,0,0,0,0,0,0,0,0,0,0,0,0,0,0,5,30,9,10,39,33,5,3,1,-1,1,11,2,6,1,6,1,3,3,6,11,-1,0,0,0,0,0,0,0,0,0,0,0,0,0,0,0,0,0,7,2,34,35,40,44,43,3,7,4,2,4,1,9,1,9,1,12,1,12,1,-1,1,3,4,9,12,-1,0,0,0,0,0,0,0,0,0,0,0,0,0,0,0,0,0,8,35,36,37,41,46,45,44,40,8,5,1,5,1,10,1,10,1,13,1,13,1,8,1,8,1,4,5,8,10,13,-1,0,0,0,0,0,0,0,0,0,0,0,0,0,0,0,0,0,8,37,38,39,42,48,47,46,41,8,6,1,6,1,11,1,11,1,14,1,14,1,9,1,9,1,4,6,9,11,14,-1,0,0,0,0,0,0,0,0,0,0,0,0,0,0,0,0,0,5,39,10,11,48,42,5,7,1,-1,1,15,2,10,1,10,1,3,7,10,15,-1,0,0,0,0,0,0,0,0,0,0,0,0,0,0,0,0,0,7,3,43,44,49,53,52,4,7,8,2,8,1,13,1,13,1,16,1,16,1,-1,1,3,8,13,16,-1,0,0,0,0,0,0,0,0,0,0,0,0,0,0,0,0,0,8,44,45,46,50,55,54,53,49,8,9,1,9,1,14,1,14,1,17,1,17,1,12,1,12,1,4,9,12,14,17,-1,0,0,0,0,0,0,0,0,0,0,0,0,0,0,0,0,0,8,46,47,48,51,57,56,55,50,8,10,1,10,1,15,1,15,1,18,1,18,1,13,1,13,1,4,10,13,15,18,-1,0,0,0,0,0,0,0,0,0,0,0,0,0,0,0,0,0,5,48,11,12,57,51,5,11,1,-1,1,19,2,14,1,14,1,3,11,14,19,-1,0,0,0,0,0,0,0,0,0,0,0,0,0,0,0,0,0,7,4,52,53,58,62,61,5,7,12,2,12,1,17,1,17,1,20,1,20,1,-1,1,3,12,17,20,-1,0,0,0,0,0,0,0,0,0,0,0,0,0,0,0,0,0,8,53,54,55,59,64,63,62,58,8,13,1,13,1,18,1,18,1,21,1,21,1,16,1,16,1,4,13,16,18,21,-1,0,0,0,0,0,0,0,0,0,0,0,0,0,0,0,0,0,8,55,56,57,60,66,65,64,59,8,14,1,14,1,19,1,19,1,22,1,22,1,17,1,17,1,4,14,17,19,22,-1,0,0,0,0,0,0,0,0,0,0,0,0,0,0,0,0,0,5,57,12,13,66,60,5,15,1,-1,1,23,2,18,1,18,1,3,15,18,23,-1,0,0,0,0,0,0,0,0,0,0,0,0,0,0,0,0,0,7,5,61,62,67,71,70,6,7,16,2,16,1,21,1,21,1,24,1,24,1,-1,1,3,16,21,24,-1,0,0,0,0,0,0,0,0,0,0,0,0,0,0,0,0,0,8,62,63,64,68,73,72,71,67,8,17,1,17,1,22,1,22,1,25,1,25,1,20,1,20,1,4,17,20,22,25,-1,0,0,0,0,0,0,0,0,0,0,0,0,0,0,0,0,0,8,64,65,66,69,75,74,73,68,8,18,1,18,1,23,1,23,1,26,1,26,1,21,1,21,1,4,18,21,23,26,-1,0,0,0,0,0,0,0,0,0,0,0,0,0,0,0,0,0,5,66,13,14,75,69,5,19,1,-1,1,27,2,22,1,22,1,3,19,22,27,-1,0,0,0,0,0,0,0,0,0,0,0,0,0,0,0,0,0,5,6,70,71,19,7,5,20,1,20,1,25,1,-1,1,-1,2,2,20,25,-1,0,0,0,0,0,0,0,0,0,0,0,0,0,0,0,0,0,5,71,72,73,20,19,5,21,1,21,1,26,1,-1,1,24,2,3,21,24,26,-1,0,0,0,0,0,0,0,0,0,0,0,0,0,0,0,0,0,5,73,74,75,21,20,5,22,1,22,1,27,1,-1,1,25,2,3,22,25,27,-1,0,0,0,0,0,0,0,0,0,0,0,0,0,0,0,0,0,4,75,14,15,21,4,23,1,-1,1,-1,1,26,1,2,23,26,-1,0,0,0,0,0,0,0,0,0,0,0,8,8,3,3,7,13
topology,11,26,26,2,0,0,1,1,1,1,1,1,1,1,1,1,1,1,1,1,1,1,1,1,1,1,1,1,1,1,1,0,0,1,1,1,1,1,1,1,1,1,1,1,1,1,1,1,1,1,1,1,1,1,1,1,1,0,0,0,1,1,1,1,1,1,1,1,1,1,1,1,1,1,1,1,1,1,1,1,1,1,1,0,0,0,0,1,1,1,1,1,1,1,1,1,1,1,1,1,1,1,1,1,1,1,1,1,1,0,0,0,0,0,1,1,1,1,1,1,1,1,1,1,1,1,1,1,1,1,1,1,1,1,1,0,0,0,0,0,0,1,1,1,1,1,1,1,1,1,1,1,1,1,1,1,1,1,1,1,1,0,0,0,0,0,0,0,1,1,1,1,1,1,1,1,1,1,1,1,1,1,1,1,1,1,1,0,0,0,0,0,0,0,0,1,1,1,1,1,1,1,1,1,1,1,1,1,1,1,1,1,1,0,0,0,0,0,0,0,0,0,1,1,1,1,1,1,1,1,1,1,1,1,1,1,1,1,1,0,0,0,0,0,0,0,0,0,0,1,1,1,1,1,1,1,1,1,1,1,1,1,1,1,1,0,0,0,0,0,0,0,0,0,0,0,1,1,1,1,1,1,1,1,1,1,1,1,1,1,1,0,0,0,0,0,0,0,0,0,0,0,0,1,1,1,1,1,1,1,1,1,1,1,1,1,1,0,0,0,0,0,0,0,0,0,0,0,0,0,1,1,1,1,1,1,1,1,1,1,1,1,1,0,0,0,0,0,0,0,0,0,0,0,0,0,0,1,1,1,1,1,1,1,1,1,1,1,1,0,0,0,0,0,0,0,0,0,0,0,0,0,0,0,1,1,1,1,1,1,1,1,1,1,1,0,0,0,0,0,0,0,0,0,0,0,0,0,0,0,0,1,1,1,1,1,1,1,1,1,1,0,0,0,0,0,0,0,0,0,0,0,0,0,0,0,0,0,1,1,1,1,1,1,1,1,1,0,0,0,0,0,0,0,0,0,0,0,0,0,0,0,0,0,0,1,1,1,1,1,1,1,1,0,0,0,0,0,0,0,0,0,0,0,0,0,0,0,0,0,0,0,1,1,1,1,1,1,1,0,0,0,0,0,0,0,0,0,0,0,0,0,0,0,0,0,0,0,0,1,1,1,1,1,1,0,0,0,0,0,0,0,0,0,0,0,0,0,0,0,0,0,0,0,0,0,1,1,1,1,1,0,0,0,0,0,0,0,0,0,0,0,0,0,0,0,0,0,0,0,0,0,0,1,1,1,1,0,0,0,0,0,0,0,0,0,0,0,0,0,0,0,0,0,0,0,0,0,0,0,1,1,1,0,0,0,0,0,0,0,0,0,0,0,0,0,0,0,0,0,0,0,0,0,0,0,0,1,1,0,0,0,0,0,0,0,0,0,0,0,0,0,0,0,0,0,0,0,0,0,0,0,0,0,1,0,0,0,0,0,0,0,0,0,0,0,0,0,0,0,0,0,0,0,0,0,0,0,0,0,0,25,0,0,0,0,-1,3,128,0,0,26,0,26,-1,3,128,0,26,0,26,0,-1,3,128,0,26,25,26,25,-1,3,128,0,26,26,26,26,-1,3,128,0,1,0,1,0,-1,3,128,0,1,1,1,1,-1,0,0,0,3,2,3,2,-1,0,0,0,4,4,4,4,-1,0,0,0,6,5,6,5,-1,0,0,0,7,7,7,7,-1,0,0,0,9,8,9,8,-1,0,0,0,10,10,10,10,-1,0,0,0,12,11,12,11,-1,0,0,0,13,13,13,13,-1,0,0,0,15,14,15,14,-1,0,0,0,16,16,16,16,-1,0,128,0,18,17,18,17,-1,0,128,0,19,19,19,19,-1,0,128,0,21,20,21,20,-1,0,128,0,22,22,22,22,-1,0,128,0,24,23,24,23,-1,0,128,0,24,24,24,24,-1,0,128,0,25,24,25,24,-1,0,128,0,25,25,25,25,-1,0,0,0,2,0,0,0,0,0,0,24,0,5,6,7,8,9,10,11,12,13,14,15,16,17,18,19,20,21,22,23,24,3,4,1,24,-1,26,1,1,1,1,1,3,1,3,1,3,1,3,1,3,1,3,1,3,1,3,1,3,1,3,1,3,1,3,1,3,1,3,1,3,1,1,1,1,1,1,-1,1,-1,1,-1,26,1,1,-1,0,0,0,0,0,0,0,0,0,0,0,0,0,0,0,0,0,22,5,2,3,24,23,22,21,20,19,18,17,16,15,14,13,12,11,10,9,8,7,6,22,-1,1,-1,25,0,25,0,1,0,1,0,1,0,1,0,3,0,3,0,3,0,3,0,3,0,3,0,3,0,3,0,3,0,3,0,3,0,3,0,3,0,3,0,3,1,0,-1,0,0,0,0,0,0,0,0,0,0,0,2,3,1,0,26,26
topology,12,21,3,6,0,0,0,0,1,1,1,2,2,2,3,3,3,3,3,3,4,4,4,5,5,5,0,0,0,1,1,1,2,2,2,3,3,3,3,3,3,4,4,4,5,5,5,0,0,0,1,1,1,2,2,2,3,3,3,3,3,3,4,4,4,5,5,5,24,0,0,0,0,-1,3,128,0,0,3,0,3,-1,3,128,0,21,0,21,0,-1,3,128,0,21,3,21,3,-1,3,128,0,3,0,3,0,-1,3,128,0,6,0,6,0,-1,3,128,0,9,0,9,0,-1,3,128,0,15,0,15,0,-1,3,128,0,18,0,18,0,-1,3,128,0,3,3,3,3,-1,3,128,0,6,3,6,3,-1,3,128,0,9,3,9,3,-1,3,128,0,15,3,15,3,-1,3,128,0,18,3,18,3,-1,3,128,0,3,1,3,1,-1,0,0,0,6,1,6,1,-1,0,0,0,9,1,9,1,-1,0,0,0,15,1,15,1,-1,0,0,0,18,1,18,1,-1,0,0,0,3,2,3,2,-1,0,0,0,6,2,6,2,-1,0,0,0,9,2,9,2,-1,0,0,0,15,2,15,2,-1,0,0,0,18,2,18,2,-1,0,0,0,6,0,0,0,0,0,0,6,0,4,14,19,9,1,6,-1,3,1,3,1,1,1,1,-1,1,-1,3,1,1,-1,0,0,0,0,0,0,0,0,0,0,0,0,0,0,0,0,0,8,4,5,15,20,10,9,19,14,8,-1,1,2,3,2,1,2,1,-1,1,0,3,0,1,0,1,2,0,2,-1,0,0,0,0,0,0,0,0,0,0,0,0,0,0,0,0,0,8,5,6,16,21,11,10,20,15,8,-1,1,3,3,3,1,3,1,-1,1,1,3,1,1,1,1,2,1,3,-1,0,0,0,0,0,0,0,0,0,0,0,0,0,0,0,0,0,8,6,7,17,22,12,11,21,16,8,-1,1,4,6,4,1,4,1,-1,1,2,6,2,1,2,1,2,2,4,-1,0,0,0,0,0,0,0,0,0,0,0,0,0,0,0,0,0,8,7,8,18,23,13,12,22,17,8,-1,1,5,3,5,1,5,1,-1,1,3,3,3,1,3,1,2,3,5,-1,0,0,0,0,0,0,0,0,0,0,0,0,0,0,0,0,0,6,8,2,3,13,23,18,6,-1,1,-1,3,-1,3,4,3,4,1,4,1,1,4,-1,0,0,0,0,0,0,0,0,0,0,0,2,2,5,5,21,3
topology,13,6,8,1,0,0,0,0,0,0,0,0,0,0,0,0,0,0,0,0,0,0,0,0,0,0,0,0,0,0,0,0,0,0,0,0,0,0,0,0,0,0,0,0,0,0,0,0,0,0,0,0,0,4,0,0,0,0,-1,3,128,0,0,8,0,8,-1,3,128,0,6,0,6,0,-1,3,128,0,6,8,6,8,-1,3,128,0,1,0,0,0,0,0,0,4,0,2,3,1,4,-1,8,-1,6,-1,8,-1,6,0,-1,0,0,0,0,0,0,0,0,0,0,0,2,2,0,0,6,8
topology,14,26,26,2,1,0,0,0,0,0,0,0,0,0,0,0,0,0,0,0,0,0,0,0,0,0,0,0,0,0,0,0,0,0,0,0,0,0,0,0,0,0,0,0,0,0,0,0,0,0,0,0,0,0,0,0,0,0,0,0,0,0,0,0,0,0,0,0,0,0,0,0,0,0,0,0,0,0,0,0,0,0,0,0,0,0,0,0,0,0,0,0,0,0,0,0,0,0,0,0,0,0,0,0,0,0,0,0,0,0,0,0,0,0,0,0,0,0,0,0,0,0,0,0,0,0,0,0,0,0,0,0,0,0,0,0,0,0,0,0,0,0,0,0,0,1,1,1,1,1,1,1,0,0,0,0,0,0,0,0,0,0,0,0,0,0,0,0,0,1,1,1,1,1,1,1,1,1,1,1,0,0,0,0,0,0,0,0,0,0,0,0,0,0,1,1,1,1,1,1,1,1,1,1,1,1,1,0,0,0,0,0,0,0,0,0,0,0,0,1,1,1,1,1,1,1,1,1,1,1,1,1,1,1,0,0,0,0,0,0,0,0,0,0,0,1,1,1,1,1,1,1,1,1,1,1,1,1,1,1,0,0,0,0,0,0,0,0,0,0,1,1,1,1,1,1,1,1,1,1,1,1,1,1,1,1,1,0,0,0,0,0,0,0,0,0,1,1,1,1,1,1,1,1,1,1,1,1,1,1,1,1,1,0,0,0,0,0,0,0,0,0,1,1,1,1,1,1,1,1,1,1,1,1,1,1,1,1,1,0,0,0,0,0,0,0,0,0,1,1,1,1,1,1,1,1,1,1,1,1,1,1,1,1,1,0,0,0,0,0,0,0,0,0,1,1,1,1,1,1,1,1,1,1,1,1,1,1,1,1,1,0,0,0,0,0,0,0,0,0,1,1,1,1,1,1,1,1,1,1,1,1,1,1,1,1,1,0,0,0,0,0,0,0,0,0,1,1,1,1,1,1,1,1,1,1,1,1,1,1,1,1,1,0,0,0,0,0,0,0,0,0,0,1,1,1,1,1,1,1,1,1,1,1,1,1,1,1,0,0,0,0,0,0,0,0,0,0,0,1,1,1,1,1,1,1,1,1,1,1,1,1,1,1,0,0,0,0,0,0,0,0,0,0,0,0,1,1,1,1,1,1,1,1,1,1,1,1,1,0,0,0,0,0,0,0,0,0,0,0,0,0,0,1,1,1,1,1,1,1,1,1,1,1,0,0,0,0,0,0,0,0,0,0,0,0,0,0,0,0,0,1,1,1,1,1,1,1,0,0,0,0,0,0,0,0,0,0,0,0,0,0,0,0,0,0,0,0,0,0,0,0,0,0,0,0,0,0,0,0,0,0,0,0,0,0,0,0,0,0,0,0,0,0,0,0,0,0,0,0,0,0,0,0,0,0,0,0,0,0,0,0,0,0,0,0,0,0,0,0,0,0,0,0,0,0,0,0,0,0,0,0,0,0,0,0,0,0,0,0,0,0,0,0,0,0,0,0,0,0,0,0,0,0,0,0,0,0,0,0,0,72,0,0,0,0,-1,3,128,0,0,26,0,26,-1,3,128,0,26,0,26,0,-1,3,128,0,26,26,26,26,-1,3,128,0,10,5,10,5,-1,0,0,0,11,5,11,5,-1,0,0,0,12,5,12,5,-1,0,0,0,13,5,13,5,-1,0,0,0,14,5,14,5,-1,0,0,0,15,5,15,5,-1,0,0,0,16,5,16,5,-1,0,0,0,17,5,17,5,-1,0,0,0,8,6,8,6,-1,0,0,0,9,6,9,6,-1,0,0,0,10,6,10,6,-1,0,0,0,17,6,17,6,-1,0,0,0,18,6,18,6,-1,0,0,0,19,6,19,6,-1,0,0,0,7,7,7,7,-1,0,0,0,8,7,8,7,-1,0,0,0,19,7,19,7,-1,0,0,0,20,7,20,7,-1,0,0,0,6,8,6,8,-1,0,0,0,7,8,7,8,-1,0,0,0,20,8,20,8,-1,0,0,0,21,8,21,8,-1,0,0,0,6,9,6,9,-1,0,0,0,21,9,21,9,-1,0,0,0,5,10,5,10,-1,0,0,0,6,10,6,10,-1,0,0,0,21,10,21,10,-1,0,0,0,22,10,22,10,-1,0,0,0,5,11,5,11,-1,0,0,0,22,11,22,11,-1,0,0,0,5,12,5,12,-1,0,0,0,22,12,22,12,-1,0,0,0,5,13,5,13,-1,0,0,0,22,13,22,13,-1,0,0,0,5,14,5,14,-1,0,0,0,22,14,22,14,-1,0,0,0,5,15,5,15,-1,0,0,0,22,15,22,15,-1,0,0,0,5,16,5,16,-1,0,0,0,22,16,22,16,-1,0,0,0,5,17,5,17,-1,0,0,0,6,17,6,17,-1,0,0,0,21,17,21,17,-1,0,0,0,22,17,22,17,-1,0,0,0,6,18,6,18,-1,0,0,0,21,18,21,18,-1,0,0,0,6,19,6,19,-1,0,0,0,7,19,7,19,-1,0,0,0,20,19,20,19,-1,0,0,0,21,19,21,19,-1,0,0,0,7,20,7,20,-1,0,0,0,8,20,8,20,-1,0,0,0,19,20,19,20,-1,0,0,0,20,20,20,20,-1,0,0,0,8,21,8,21,-1,0,0,0,9,21,9,21,-1,0,0,0,10,21,10,21,-1,0,0,0,17,21,17,21,-1,0,0,0,18,21,18,21,-1,0,0,0,19,21,19,21,-1,0,0,0,10,22,10,22,-1,0,0,0,11,22,11,22,-1,0,0,0,12,22,12,22,-1,0,0,0,13,22,13,22,-1,0,0,0,14,22,14,22,-1,0,0,0,15,22,15,22,-1,0,0,0,16,22,16,22,-1,0,0,0,17,22,17,22,-1,0,0,0,2,0,0,0,0,0,0,4,0,2,3,1,4,-1,26,-1,26,-1,26,-1,26,0,-1,0,0,0,0,0,0,0,0,0,0,0,0,0,0,0,0,0,68,4,5,6,7,8,9,10,11,15,16,17,20,21,24,25,27,30,31,33,35,37,39,41,43,47,46,49,53,52,57,56,63,62,61,71,70,69,68,67,66,65,64,60,59,58,55,54,51,50,48,45,44,42,40,38,36,34,32,28,29,26,22,23,18,19,12,13,14,68,0,1,0,1,0,1,0,1,0,1,0,1,0,1,0,1,0,1,0,1,0,1,0,1,0,1,0,1,0,1,0,1,0,1,0,1,0,1,0,1,0,1,0,1,0,1,0,1,0,1,0,1,0,1,0,1,0,1,0,1,0,1,0,1,0,1,0,1,0,1,0,1,0,1,0,1,0,1,0,1,0,1,0,1,0,1,0,1,0,1,0,1,0,1,0,1,0,1,0,1,0,1,0,1,0,1,0,1,0,1,0,1,0,1,0,1,0,1,0,1,0,1,0,1,0,1,0,1,0,1,0,1,0,1,0,1,1,0,0,0,0,0,0,0,0,0,0,0,0,0,2,2,0,0,26,26
topology,15,20,18,42,0,0,0,0,1,1,1,2,2,2,3,3,3,4,4,4,5,5,5,6,6,0,0,0,1,1,1,2,2,2,3,3,3,4,4,4,5,5,5,6,6,0,0,0,1,1,1,2,2,2,3,3,3,4,4,4,5,5,5,6,6,7,7,7,8,8,8,9,9,9,10,10,10,11,11,11,12,12,12,13,13,7,7,7,8,8,8,9,9,9,10,10,10,11,11,11,12,12,12,13,13,7,7,7,8,8,8,9,9,9,10,10,10,11,11,11,12,12,12,13,13,14,14,14,15,15,15,16,16,16,17,17,17,18,18,18,19,19,19,20,20,14,14,14,15,15,15,16,16,16,17,17,17,18,18,18,19,19,19,20,20,14,14,14,15,15,15,16,16,16,17,17,17,18,18,18,19,19,19,20,20,21,21,21,22,22,22,23,23,23,24,24,24,25,25,25,26,26,26,27,27,21,21,21,22,22,22,23,23,23,24,24,24,25,25,25,26,26,26,27,27,21,21,21,22,22,22,23,23,23,24,24,24,25,25,25,26,26,26,27,27,28,28,28,29,29,29,30,30,30,31,31,31,32,32,32,33,33,33,34,34,28,28,28,29,29,29,30,30,30,31,31,31,32,32,32,33,33,33,34,34,28,28,28,29,29,29,30,30,30,31,31,31,32,32,32,33,33,33,34,34,35,35,35,36,36,36,37,37,37,38,38,38,39,39,39,40,40,40,41,41,35,35,35,36,36,36,37,37,37,38,38,38,39,39,39,40,40,40,41,41,35,35,35,36,36,36,37,37,37,38,38,38,39,39,39,40,40,40,41,41,193,0,0,0,0,-1,3,128,0,0,3,0,3,-1,3,128,0,0,6,0,6,-1,3,128,0,0,9,0,9,-1,3,128,0,0,12,0,12,-1,3,128,0,0,15,0,15,-1,3,128,0,0,18,0,18,-1,3,128,0,20,0,20,0,-1,3,128,0,20,3,20,3,-1,3,128,0,20,6,20,6,-1,3,128,0,20,9,20,9,-1,3,128,0,20,12,20,12,-1,3,128,0,20,15,20,15,-1,3,128,0,20,18,20,18,-1,3,128,0,3,0,3,0,-1,3,128,0,6,0,6,0,-1,3,128,0,9,0,9,0,-1,3,128,0,12,0,12,0,-1,3,128,0,15,0,15,0,-1,3,128,0,18,0,18,0,-1,3,128,0,3,18,3,18,-1,3,128,0,6,18,6,18,-1,3,128,0,9,18,9,18,-1,3,128,0,12,18,12,18,-1,3,128,0,15,18,15,18,-1,3,128,0,18,18,18,18,-1,3,128,0,3,1,3,1,-1,0,0,0,6,1,6,1,-1,0,0,0,9,1,9,1,-1,0,0,0,12,1,12,1,-1,0,0,0,15,1,15,1,-1,0,0,0,18,1,18,1,-1,0,0,0,3,2,3,2,-1,0,0,0,6,2,6,2,-1,0,0,0,9,2,9,2,-1,0,0,0,12,2,12,2,-1,0,0,0,15,2,15,2,-1,0,0,0,18,2,18,2,-1,0,0,0,1,3,1,3,-1,0,0,0,2,3,2,3,-1,0,0,0,3,3,3,3,-1,3,0,0,4,3,4,3,-1,0,0,0,5,3,5,3,-1,0,0,0,6,3,6,3,-1,3,0,0,7,3,7,3,-1,0,0,0,8,3,8,3,-1,0,0,0,9,3,9,3,-1,3,0,0,10,3,10,3,-1,0,0,0,11,3,11,3,-1,0,0,0,12,3,12,3,-1,3,0,0,13,3,13,3,-1,0,0,0,14,3,14,3,-1,0,0,0,15,3,15,3,-1,3,0,0,16,3,16,3,-1,0,0,0,17,3,17,3,-1,0,0,0,18,3,18,3,-1,3,0,0,19,3,19,3,-1,0,0,0,3,4,3,4,-1,0,0,0,6,4,6,4,-1,0,0,0,9,4,9,4,-1,0,0,0,12,4,12,4,-1,0,0,0,15,4,15,4,-1,0,0,0,18,4,18,4,-1,0,0,0,3,5,3,5,-1,0,0,0,6,5,6,5,-1,0,0,0,9,5,9,5,-1,0,0,0,12,5,12,5,-1,0,0,0,15,5,15,5,-1,0,0,0,18,5,18,5,-1,0,0,0,1,6,1,6,-1,0,0,0,2,6,2,6,-1,0,0,0,3,6,3,6,-1,3,0,0,4,6,4,6,-1,0,0,0,5,6,5,6,-1,0,0,0,6,6,6,6,-1,3,0,0,7,6,7,6,-1,0,0,0,8,6,8,6,-1,0,0,0,9,6,9,6,-1,3,0,0,10,6,10,6,-1,0,0,0,11,6,11,6,-1,0,0,0,12,6,12,6,-1,3,0,0,13,6,13,6,-1,0,0,0,14,6,14,6,-1,0,0,0,15,6,15,6,-1,3,0,0,16,6,16,6,-1,0,0,0,17,6,17,6,-1,0,0,0,18,6,18,6,-1,3,0,0,19,6,19,6,-1,0,0,0,3,7,3,7,-1,0,0,0,6,7,6,7,-1,0,0,0,9,7,9,7,-1,0,0,0,12,7,12,7,-1,0,0,0,15,7,15,7,-1,0,0,0,18,7,18,7,-1,0,0,0,3,8,3,8,-1,0,0,0,6,8,6,8,-1,0,0,0,9,8,9,8,-1,0,0,0,12,8,12,8,-1,0,0,0,15,8,15,8,-1,0,0,0,18,8,18,8,-1,0,0,0,1,9,1,9,-1,0,0,0,2,9,2,9,-1,0,0,0,3,9,3,9,-1,3,0,0,4,9,4,9,-1,0,0,0,5,9,5,9,-1,0,0,0,6,9,6,9,-1,3,0,0,7,9,7,9,-1,0,0,0,8,9,8,9,-1,0,0,0,9,9,9,9,-1,3,0,0,10,9,10,9,-1,0,0,0,11,9,11,9,-1,0,0,0,12,9,12,9,-1,3,0,0,13,9,13,9,-1,0,0,0,14,9,14,9,-1,0,0,0,15,9,15,9,-1,3,0,0,16,9,16,9,-1,0,0,0,17,9,17,9,-1,0,0,0,18,9,18,9,-1,3,0,0,19,9,19,9,-1,0,0,0,3,10,3,10,-1,0,0,0,6,10,6,10,-1,0,0,0,9,10,9,10,-1,0,0,0,12,10,12,10,-1,0,0,0,15,10,15,10,-1,0,0,0,18,10,18,10,-1,0,0,0,3,11,3,11,-1,0,0,0,6,11,6,11,-1,0,0,0,9,11,9,11,-1,0,0,0,12,11,12,11,-1,0,0,0,15,11,15,11,-1,0,0,0,18,11,18,11,-1,0,0,0,1,12,1,12,-1,0,0,0,2,12,2,12,-1,0,0,0,3,12,3,12,-1,3,0,0,4,12,4,12,-1,0,0,0,5,12,5,12,-1,0,0,0,6,12,6,12,-1,3,0,0,7,12,7,12,-1,0,0,0,8,12,8,12,-1,0,0,0,9,12,9,12,-1,3,0,0,10,12,10,12,-1,0,0,0,11,12,11,12,-1,0,0,0,12,12,12,12,-1,3,0,0,13,12,13,12,-1,0,0,0,14,12,14,12,-1,0,0,0,15,12,15,12,-1,3,0,0,16,12,16,12,-1,0,0,0,17,12,17,12,-1,0,0,0,18,12,18,12,-1,3,0,0,19,12,19,12,-1,0,0,0,3,13,3,13,-1,0,0,0,6,13,6,13,-1,0,0,0,9,13,9,13,-1,0,0,0,12,13,12,13,-1,0,0,0,15,13,15,13,-1,0,0,0,18,13,18,13,-1,0,0,0,3,14,3,14,-1,0,0,0,6,14,6,14,-1,0,0,0,9,14,9,14,-1,0,0,0,12,14,12,14,-1,0,0,0,15,14,15,14,-1,0,0,0,18,14,18,14,-1,0,0,0,1,15,1,15,-1,0,0,0,2,15,2,15,-1,0,0,0,3,15,3,15,-1,3,0,0,4,15,4,15,-1,0,0,0,5,15,5,15,-1,0,0,0,6,15,6,15,-1,3,0,0,7,15,7,15,-1,0,0,0,8,15,8,15,-1,0,0,0,9,15,9,15,-1,3,0,0,10,15,10,15,-1,0,0,0,11,15,11,15,-1,0,0,0,12,15,12,15,-1,3,0,0,13,15,13,15,-1,0,0,0,14,15,14,15,-1,0,0,0,15,15,15,15,-1,3,0,0,16,15,16,15,-1,0,0,0,17,15,17,15,-1,0,0,0,18,15,18,15,-1,3,0,0,19,15,19,15,-1,0,0,0,3,16,3,16,-1,0,0,0,6,16,6,16,-1,0,0,0,9,16,9,16,-1,0,0,0,12,16,12,16,-1,0,0,0,15,16,15,16,-1,0,0,0,18,16,18,16,-1,0,0,0,3,17,3,17,-1,0,0,0,6,17,6,17,-1,0,0,0,9,17,9,17,-1,0,0,0,12,17,12,17,-1,0,0,0,15,17,15,17,-1,0,0,0,18,17,18,17,-1,0,0,0,42,0,0,0,0,0,0,8,0,14,26,32,40,39,38,1,8,-1,3,1,3,1,1,1,1,7,1,7,1,7,1,-1,1,2,1,7,-1,0,0,0,0,0,0,0,0,0,0,0,0,0,0,0,0,0,10,14,15,27,33,43,42,41,40,32,26,10,-1,1,2,3,2,1,2,1,8,1,8,1,8,1,0,1,0,1,0,1,3,0,2,8,-1,0,0,0,0,0,0,0,0,0,0,0,0,0,0,0,0,0,10,15,16,28,34,46,45,44,43,33,27,10,-1,1,3,3,3,1,3,1,9,1,9,1,9,1,1,1,1,1,1,1,3,1,3,9,-1,0,0,0,0,0,0,0,0,0,0,0,0,0,0,0,0,0,10,16,17,29,35,49,48,47,46,34,28,10,-1,1,4,3,4,1,4,1,10,1,10,1,10,1,2,1,2,1,2,1,3,2,4,10,-1,0,0,0,0,0,0,0,0,0,0,0,0,0,0,0,0,0,10,17,18,30,36,52,51,50,49,35,29,10,-1,1,5,3,5,1,5,1,11,1,11,1,11,1,3,1,3,1,3,1,3,3,5,11,-1,0,0,0,0,0,0,0,0,0,0,0,0,0,0,0,0,0,10,18,19,31,37,55,54,53,52,36,30,10,-1,1,6,3,6,1,6,1,12,1,12,1,12,1,4,1,4,1,4,1,3,4,6,12,-1,0,0,0,0,0,0,0,0,0,0,0,0,0,0,0,0,0,7,19,7,8,56,55,37,31,7,-1,1,-1,2,13,3,13,1,5,1,5,1,5,1,2,5,13,-1,0,0,0,0,0,0,0,0,0,0,0,0,0,0,0,0,0,10,1,38,39,40,57,63,71,70,69,2,10,0,3,0,1,0,1,8,1,8,1,8,1,14,1,14,1,14,1,-1,1,3,0,8,14,-1,0,0,0,0,0,0,0,0,0,0,0,0,0,0,0,0,0,12,40,41,42,43,58,64,74,73,72,71,63,57,12,1,1,1,1,1,1,9,1,9,1,9,1,15,1,15,1,15,1,7,1,7,1,7,1,4,1,7,9,15,-1,0,0,0,0,0,0,0,0,0,0,0,0,0,0,0,0,0,12,43,44,45,46,59,65,77,76,75,74,64,58,12,2,1,2,1,2,1,10,1,10,1,10,1,16,1,16,1,16,1,8,1,8,1,8,1,4,2,8,10,16,-1,0,0,0,0,0,0,0,0,0,0,0,0,0,0,0,0,0,12,46,47,48,49,60,66,80,79,78,77,65,59,12,3,1,3,1,3,1,11,1,11,1,11,1,17,1,17,1,17,1,9,1,9,1,9,1,4,3,9,11,17,-1,0,0,0,0,0,0,0,0,0,0,0,0,0,0,0,0,0,12,49,50,51,52,61,67,83,82,81,80,66,60,12,4,1,4,1,4,1,12,1,12,1,12,1,18,1,18,1,18,1,10,1,10,1,10,1,4,4,10,12,18,-1,0,0,0,0,0,0,0,0,0,0,0,0,0,0,0,0,0,12,52,53,54,55,62,68,86,85,84,83,67,61,12,5,1,5,1,5,1,13,1,13,1,13,1,19,1,19,1,19,1,11,1,11,1,11,1,4,5,11,13,19,-1,0,0,0,0,0,0,0,0,0,0,0,0,0,0,0,0,0,8,55,56,8,9,87,86,68,62,8,6,1,6,1,-1,1,20,3,20,1,12,1,12,1,12,1,3,6,12,20,-1,0,0,0,0,0,0,0,0,0,0,0,0,0,0,0,0,0,10,2,69,70,71,88,94,102,101,100,3,10,7,3,7,1,7,1,15,1,15,1,15,1,21,1,21,1,21,1,-1,1,3,7,15,21,-1,0,0,0,0,0,0,0,0,0,0,0,0,0,0,0,0,0,12,71,72,73,74,89,95,105,104,103,102,94,88,12,8,1,8,1,8,1,16,1,16,1,16,1,22,1,22,1,22,1,14,1,14,1,14,1,4,8,14,16,22,-1,0,0,0,0,0,0,0,0,0,0,0,0,0,0,0,0,0,12,74,75,76,77,90,96,108,107,106,105,95,89,12,9,1,9,1,9,1,17,1,17,1,17,1,23,1,23,1,23,1,15,1,15,1,15,1,4,9,15,17,23,-1,0,0,0,0,0,0,0,0,0,0,0,0,0,0,0,0,0,12,77,78,79,80,91,97,111,110,109,108,96,90,12,10,1,10,1,10,1,18,1,18,1,18,1,24,1,24,1,24,1,16,1,16,1,16,1,4,10,16,18,24,-1,0,0,0,0,0,0,0,0,0,0,0,0,0,0,0,0,0,12,80,81,82,83,92,98,114,113,112,111,97,91,12,11,1,11,1,11,1,19,1,19,1,19,1,25,1,25,1,25,1,17,1,17,1,17,1,4,11,17,19,25,-1,0,0,0,0,0,0,0,0,0,0,0,0,0,0,0,0,0,12,83,84,85,86,93,99,117,116,115,114,98,92,12,12,1,12,1,12,1,20,1,20,1,20,1,26,1,26,1,26,1,18,1,18,1,18,1,4,12,18,20,26,-1,0,0,0,0,0,0,0,0,0,0,0,0,0,0,0,0,0,8,86,87,9,10,118,117,99,93,8,13,1,13,1,-1,1,27,3,27,1,19,1,19,1,19,1,3,13,19,27,-1,0,0,0,0,0,0,0,0,0,0,0,0,0,0,0,0,0,10,3,100,101,102,119,125,133,132,131,4,10,14,3,14,1,14,1,22,1,22,1,22,1,28,1,28,1,28,1,-1,1,3,14,22,28,-1,0,0,0,0,0,0,0,0,0,0,0,0,0,0,0,0,0,12,102,103,104,105,120,126,136,135,134,133,125,119,12,15,1,15,1,15,1,23,1,23,1,23,1,29,1,29,1,29,1,21,1,21,1,21,1,4,15,21,23,29,-1,0,0,0,0,0,0,0,0,0,0,0,0,0,0,0,0,0,12,105,106,107,108,121,127,139,138,137,136,126,120,12,16,1,16,1,16,1,24,1,24,1,24,1,30,1,30,1,30,1,22,1,22,1,22,1,4,16,22,24,30,-1,0,0,0,0,0,0,0,0,0,0,0,0,0,0,0,0,0,12,108,109,110,111,122,128,142,141,140,139,127,121,12,17,1,17,1,17,1,25,1,25,1,25,1,31,1,31,1,31,1,23,1,23,1,23,1,4,17,23,25,31,-1,0,0,0,0,0,0,0,0,0,0,0,0,0,0,0,0,0,12,111,112,113,114,123,129,145,144,143,142,128,122,12,18,1,18,1,18,1,26,1,26,1,26,1,32,1,32,1,32,1,24,1,24,1,24,1,4,18,24,26,32,-1,0,0,0,0,0,0,0,0,0,0,0,0,0,0,0,0,0,12,114,115,116,117,124,130,148,147,146,145,129,123,12,19,1,19,1,19,1,27,1,27,1,27,1,33,1,33,1,33,1,25,1,25,1,25,1,4,19,25,27,33,-1,0,0,0,0,0,0,0,0,0,0,0,0,0,0,0,0,0,8,117,118,10,11,149,148,130,124,8,20,1,20,1,-1,1,34,3,34,1,26,1,26,1,26,1,3,20,26,34,-1,0,0,0,0,0,0,0,0,0,0,0,0,0,0,0,0,0,10,4,131,132,133,150,156,164,163,162,5,10,21,3,21,1,21,1,29,1,29,1,29,1,35,1,35,1,35,1,-1,1,3,21,29,35,-1,0,0,0,0,0,0,0,0,0,0,0,0,0,0,0,0,0,12,133,134,135,136,151,157,167,166,165,164,156,150,12,22,1,22,1,22,1,30,1,30,1,30,1,36,1,36,1,36,1,28,1,28,1,28,1,4,22,28,30,36,-1,0,0,0,0,0,0,0,0,0,0,0,0,0,0,0,0,0,12,136,137,138,139,152,158,170,169,168,167,157,151,12,23,1,23,1,23,1,31,1,31,1,31,1,37,1,37,1,37,1,29,1,29,1,29,1,4,23,29,31,37,-1,0,0,0,0,0,0,0,0,0,0,0,0,0,0,0,0,0,12,139,140,141,142,153,159,173,172,171,170,158,152,12,24,1,24,1,24,1,32,1,32,1,32,1,38,1,38,1,38,1,30,1,30,1,30,1,4,24,30,32,38,-1,0,0,0,0,0,0,0,0,0,0,0,0,0,0,0,0,0,12,142,143,144,145,154,160,176,175,174,173,159,153,12,25,1,25,1,25,1,33,1,33,1,33,1,39,1,39,1,39,1,31,1,31,1,31,1,4,25,31,33,39,-1,0,0,0,0,0,0,0,0,0,0,0,0,0,0,0,0,0,12,145,146,147,148,155,161,179,178,177,176,160,154,12,26,1,26,1,26,1,34,1,34,1,34,1,40,1,40,1,40,1,32,1,32,1,32,1,4,26,32,34,40,-1,0,0,0,0,0,0,0,0,0,0,0,0,0,0,0,0,0,8,148,149,11,12,180,179,161,155,8,27,1,27,1,-1,1,41,3,41,1,33,1,33,1,33,1,3,27,33,41,-1,0,0,0,0,0,0,0,0,0,0,0,0,0,0,0,0,0,8,5,162,163,164,181,187,20,6,8,28,3,28,1,28,1,36,1,36,1,36,1,-1,1,-1,3,2,28,36,-1,0,0,0,0,0,0,0,0,0,0,0,0,0,0,0,0,0,10,164,165,166,167,182,188,21,20,187,181,10,29,1,29,1,29,1,37,1,37,1,37,1,-1,1,35,3,35,1,35,1,3,29,35,37,-1,0,0,0,0,0,0,0,0,0,0,0,0,0,0,0,0,0,10,167,168,169,170,183,189,22,21,188,182,10,30,1,30,1,30,1,38,1,38,1,38,1,-1,1,36,3,36,1,36,1,3,30,36,38,-1,0,0,0,0,0,0,0,0,0,0,0,0,0,0,0,0,0,10,170,171,172,173,184,190,23,22,189,183,10,31,1,31,1,31,1,39,1,39,1,39,1,-1,1,37,3,37,1,37,1,3,31,37,39,-1,0,0,0,0,0,0,0,0,0,0,0,0,0,0,0,0,0,10,173,174,175,176,185,191,24,23,190,184,10,32,1,32,1,32,1,40,1,40,1,40,1,-1,1,38,3,38,1,38,1,3,32,38,40,-1,0,0,0,0,0,0,0,0,0,0,0,0,0,0,0,0,0,10,176,177,178,179,186,192,25,24,191,185,10,33,1,33,1,33,1,41,1,41,1,41,1,-1,1,39,3,39,1,39,1,3,33,39,41,-1,0,0,0,0,0,0,0,0,0,0,0,0,0,0,0,0,0,7,179,180,12,13,25,192,186,7,34,1,34,1,-1,1,-1,3,40,2,40,1,40,1,2,34,40,-1,0,0,0,0,0,0,0,0,0,0,0,7,7,6,6,20,18
topology,16,5,3,2,0,0,0,1,1,1,0,0,1,1,1,0,0,1,1,1,8,0,0,0,0,-1,3,128,0,0,3,0,3,-1,3,128,0,5,0,5,0,-1,3,128,0,5,3,5,3,-1,3,128,0,2,0,2,0,-1,3,128,0,2,3,2,3,-1,3,128,0,2,1,2,1,-1,0,0,0,2,2,2,2,-1,0,0,0,2,0,0,0,0,0,0,6,0,4,6,7,5,1,6,-1,3,1,2,1,1,1,1,-1,1,-1,2,1,1,-1,0,0,0,0,0,0,0,0,0,0,0,0,0,0,0,0,0,6,4,2,3,5,7,6,6,-1,1,-1,3,-1,3,0,3,0,1,0,1,1,0,-1,0,0,0,0,0,0,0,0,0,0,0,2,2,1,1,5,3
topology,17,12,8,3,0,0,0,0,0,0,0,0,0,0,0,0,0,0,1,1,1,1,1,1,1,1,1,1,0,0,1,2,2,2,2,2,2,2,2,1,0,0,1,2,2,2,2,2,2,2,2,1,0,0,1,2,2,2,2,2,2,2,2,1,0,0,1,2,2,2,2,2,2,2,2,1,0,0,1,1,1,1,1,1,1,1,1,1,0,0,0,0,0,0,0,0,0,0,0,0,0,28,0,0,0,0,-1,3,128,0,0,8,0,8,-1,3,128,0,12,0,12,0,-1,3,128,0,12,8,12,8,-1,3,128,0,1,1,1,1,-1,0,0,0,6,1,6,1,-1,0,0,0,11,1,11,1,-1,0,0,0,1,2,1,2,-1,0,128,0,2,2,2,2,-1,0,0,0,7,2,7,2,-1,0,0,0,8,2,8,2,-1,0,128,0,9,2,9,2,-1,0,128,0,10,2,10,2,-1,0,128,0,2,3,2,3,-1,0,128,0,10,3,10,3,-1,0,128,0,2,4,2,4,-1,0,128,0,10,4,10,4,-1,0,128,0,2,5,2,5,-1,0,128,0,10,5,10,5,-1,0,128,0,2,6,2,6,-1,0,128,0,3,6,3,6,-1,0,128,0,4,6,4,6,-1,0,128,0,5,6,5,6,-1,0,128,0,10,6,10,6,-1,0,0,0,11,6,11,6,-1,0,128,0,1,7,1,7,-1,0,0,0,6,7,6,7,-1,0,0,0,11,7,11,7,-1,0,0,0,3,0,0,0,0,0,0,4,0,2,3,1,4,-1,8,-1,12,-1,8,-1,12,0,-1,0,0,0,0,0,0,0,0,0,0,0,0,0,0,0,0,0,8,4,5,6,24,27,26,25,7,8,0,1,0,5,0,5,0,5,0,1,0,5,0,5,0,5,1,0,0,0,0,0,0,0,0,0,0,0,0,0,0,0,0,0,0,0,16,8,9,10,11,12,14,16,18,23,22,21,20,19,17,15,13,16,1,1,1,5,1,1,1,1,1,1,1,1,1,1,1,1,1,1,1,5,1,1,1,1,1,1,1,1,1,1,1,1,1,1,1,0,0,0,0,0,0,0,0,0,0,0,2,2,0,0,12,8
topology,18,19,13,70,0,0,0,1,1,2,2,3,3,4,4,5,5,6,6,7,7,8,8,9,0,0,1,1,2,2,3,3,4,4,5,5,6,6,7,7,8,8,9,10,10,11,11,12,12,13,13,14,14,15,15,16,16,17,17,18,18,19,10,10,11,11,12,12,13,13,14,14,15,15,16,16,17,17,18,18,19,20,20,21,21,22,22,23,23,24,24,25,25,26,26,27,27,28,28,29,20,20,21,21,22,22,23,23,24,24,25,25,26,26,27,27,28,28,29,30,30,31,31,32,32,33,33,34,34,35,35,36,36,37,37,38,38,39,30,30,31,31,32,32,33,33,34,34,35,35,36,36,37,37,38,38,39,40,40,41,41,42,42,43,43,44,44,45,45,46,46,47,47,48,48,49,40,40,41,41,42,42,43,43,44,44,45,45,46,46,47,47,48,48,49,50,50,51,51,52,52,53,53,54,54,55,55,56,56,57,57,58,58,59,50,50,51,51,52,52,53,53,54,54,55,55,56,56,57,57,58,58,59,60,60,61,61,62,62,63,63,64,64,65,65,66,66,67,67,68,68,69,196,0,0,0,0,-1,3,128,0,0,2,0,2,-1,3,128,0,0,4,0,4,-1,3,128,0,0,6,0,6,-1,3,128,0,0,8,0,8,-1,3,128,0,0,10,0,10,-1,3,128,0,0,12,0,12,-1,3,128,0,0,13,0,13,-1,3,128,0,19,0,19,0,-1,3,128,0,19,2,19,2,-1,3,128,0,19,4,19,4,-1,3,128,0,19,6,19,6,-1,3,128,0,19,8,19,8,-1,3,128,0,19,10,19,10,-1,3,128,0,19,12,19,12,-1,3,128,0,19,13,19,13,-1,3,128,0,2,0,2,0,-1,3,128,0,4,0,4,0,-1,3,128,0,6,0,6,0,-1,3,128,0,8,0,8,0,-1,3,128,0,10,0,10,0,-1,3,128,0,12,0,12,0,-1,3,128,0,14,0,14,0,-1,3,128,0,16,0,16,0,-1,3,128,0,18,0,18,0,-1,3,128,0,2,13,2,13,-1,3,128,0,4,13,4,13,-1,3,128,0,6,13,6,13,-1,3,128,0,8,13,8,13,-1,3,128,0,10,13,10,13,-1,3,128,0,12,13,12,13,-1,3,128,0,14,13,14,13,-1,3,128,0,16,13,16,13,-1,3,128,0,18,13,18,13,-1,3,128,0,2,1,2,1,-1,0,0,0,4,1,4,1,-1,0,0,0,6,1,6,1,-1,0,0,0,8,1,8,1,-1,0,0,0,10,1,10,1,-1,0,0,0,12,1,12,1,-1,0,0,0,14,1,14,1,-1,0,0,0,16,1,16,1,-1,0,0,0,18,1,18,1,-1,0,0,0,1,2,1,2,-1,0,0,0,2,2,2,2,-1,3,0,0,3,2,3,2,-1,0,0,0,4,2,4,2,-1,3,0,0,5,2,5,2,-1,0,0,0,6,2,6,2,-1,3,0,0,7,2,7,2,-1,0,0,0,8,2,8,2,-1,3,0,0,9,2,9,2,-1,0,0,0,10,2,10,2,-1,3,0,0,11,2,11,2,-1,0,0,0,12,2,12,2,-1,3,0,0,13,2,13,2,-1,0,0,0,14,2,14,2,-1,3,0,0,15,2,15,2,-1,0,0,0,16,2,16,2,-1,3,0,0,17,2,17,2,-1,0,0,0,18,2,18,2,-1,3,0,0,2,3,2,3,-1,0,0,0,4,3,4,3,-1,0,0,0,6,3,6,3,-1,0,0,0,8,3,8,3,-1,0,0,0,10,3,10,3,-1,0,0,0,12,3,12,3,-1,0,0,0,14,3,14,3,-1,0,0,0,16,3,16,3,-1,0,0,0,18,3,18,3,-1,0,0,0,1,4,1,4,-1,0,0,0,2,4,2,4,-1,3,0,0,3,4,3,4,-1,0,0,0,4,4,4,4,-1,3,0,0,5,4,5,4,-1,0,0,0,6,4,6,4,-1,3,0,0,7,4,7,4,-1,0,0,0,8,4,8,4,-1,3,0,0,9,4,9,4,-1,0,0,0,10,4,10,4,-1,3,0,0,11,4,11,4,-1,0,0,0,12,4,12,4,-1,3,0,0,13,4,13,4,-1,0,0,0,14,4,14,4,-1,3,0,0,15,4,15,4,-1,0,0,0,16,4,16,4,-1,3,0,0,17,4,17,4,-1,0,0,0,18,4,18,4,-1,3,0,0,2,5,2,5,-1,0,0,0,4,5,4,5,-1,0,0,0,6,5,6,5,-1,0,0,0,8,5,8,5,-1,0,0,0,10,5,10,5,-1,0,0,0,12,5,12,5,-1,0,0,0,14,5,14,5,-1,0,0,0,16,5,16,5,-1,0,0,0,18,5,18,5,-1,0,0,0,1,6,1,6,-1,0,0,0,2,6,2,6,-1,3,0,0,3,6,3,6,-1,0,0,0,4,6,4,6,-1,3,0,0,5,6,5,6,-1,0,0,0,6,6,6,6,-1,3,0,0,7,6,7,6,-1,0,0,0,8,6,8,6,-1,3,0,0,9,6,9,6,-1,0,0,0,10,6,10,6,-1,3,0,0,11,6,11,6,-1,0,0,0,12,6,12,6,-1,3,0,0,13,6,13,6,-1,0,0,0,14,6,14,6,-1,3,0,0,15,6,15,6,-1,0,0,0,16,6,16,6,-1,3,0,0,17,6,17,6,-1,0,0,0,18,6,18,6,-1,3,0,0,2,7,2,7,-1,0,0,0,4,7,4,7,-1,0,0,0,6,7,6,7,-1,0,0,0,8,7,8,7,-1,0,0,0,10,7,10,7,-1,0,0,0,12,7,12,7,-1,0,0,0,14,7,14,7,-1,0,0,0,16,7,16,7,-1,0,0,0,18,7,18,7,-1,0,0,0,1,8,1,8,-1,0,0,0,2,8,2,8,-1,3,0,0,3,8,3,8,-1,0,0,0,4,8,4,8,-1,3,0,0,5,8,5,8,-1,0,0,0,6,8,6,8,-1,3,0,0,7,8,7,8,-1,0,0,0,8,8,8,8,-1,3,0,0,9,8,9,8,-1,0,0,0,10,8,10,8,-1,3,0,0,11,8,11,8,-1,0,0,0,12,8,12,8,-1,3,0,0,13,8,13,8,-1,0,0,0,14,8,14,8,-1,3,0,0,15,8,15,8,-1,0,0,0,16,8,16,8,-1,3,0,0,17,8,17,8,-1,0,0,0,18,8,18,8,-1,3,0,0,2,9,2,9,-1,0,0,0,4,9,4,9,-1,0,0,0,6,9,6,9,-1,0,0,0,8,9,8,9,-1,0,0,0,10,9,10,9,-1,0,0,0,12,9,12,9,-1,0,0,0,14,9,14,9,-1,0,0,0,16,9,16,9,-1,0,0,0,18,9,18,9,-1,0,0,0,1,10,1,10,-1,0,0,0,2,10,2,10,-1,3,0,0,3,10,3,10,-1,0,0,0,4,10,4,10,-1,3,0,0,5,10,5,10,-1,0,0,0,6,10,6,10,-1,3,0,0,7,10,7,10,-1,0,0,0,8,10,8,10,-1,3,0,0,9,10,9,10,-1,0,0,0,10,10,10,10,-1,3,0,0,11,10,11,10,-1,0,0,0,12,10,12,10,-1,3,0,0,13,10,13,10,-1,0,0,0,14,10,14,10,-1,3,0,0,15,10,15,10,-1,0,0,0,16,10,16,10,-1,3,0,0,17,10,17,10,-1,0,0,0,18,10,18,10,-1,3,0,0,2,11,2,11,-1,0,0,0,4,11,4,11,-1,0,0,0,6,11,6,11,-1,0,0,0,8,11,8,11,-1,0,0,0,10,11,10,11,-1,0,0,0,12,11,12,11,-1,0,0,0,14,11,14,11,-1,0,0,0,16,11,16,11,-1,0,0,0,18,11,18,11,-1,0,0,0,1,12,1,12,-1,0,0,0,2,12,2,12,-1,3,0,0,3,12,3,12,-1,0,0,0,4,12,4,12,-1,3,0,0,5,12,5,12,-1,0,0,0,6,12,6,12,-1,3,0,0,7,12,7,12,-1,0,0,0,8,12,8,12,-1,3,0,0,9,12,9,12,-1,0,0,0,10,12,10,12,-1,3,0,0,11,12,11,12,-1,0,0,0,12,12,12,12,-1,3,0,0,13,12,13,12,-1,0,0,0,14,12,14,12,-1,3,0,0,15,12,15,12,-1,0,0,0,16,12,16,12,-1,3,0,0,17,12,17,12,-1,0,0,0,18,12,18,12,-1,3,0,0,70,0,0,0,0,0,0,6,0,16,34,44,43,1,6,-1,2,1,2,1,1,10,1,10,1,-1,1,2,1,10,-1,0,0,0,0,0,0,0,0,0,0,0,0,0,0,0,0,0,7,16,17,35,46,45,44,34,7,-1,1,2,2,2,1,11,1,11,1,0,1,0,1,3,0,2,11,-1,0,0,0,0,0,0,0,0,0,0,0,0,0,0,0,0,0,7,17,18,36,48,47,46,35,7,-1,1,3,2,3,1,12,1,12,1,1,1,1,1,3,1,3,12,-1,0,0,0,0,0,0,0,0,0,0,0,0,0,0,0,0,0,7,18,19,37,50,49,48,36,7,-1,1,4,2,4,1,13,1,13,1,2,1,2,1,3,2,4,13,-1,0,0,0,0,0,0,0,0,0,0,0,0,0,0,0,0,0,7,19,20,38,52,51,50,37,7,-1,1,5,2,5,1,14,1,14,1,3,1,3,1,3,3,5,14,-1,0,0,0,0,0,0,0,0,0,0,0,0,0,0,0,0,0,7,20,21,39,54,53,52,38,7,-1,1,6,2,6,1,15,1,15,1,4,1,4,1,3,4,6,15,-1,0,0,0,0,0,0,0,0,0,0,0,0,0,0,0,0,0,7,21,22,40,56,55,54,39,7,-1,1,7,2,7,1,16,1,16,1,5,1,5,1,3,5,7,16,-1,0,0,0,0,0,0,0,0,0,0,0,0,0,0,0,0,0,7,22,23,41,58,57,56,40,7,-1,1,8,2,8,1,17,1,17,1,6,1,6,1,3,6,8,17,-1,0,0,0,0,0,0,0,0,0,0,0,0,0,0,0,0,0,7,23,24,42,60,59,58,41,7,-1,1,9,2,9,1,18,1,18,1,7,1,7,1,3,7,9,18,-1,0,0,0,0,0,0,0,0,0,0,0,0,0,0,0,0,0,5,24,8,9,60,42,5,-1,1,-1,1,19,2,8,1,8,1,2,8,19,-1,0,0,0,0,0,0,0,0,0,0,0,0,0,0,0,0,0,7,1,43,44,61,71,70,2,7,0,2,0,1,11,1,11,1,20,1,20,1,-1,1,3,0,11,20,-1,0,0,0,0,0,0,0,0,0,0,0,0,0,0,0,0,0,8,44,45,46,62,73,72,71,61,8,1,1,1,1,12,1,12,1,21,1,21,1,10,1,10,1,4,1,10,12,21,-1,0,0,0,0,0,0,0,0,0,0,0,0,0,0,0,0,0,8,46,47,48,63,75,74,73,62,8,2,1,2,1,13,1,13,1,22,1,22,1,11,1,11,1,4,2,11,13,22,-1,0,0,0,0,0,0,0,0,0,0,0,0,0,0,0,0,0,8,48,49,50,64,77,76,75,63,8,3,1,3,1,14,1,14,1,23,1,23,1,12,1,12,1,4,3,12,14,23,-1,0,0,0,0,0,0,0,0,0,0,0,0,0,0,0,0,0,8,50,51,52,65,79,78,77,64,8,4,1,4,1,15,1,15,1,24,1,24,1,13,1,13,1,4,4,13,15,24,-1,0,0,0,0,0,0,0,0,0,0,0,0,0,0,0,0,0,8,52,53,54,66,81,80,79,65,8,5,1,5,1,16,1,16,1,25,1,25,1,14,1,14,1,4,5,14,16,25,-1,0,0,0,0,0,0,0,0,0,0,0,0,0,0,0,0,0,8,54,55,56,67,83,82,81,66,8,6,1,6,1,17,1,17,1,26,1,26,1,15,1,15,1,4,6,15,17,26,-1,0,0,0,0,0,0,0,0,0,0,0,0,0,0,0,0,0,8,56,57,58,68,85,84,83,67,8,7,1,7,1,18,1,18,1,27,1,27,1,16,1,16,1,4,7,16,18,27,-1,0,0,0,0,0,0,0,0,0,0,0,0,0,0,0,0,0,8,58,59,60,69,87,86,85,68,8,8,1,8,1,19,1,19,1,28,1,28,1,17,1,17,1,4,8,17,19,28,-1,0,0,0,0,0,0,0,0,0,0,0,0,0,0,0,0,0,5,60,9,10,87,69,5,9,1,-1,1,29,2,18,1,18,1,3,9,18,29,-1,0,0,0,0,0,0,0,0,0,0,0,0,0,0,0,0,0,7,2,70,71,88,98,97,3,7,10,2,10,1,21,1,21,1,30,1,30,1,-1,1,3,10,21,30,-1,0,0,0,0,0,0,0,0,0,0,0,0,0,0,0,0,0,8,71,72,73,89,100,99,98,88,8,11,1,11,1,22,1,22,1,31,1,31,1,20,1,20,1,4,11,20,22,31,-1,0,0,0,0,0,0,0,0,0,0,0,0,0,0,0,0,0,8,73,74,75,90,102,101,100,89,8,12,1,12,1,23,1,23,1,32,1,32,1,21,1,21,1,4,12,21,23,32,-1,0,0,0,0,0,0,0,0,0,0,0,0,0,0,0,0,0,8,75,76,77,91,104,103,102,90,8,13,1,13,1,24,1,24,1,33,1,33,1,22,1,22,1,4,13,22,24,33,-1,0,0,0,0,0,0,0,0,0,0,0,0,0,0,0,0,0,8,77,78,79,92,106,105,104,91,8,14,1,14,1,25,1,25,1,34,1,34,1,23,1,23,1,4,14,23,25,34,-1,0,0,0,0,0,0,0,0,0,0,0,0,0,0,0,0,0,8,79,80,81,93,108,107,106,92,8,15,1,15,1,26,1,26,1,35,1,35,1,24,1,24,1,4,15,24,26,35,-1,0,0,0,0,0,0,0,0,0,0,0,0,0,0,0,0,0,8,81,82,83,94,110,109,108,93,8,16,1,16,1,27,1,27,1,36,1,36,1,25,1,25,1,4,16,25,27,36,-1,0,0,0,0,0,0,0,0,0,0,0,0,0,0,0,0,0,8,83,84,85,95,112,111,110,94,8,17,1,17,1,28,1,28,1,37,1,37,1,26,1,26,1,4,17,26,28,37,-1,0,0,0,0,0,0,0,0,0,0,0,0,0,0,0,0,0,8,85,86,87,96,114,113,112,95,8,18,1,18,1,29,1,29,1,38,1,38,1,27,1,27,1,4,18,27,29,38,-1,0,0,0,0,0,0,0,0,0,0,0,0,0,0,0,0,0,5,87,10,11,114,96,5,19,1,-1,1,39,2,28,1,28,1,3,19,28,39,-1,0,0,0,0,0,0,0,0,0,0,0,0,0,0,0,0,0,7,3,97,98,115,125,124,4,7,20,2,20,1,31,1,31,1,40,1,40,1,-1,1,3,20,31,40,-1,0,0,0,0,0,0,0,0,0,0,0,0,0,0,0,0,0,8,98,99,100,116,127,126,125,115,8,21,1,21,1,32,1,32,1,41,1,41,1,30,1,30,1,4,21,30,32,41,-1,0,0,0,0,0,0,0,0,0,0,0,0,0,0,0,0,0,8,100,101,102,117,129,128,127,116,8,22,1,22,1,33,1,33,1,42,1,42,1,31,1,31,1,4,22,31,33,42,-1,0,0,0,0,0,0,0,0,0,0,0,0,0,0,0,0,0,8,102,103,104,118,131,130,129,117,8,23,1,23,1,34,1,34,1,43,1,43,1,32,1,32,1,4,23,32,34,43,-1,0,0,0,0,0,0,0,0,0,0,0,0,0,0,0,0,0,8,104,105,106,119,133,132,131,118,8,24,1,24,1,35,1,35,1,44,1,44,1,33,1,33,1,4,24,33,35,44,-1,0,0,0,0,0,0,0,0,0,0,0,0,0,0,0,0,0,8,106,107,108,120,135,134,133,119,8,25,1,25,1,36,1,36,1,45,1,45,1,34,1,34,1,4,25,34,36,45,-1,0,0,0,0,0,0,0,0,0,0,0,0,0,0,0,0,0,8,108,109,110,121,137,136,135,120,8,26,1,26,1,37,1,37,1,46,1,46,1,35,1,35,1,4,26,35,37,46,-1,0,0,0,0,0,0,0,0,0,0,0,0,0,0,0,0,0,8,110,111,112,122,139,138,137,121,8,27,1,27,1,38,1,38,1,47,1,47,1,36,1,36,1,4,27,36,38,47,-1,0,0,0,0,0,0,0,0,0,0,0,0,0,0,0,0,0,8,112,113,114,123,141,140,139,122,8,28,1,28,1,39,1,39,1,48,1,48,1,37,1,37,1,4,28,37,39,48,-1,0,0,0,0,0,0,0,0,0,0,0,0,0,0,0,0,0,5,114,11,12,141,123,5,29,1,-1,1,49,2,38,1,38,1,3,29,38,49,-1,0,0,0,0,0,0,0,0,0,0,0,0,0,0,0,0,0,7,4,124,125,142,152,151,5,7,30,2,30,1,41,1,41,1,50,1,50,1,-1,1,3,30,41,50,-1,0,0,0,0,0,0,0,0,0,0,0,0,0,0,0,0,0,8,125,126,127,143,154,153,152,142,8,31,1,31,1,42,1,42,1,51,1,51,1,40,1,40,1,4,31,40,42,51,-1,0,0,0,0,0,0,0,0,0,0,0,0,0,0,0,0,0,8,127,128,129,144,156,155,154,143,8,32,1,32,1,43,1,43,1,52,1,52,1,41,1,41,1,4,32,41,43,52,-1,0,0,0,0,0,0,0,0,0,0,0,0,0,0,0,0,0,8,129,130,131,145,158,157,156,144,8,33,1,33,1,44,1,44,1,53,1,53,1,42,1,42,1,4,33,42,44,53,-1,0,0,0,0,0,0,0,0,0,0,0,0,0,0,0,0,0,8,131,132,133,146,160,159,158,145,8,34,1,34,1,45,1,45,1,54,1,54,1,43,1,43,1,4,34,43,45,54,-1,0,0,0,0,0,0,0,0,0,0,0,0,0,0,0,0,0,8,133,134,135,147,162,161,160,146,8,35,1,35,1,46,1,46,1,55,1,55,1,44,1,44,1,4,35,44,46,55,-1,0,0,0,0,0,0,0,0,0,0,0,0,0,0,0,0,0,8,135,136,137,148,164,163,162,147,8,36,1,36,1,47,1,47,1,56,1,56,1,45,1,45,1,4,36,45,47,56,-1,0,0,0,0,0,0,0,0,0,0,0,0,0,0,0,0,0,8,137,138,139,149,166,165,164,148,8,37,1,37,1,48,1,48,1,57,1,57,1,46,1,46,1,4,37,46,48,57,-1,0,0,0,0,0,0,0,0,0,0,0,0,0,0,0,0,0,8,139,140,141,150,168,167,166,149,8,38,1,38,1,49,1,49,1,58,1,58,1,47,1,47,1,4,38,47,49,58,-1,0,0,0,0,0,0,0,0,0,0,0,0,0,0,0,0,0,5,141,12,13,168,150,5,39,1,-1,1,59,2,48,1,48,1,3,39,48,59,-1,0,0,0,0,0,0,0,0,0,0,0,0,0,0,0,0,0,7,5,151,152,169,179,178,6,7,40,2,40,1,51,1,51,1,60,1,60,1,-1,1,3,40,51,60,-1,0,0,0,0,0,0,0,0,0,0,0,0,0,0,0,0,0,8,152,153,154,170,181,180,179,169,8,41,1,41,1,52,1,52,1,61,1,61,1,50,1,50,1,4,41,50,52,61,-1,0,0,0,0,0,0,0,0,0,0,0,0,0,0,0,0,0,8,154,155,156,171,183,182,181,170,8,42,1,42,1,53,1,53,1,62,1,62,1,51,1,51,1,4,42,51,53,62,-1,0,0,0,0,0,0,0,0,0,0,0,0,0,0,0,0,0,8,156,157,158,172,185,184,183,171,8,43,1,43,1,54,1,54,1,63,1,63,1,52,1,52,1,4,43,52,54,63,-1,0,0,0,0,0,0,0,0,0,0,0,0,0,0,0,0,0,8,158,159,160,173,187,186,185,172,8,44,1,44,1,55,1,55,1,64,1,64,1,53,1,53,1,4,44,53,55,64,-1,0,0,0,0,0,0,0,0,0,0,0,0,0,0,0,0,0,8,160,161,162,174,189,188,187,173,8,45,1,45,1,56,1,56,1,65,1,65,1,54,1,54,1,4,45,54,56,65,-1,0,0,0,0,0,0,0,0,0,0,0,0,0,0,0,0,0,8,162,163,164,175,191,190,189,174,8,46,1,46,1,57,1,57,1,66,1,66,1,55,1,55,1,4,46,55,57,66,-1,0,0,0,0,0,0,0,0,0,0,0,0,0,0,0,0,0,8,164,165,166,176,193,192,191,175,8,47,1,47,1,58,1,58,1,67,1,67,1,56,1,56,1,4,47,56,58,67,-1,0,0,0,0,0,0,0,0,0,0,0,0,0,0,0,0,0,8,166,167,168,177,195,194,193,176,8,48,1,48,1,59,1,59,1,68,1,68,1,57,1,57,1,4,48,57,59,68,-1,0,0,0,0,0,0,0,0,0,0,0,0,0,0,0,0,0,5,168,13,14,195,177,5,49,1,-1,1,69,2,58,1,58,1,3,49,58,69,-1,0,0,0,0,0,0,0,0,0,0,0,0,0,0,0,0,0,5,6,178,179,25,7,5,50,1,50,1,61,1,-1,1,-1,2,2,50,61,-1,0,0,0,0,0,0,0,0,0,0,0,0,0,0,0,0,0,5,179,180,181,26,25,5,51,1,51,1,62,1,-1,1,60,2,3,51,60,62,-1,0,0,0,0,0,0,0,0,0,0,0,0,0,0,0,0,0,5,181,182,183,27,26,5,52,1,52,1,63,1,-1,1,61,2,3,52,61,63,-1,0,0,0,0,0,0,0,0,0,0,0,0,0,0,0,0,0,5,183,184,185,28,27,5,53,1,53,1,64,1,-1,1,62,2,3,53,62,64,-1,0,0,0,0,0,0,0,0,0,0,0,0,0,0,0,0,0,5,185,186,187,29,28,5,54,1,54,1,65,1,-1,1,63,2,3,54,63,65,-1,0,0,0,0,0,0,0,0,0,0,0,0,0,0,0,0,0,5,187,188,189,30,29,5,55,1,55,1,66,1,-1,1,64,2,3,55,64,66,-1,0,0,0,0,0,0,0,0,0,0,0,0,0,0,0,0,0,5,189,190,191,31,30,5,56,1,56,1,67,1,-1,1,65,2,3,56,65,67,-1,0,0,0,0,0,0,0,0,0,0,0,0,0,0,0,0,0,5,191,192,193,32,31,5,57,1,57,1,68,1,-1,1,66,2,3,57,66,68,-1,0,0,0,0,0,0,0,0,0,0,0,0,0,0,0,0,0,5,193,194,195,33,32,5,58,1,58,1,69,1,-1,1,67,2,3,58,67,69,-1,0,0,0,0,0,0,0,0,0,0,0,0,0,0,0,0,0,4,195,14,15,33,4,59,1,-1,1,-1,1,68,1,2,59,68,-1,0,0,0,0,0,0,0,0,0,0,0,8,8,9,9,19,13
topology,19,26,26,2,1,0,1,1,1,1,1,1,1,1,1,1,1,1,1,1,1,1,1,1,1,1,1,1,1,1,1,0,0,1,1,1,1,1,1,1,1,1,1,1,1,1,1,1,1,1,1,1,1,1,1,1,1,0,0,0,1,1,1,1,1,1,1,1,1,1,1,1,1,1,1,1,1,1,1,1,1,1,1,0,0,0,0,1,1,1,1,1,1,1,1,1,1,1,1,1,1,1,1,1,1,1,1,1,1,0,0,0,0,0,1,1,1,1,1,1,1,1,1,1,1,1,1,1,1,1,1,1,1,1,1,0,0,0,0,0,0,1,1,1,1,1,1,1,1,1,1,1,1,1,1,1,1,1,1,1,1,0,0,0,0,0,0,0,1,1,1,1,1,1,1,1,1,1,1,1,1,1,1,1,1,1,1,0,0,0,0,0,0,0,0,1,1,1,1,1,1,1,1,1,1,1,1,1,1,1,1,1,1,0,0,0,0,0,0,0,0,0,1,1,1,1,1,1,1,1,1,1,1,1,1,1,1,1,1,0,0,0,0,0,0,0,0,0,0,1,1,1,1,1,1,1,1,1,1,1,1,1,1,1,1,0,0,0,0,0,0,0,0,0,0,0,1,1,1,1,1,1,1,1,1,1,1,1,1,1,1,0,0,0,0,0,0,0,0,0,0,0,0,1,1,1,1,1,1,1,1,1,1,1,1,1,1,0,0,0,0,0,0,0,0,0,0,0,0,0,1,1,1,1,1,1,1,1,1,1,1,1,1,0,0,0,0,0,0,0,0,0,0,0,0,0,0,1,1,1,1,1,1,1,1,1,1,1,1,0,0,0,0,0,0,0,0,0,0,0,0,0,0,0,1,1,1,1,1,1,1,1,1,1,1,0,0,0,0,0,0,0,0,0,0,0,0,0,0,0,0,1,1,1,1,1,1,1,1,1,1,0,0,0,0,0,0,0,0,0,0,0,0,0,0,0,0,0,1,1,1,1,1,1,1,1,1,0,0,0,0,0,0,0,0,0,0,0,0,0,0,0,0,0,0,1,1,1,1,1,1,1,1,0,0,0,0,0,0,0,0,0,0,0,0,0,0,0,0,0,0,0,1,1,1,1,1,1,1,0,0,0,0,0,0,0,0,0,0,0,0,0,0,0,0,0,0,0,0,1,1,1,1,1,1,0,0,0,0,0,0,0,0,0,0,0,0,0,0,0,0,0,0,0,0,0,1,1,1,1,1,0,0,0,0,0,0,0,0,0,0,0,0,0,0,0,0,0,0,0,0,0,0,1,1,1,1,0,0,0,0,0,0,0,0,0,0,0,0,0,0,0,0,0,0,0,0,0,0,0,1,1,1,0,0,0,0,0,0,0,0,0,0,0,0,0,0,0,0,0,0,0,0,0,0,0,0,1,1,0,0,0,0,0,0,0,0,0,0,0,0,0,0,0,0,0,0,0,0,0,0,0,0,0,1,0,0,0,0,0,0,0,0,0,0,0,0,0,0,0,0,0,0,0,0,0,0,0,0,0,0,55,0,0,0,0,-1,3,128,0,0,26,0,26,-1,3,128,0,26,0,26,0,-1,3,128,0,26,25,26,25,-1,3,128,0,26,26,26,26,-1,3,128,0,1,0,1,0,-1,3,128,0,1,1,1,1,-1,0,0,0,2,1,2,1,-1,0,0,0,2,2,2,2,-1,0,0,0,3,2,3,2,-1,0,0,0,3,3,3,3,-1,0,0,0,4,3,4,3,-1,0,0,0,4,4,4,4,-1,0,0,0,5,4,5,4,-1,0,0,0,5,5,5,5,-1,0,0,0,6,5,6,5,-1,0,0,0,6,6,6,6,-1,0,0,0,7,6,7,6,-1,0,0,0,7,7,7,7,-1,0,0,0,8,7,8,7,-1,0,0,0,8,8,8,8,-1,0,0,0,9,8,9,8,-1,0,0,0,9,9,9,9,-1,0,0,0,10,9,10,9,-1,0,0,0,10,10,10,10,-1,0,0,0,11,10,11,10,-1,0,0,0,11,11,11,11,-1,0,0,0,12,11,12,11,-1,0,0,0,12,12,12,12,-1,0,0,0,13,12,13,12,-1,0,0,0,13,13,13,13,-1,0,0,0,14,13,14,13,-1,0,0,0,14,14,14,14,-1,0,0,0,15,14,15,14,-1,0,0,0,15,15,15,15,-1,0,0,0,16,15,16,15,-1,0,0,0,16,16,16,16,-1,0,0,0,17,16,17,16,-1,0,0,0,17,17,17,17,-1,0,0,0,18,17,18,17,-1,0,0,0,18,18,18,18,-1,0,0,0,19,18,19,18,-1,0,0,0,19,19,19,19,-1,0,0,0,20,19,20,19,-1,0,0,0,20,20,20,20,-1,0,0,0,21,20,21,20,-1,0,0,0,21,21,21,21,-1,0,0,0,22,21,22,21,-1,0,0,0,22,22,22,22,-1,0,0,0,23,22,23,22,-1,0,0,0,23,23,23,23,-1,0,0,0,24,23,24,23,-1,0,0,0,24,24,24,24,-1,0,0,0,25,24,25,24,-1,0,0,0,25,25,25,25,-1,0,0,0,2,0,0,0,0,0,0,54,0,5,6,7,8,9,10,11,12,13,14,15,16,17,18,19,20,21,22,23,24,25,26,27,28,29,30,31,32,33,34,35,36,37,38,39,40,41,42,43,44,45,46,47,48,49,50,51,52,53,54,3,4,1,54,-1,26,1,1,1,1,1,1,1,1,1,1,1,1,1,1,1,1,1,1,1,1,1,1,1,1,1,1,1,1,1,1,1,1,1,1,1,1,1,1,1,1,1,1,1,1,1,1,1,1,1,1,1,1,1,1,1,1,1,1,1,1,1,1,1,1,1,1,1,1,1,1,1,1,1,1,1,1,1,1,1,1,1,1,1,1,1,1,1,1,1,1,1,1,1,1,1,1,1,1,1,1,-1,1,-1,1,-1,26,1,1,-1,0,0,0,0,0,0,0,0,0,0,0,0,0,0,0,0,0,52,5,2,3,54,53,52,51,50,49,48,47,46,45,44,43,42,41,40,39,38,37,36,35,34,33,32,31,30,29,28,27,26,25,24,23,22,21,20,19,18,17,16,15,14,13,12,11,10,9,8,7,6,52,-1,1,-1,25,0,25,0,1,0,1,0,1,0,1,0,1,0,1,0,1,0,1,0,1,0,1,0,1,0,1,0,1,0,1,0,1,0,1,0,1,0,1,0,1,0,1,0,1,0,1,0,1,0,1,0,1,0,1,0,1,0,1,0,1,0,1,0,1,0,1,0,1,0,1,0,1,0,1,0,1,0,1,0,1,0,1,0,1,0,1,0,1,0,1,0,1,0,1,0,1,0,1,0,1,1,0,-1,0,0,0,0,0,0,0,0,0,0,0,2,3,1,0,26,26
topology,20,11,3,3,0,0,0,0,1,1,1,2,2,2,2,2,0,0,0,1,1,1,2,2,2,2,2,0,0,0,1,1,1,2,2,2,2,2,12,0,0,0,0,-1,3,128,0,0,3,0,3,-1,3,128,0,11,0,11,0,-1,3,128,0,11,3,11,3,-1,3,128,0,3,0,3,0,-1,3,128,0,6,0,6,0,-1,3,128,0,3,3,3,3,-1,3,128,0,6,3,6,3,-1,3,128,0,3,1,3,1,-1,0,0,0,6,1,6,1,-1,0,0,0,3,2,3,2,-1,0,0,0,6,2,6,2,-1,0,0,0,3,0,0,0,0,0,0,6,0,4,8,10,6,1,6,-1,3,1,3,1,1,1,1,-1,1,-1,3,1,1,-1,0,0,0,0,0,0,0,0,0,0,0,0,0,0,0,0,0,8,4,5,9,11,7,6,10,8,8,-1,1,2,3,2,1,2,1,-1,1,0,3,0,1,0,1,2,0,2,-1,0,0,0,0,0,0,0,0,0,0,0,0,0,0,0,0,0,6,5,2,3,7,11,9,6,-1,1,-1,5,-1,3,1,5,1,1,1,1,1,1,-1,0,0,0,0,0,0,0,0,0,0,0,2,2,2,2,11,3
topology,21,18,8,1,0,0,0,0,0,0,0,0,0,0,0,0,0,0,0,0,0,0,0,0,0,0,0,0,0,0,0,0,0,0,0,0,0,0,0,0,0,0,0,0,0,0,0,0,0,0,0,0,0,0,0,0,0,0,0,0,0,0,0,0,0,0,0,0,0,0,0,0,0,0,0,0,0,0,0,0,0,0,0,0,0,0,0,0,0,0,0,0,0,0,0,0,0,0,0,0,0,0,0,0,0,0,0,0,0,0,0,0,0,0,0,0,0,0,0,0,0,0,0,0,0,0,0,0,0,0,0,0,0,0,0,0,0,0,0,0,0,0,0,0,0,0,0,0,0,4,0,0,0,0,-1,3,128,0,0,8,0,8,-1,3,128,0,18,0,18,0,-1,3,128,0,18,8,18,8,-1,3,128,0,1,0,0,0,0,0,0,4,0,2,3,1,4,-1,8,-1,18,-1,8,-1,18,0,-1,0,0,0,0,0,0,0,0,0,0,0,2,2,0,0,18,8
topology,22,26,26,2,0,0,0,0,0,0,0,0,0,0,0,0,0,0,0,0,0,0,0,0,0,0,0,0,0,0,0,0,0,0,0,0,0,0,0,0,0,0,0,0,0,0,0,0,0,0,0,0,0,0,0,0,0,0,0,0,0,0,0,0,0,0,0,0,0,0,0,0,0,0,0,0,0,0,0,0,0,0,0,0,0,0,0,0,0,0,0,0,0,0,0,0,0,0,0,0,0,0,0,0,0,0,0,0,0,0,0,0,0,0,0,0,0,0,0,0,0,0,0,0,0,0,0,0,0,0,0,0,0,0,0,0,0,0,0,0,0,0,0,0,0,1,1,1,1,1,1,1,0,0,0,0,0,0,0,0,0,0,0,0,0,0,0,0,0,1,1,1,1,1,1,1,1,1,1,1,0,0,0,0,0,0,0,0,0,0,0,0,0,0,1,1,1,1,1,1,1,1,1,1,1,1,1,0,0,0,0,0,0,0,0,0,0,0,0,1,1,1,1,1,1,1,1,1,1,1,1,1,1,1,0,0,0,0,0,0,0,0,0,0,0,1,1,1,1,1,1,1,1,1,1,1,1,1,1,1,0,0,0,0,0,0,0,0,0,0,1,1,1,1,1,1,1,1,1,1,1,1,1,1,1,1,1,0,0,0,0,0,0,0,0,0,1,1,1,1,1,1,1,1,1,1,1,1,1,1,1,1,1,0,0,0,0,0,0,0,0,0,1,1,1,1,1,1,1,1,1,1,1,1,1,1,1,1,1,0,0,0,0,0,0,0,0,0,1,1,1,1,1,1,1,1,1,1,1,1,1,1,1,1,1,0,0,0,0,0,0,0,0,0,1,1,1,1,1,1,1,1,1,1,1,1,1,1,1,1,1,0,0,0,0,0,0,0,0,0,1,1,1,1,1,1,1,1,1,1,1,1,1,1,1,1,1,0,0,0,0,0,0,0,0,0,1,1,1,1,1,1,1,1,1,1,1,1,1,1,1,1,1,0,0,0,0,0,0,0,0,0,0,1,1,1,1,1,1,1,1,1,1,1,1,1,1,1,0,0,0,0,0,0,0,0,0,0,0,1,1,1,1,1,1,1,1,1,1,1,1,1,1,1,0,0,0,0,0,0,0,0,0,0,0,0,1,1,1,1,1,1,1,1,1,1,1,1,1,0,0,0,0,0,0,0,0,0,0,0,0,0,0,1,1,1,1,1,1,1,1,1,1,1,0,0,0,0,0,0,0,0,0,0,0,0,0,0,0,0,0,1,1,1,1,1,1,1,0,0,0,0,0,0,0,0,0,0,0,0,0,0,0,0,0,0,0,0,0,0,0,0,0,0,0,0,0,0,0,0,0,0,0,0,0,0,0,0,0,0,0,0,0,0,0,0,0,0,0,0,0,0,0,0,0,0,0,0,0,0,0,0,0,0,0,0,0,0,0,0,0,0,0,0,0,0,0,0,0,0,0,0,0,0,0,0,0,0,0,0,0,0,0,0,0,0,0,0,0,0,0,0,0,0,0,0,0,0,0,0,0,56,0,0,0,0,-1,3,128,0,0,26,0,26,-1,3,128,0,26,0,26,0,-1,3,128,0,26,26,26,26,-1,3,128,0,10,5,10,5,-1,0,0,0,15,5,15,5,-1,0,128,0,16,5,16,5,-1,0,128,0,17,5,17,5,-1,0,128,0,8,6,8,6,-1,0,128,0,9,6,9,6,-1,0,128,0,10,6,10,6,-1,0,128,0,17,6,17,6,-1,0,128,0,18,6,18,6,-1,0,128,0,19,6,19,6,-1,0,128,0,7,7,7,7,-1,0,128,0,8,7,8,7,-1,0,128,0,19,7,19,7,-1,0,128,0,20,7,20,7,-1,0,128,0,6,8,6,8,-1,0,128,0,7,8,7,8,-1,0,128,0,20,8,20,8,-1,0,128,0,21,8,21,8,-1,0,128,0,6,9,6,9,-1,0,128,0,21,9,21,9,-1,0,128,0,5,10,5,10,-1,0,128,0,6,10,6,10,-1,0,128,0,21,10,21,10,-1,0,128,0,22,10,22,10,-1,0,0,0,5,11,5,11,-1,0,128,0,5,12,5,12,-1,0,128,0,22,15,22,15,-1,0,128,0,22,16,22,16,-1,0,128,0,5,17,5,17,-1,0,128,0,6,17,6,17,-1,0,128,0,21,17,21,17,-1,0,128,0,22,17,22,17,-1,0,128,0,6,18,6,18,-1,0,128,0,21,18,21,18,-1,0,128,0,6,19,6,19,-1,0,128,0,7,19,7,19,-1,0,128,0,20,19,20,19,-1,0,128,0,21,19,21,19,-1,0,128,0,7,20,7,20,-1,0,128,0,8,20,8,20,-1,0,128,0,19,20,19,20,-1,0,128,0,20,20,20,20,-1,0,0,0,8,21,8,21,-1,0,128,0,9,21,9,21,-1,0,128,0,10,21,10,21,-1,0,128,0,17,21,17,21,-1,0,128,0,18,21,18,21,-1,0,128,0,19,21,19,21,-1,0,128,0,10,22,10,22,-1,0,128,0,11,22,11,22,-1,0,128,0,12,22,12,22,-1,0,128,0,17,22,17,22,-1,0,128,0,2,0,0,0,0,0,0,4,0,2,3,1,4,-1,26,-1,26,-1,26,-1,26,0,-1,0,0,0,0,0,0,0,0,0,0,0,0,0,0,0,0,0,52,4,5,6,7,11,12,13,16,17,20,21,23,26,27,30,31,35,34,37,41,40,45,44,51,50,49,55,54,53,52,48,47,46,43,42,39,38,36,33,32,29,28,24,25,22,18,19,14,15,8,9,10,52,0,1,0,5,0,1,0,1,0,1,0,1,0,1,0,1,0,1,0,1,0,1,0,1,0,1,0,1,0,5,0,1,0,1,0,1,0,1,0,1,0,1,0,1,0,1,0,1,0,1,0,1,0,1,0,5,0,1,0,1,0,1,0,1,0,1,0,1,0,1,0,1,0,1,0,1,0,1,0,1,0,5,0,1,0,1,0,1,0,1,0,1,0,1,0,1,0,1,0,1,0,1,0,1,1,0,0,0,0,0,0,0,0,0,0,0,0,0,2,2,0,0,26,26
topology,23,10,18,24,0,0,0,0,1,1,1,2,2,2,3,0,0,0,1,1,1,2,2,2,3,0,0,0,1,1,1,2,2,2,3,4,4,4,5,5,5,6,6,6,7,4,4,4,5,5,5,6,6,6,7,4,4,4,5,5,5,6,6,6,7,8,8,8,9,9,9,10,10,10,11,8,8,8,9,9,9,10,10,10,11,8,8,8,9,9,9,10,10,10,11,12,12,12,13,13,13,14,14,14,15,12,12,12,13,13,13,14,14,14,15,12,12,12,13,13,13,14,14,14,15,16,16,16,17,17,17,18,18,18,19,16,16,16,17,17,17,18,18,18,19,16,16,16,17,17,17,18,18,18,19,20,20,20,21,21,21,22,22,22,23,20,20,20,21,21,21,22,22,22,23,20,20,20,21,21,21,22,22,22,23,101,0,0,0,0,-1,3,128,0,0,3,0,3,-1,3,128,0,0,6,0,6,-1,3,128,0,0,9,0,9,-1,3,128,0,0,12,0,12,-1,3,128,0,0,15,0,15,-1,3,128,0,0,18,0,18,-1,3,128,0,10,0,10,0,-1,3,128,0,10,3,10,3,-1,3,128,0,10,6,10,6,-1,3,128,0,10,9,10,9,-1,3,128,0,10,12,10,12,-1,3,128,0,10,15,10,15,-1,3,128,0,10,18,10,18,-1,3,128,0,3,0,3,0,-1,3,128,0,6,0,6,0,-1,3,128,0,9,0,9,0,-1,3,128,0,3,18,3,18,-1,3,128,0,6,18,6,18,-1,3,128,0,9,18,9,18,-1,3,128,0,3,1,3,1,-1,0,0,0,6,1,6,1,-1,0,0,0,9,1,9,1,-1,0,0,0,3,2,3,2,-1,0,0,0,6,2,6,2,-1,0,0,0,9,2,9,2,-1,0,0,0,1,3,1,3,-1,0,0,0,2,3,2,3,-1,0,0,0,3,3,3,3,-1,3,0,0,4,3,4,3,-1,0,0,0,5,3,5,3,-1,0,0,0,6,3,6,3,-1,3,0,0,7,3,7,3,-1,0,0,0,8,3,8,3,-1,0,0,0,9,3,9,3,-1,3,0,0,3,4,3,4,-1,0,0,0,6,4,6,4,-1,0,0,0,9,4,9,4,-1,0,0,0,3,5,3,5,-1,0,0,0,6,5,6,5,-1,0,0,0,9,5,9,5,-1,0,0,0,1,6,1,6,-1,0,0,0,2,6,2,6,-1,0,0,0,3,6,3,6,-1,3,0,0,4,6,4,6,-1,0,0,0,5,6,5,6,-1,0,0,0,6,6,6,6,-1,3,0,0,7,6,7,6,-1,0,0,0,8,6,8,6,-1,0,0,0,9,6,9,6,-1,3,0,0,3,7,3,7,-1,0,0,0,6,7,6,7,-1,0,0,0,9,7,9,7,-1,0,0,0,3,8,3,8,-1,0,0,0,6,8,6,8,-1,0,0,0,9,8,9,8,-1,0,0,0,1,9,1,9,-1,0,0,0,2,9,2,9,-1,0,0,0,3,9,3,9,-1,3,0,0,4,9,4,9,-1,0,0,0,5,9,5,9,-1,0,0,0,6,9,6,9,-1,3,0,0,7,9,7,9,-1,0,0,0,8,9,8,9,-1,0,0,0,9,9,9,9,-1,3,0,0,3,10,3,10,-1,0,0,0,6,10,6,10,-1,0,0,0,9,10,9,10,-1,0,0,0,3,11,3,11,-1,0,0,0,6,11,6,11,-1,0,0,0,9,11,9,11,-1,0,0,0,1,12,1,12,-1,0,0,0,2,12,2,12,-1,0,0,0,3,12,3,12,-1,3,0,0,4,12,4,12,-1,0,0,0,5,12,5,12,-1,0,0,0,6,12,6,12,-1,3,0,0,7,12,7,12,-1,0,0,0,8,12,8,12,-1,0,0,0,9,12,9,12,-1,3,0,0,3,13,3,13,-1,0,0,0,6,13,6,13,-1,0,0,0,9,13,9,13,-1,0,0,0,3,14,3,14,-1,0,0,0,6,14,6,14,-1,0,0,0,9,14,9,14,-1,0,0,0,1,15,1,15,-1,0,0,0,2,15,2,15,-1,0,0,0,3,15,3,15,-1,3,0,0,4,15,4,15,-1,0,0,0,5,15,5,15,-1,0,0,0,6,15,6,15,-1,3,0,0,7,15,7,15,-1,0,0,0,8,15,8,15,-1,0,0,0,9,15,9,15,-1,3,0,0,3,16,3,16,-1,0,0,0,6,16,6,16,-1,0,0,0,9,16,9,16,-1,0,0,0,3,17,3,17,-1,0,0,0,6,17,6,17,-1,0,0,0,9,17,9,17,-1,0,0,0,24,0,0,0,0,0,0,8,0,14,20,23,28,27,26,1,8,-1,3,1,3,1,1,1,1,4,1,4,1,4,1,-1,1,2,1,4,-1,0,0,0,0,0,0,0,0,0,0,0,0,0,0,0,0,0,10,14,15,21,24,31,30,29,28,23,20,10,-1,1,2,3,2,1,2,1,5,1,5,1,5,1,0,1,0,1,0,1,3,0,2,5,-1,0,0,0,0,0,0,0,0,0,0,0,0,0,0,0,0,0,10,15,16,22,25,34,33,32,31,24,21,10,-1,1,3,3,3,1,3,1,6,1,6,1,6,1,1,1,1,1,1,1,3,1,3,6,-1,0,0,0,0,0,0,0,0,0,0,0,0,0,0,0,0,0,6,16,7,8,34,25,22,6,-1,1,-1,1,7,3,2,1,2,1,2,1,2,2,7,-1,0,0,0,0,0,0,0,0,0,0,0,0,0,0,0,0,0,10,1,26,27,28,35,38,43,42,41,2,10,0,3,0,1,0,1,5,1,5,1,5,1,8,1,8,1,8,1,-1,1,3,0,5,8,-1,0,0,0,0,0,0,0,0,0,0,0,0,0,0,0,0,0,12,28,29,30,31,36,39,46,45,44,43,38,35,12,1,1,1,1,1,1,6,1,6,1,6,1,9,1,9,1,9,1,4,1,4,1,4,1,4,1,4,6,9,-1,0,0,0,0,0,0,0,0,0,0,0,0,0,0,0,0,0,12,31,32,33,34,37,40,49,48,47,46,39,36,12,2,1,2,1,2,1,7,1,7,1,7,1,10,1,10,1,10,1,5,1,5,1,5,1,4,2,5,7,10,-1,0,0,0,0,0,0,0,0,0,0,0,0,0,0,0,0,0,6,34,8,9,49,40,37,6,3,1,-1,1,11,3,6,1,6,1,6,1,3,3,6,11,-1,0,0,0,0,0,0,0,0,0,0,0,0,0,0,0,0,0,10,2,41,42,43,50,53,58,57,56,3,10,4,3,4,1,4,1,9,1,9,1,9,1,12,1,12,1,12,1,-1,1,3,4,9,12,-1,0,0,0,0,0,0,0,0,0,0,0,0,0,0,0,0,0,12,43,44,45,46,51,54,61,60,59,58,53,50,12,5,1,5,1,5,1,10,1,10,1,10,1,13,1,13,1,13,1,8,1,8,1,8,1,4,5,8,10,13,-1,0,0,0,0,0,0,0,0,0,0,0,0,0,0,0,0,0,12,46,47,48,49,52,55,64,63,62,61,54,51,12,6,1,6,1,6,1,11,1,11,1,11,1,14,1,14,1,14,1,9,1,9,1,9,1,4,6,9,11,14,-1,0,0,0,0,0,0,0,0,0,0,0,0,0,0,0,0,0,6,49,9,10,64,55,52,6,7,1,-1,1,15,3,10,1,10,1,10,1,3,7,10,15,-1,0,0,0,0,0,0,0,0,0,0,0,0,0,0,0,0,0,10,3,56,57,58,65,68,73,72,71,4,10,8,3,8,1,8,1,13,1,13,1,13,1,16,1,16,1,16,1,-1,1,3,8,13,16,-1,0,0,0,0,0,0,0,0,0,0,0,0,0,0,0,0,0,12,58,59,60,61,66,69,76,75,74,73,68,65,12,9,1,9,1,9,1,14,1,14,1,14,1,17,1,17,1,17,1,12,1,12,1,12,1,4,9,12,14,17,-1,0,0,0,0,0,0,0,0,0,0,0,0,0,0,0,0,0,12,61,62,63,64,67,70,79,78,77,76,69,66,12,10,1,10,1,10,1,15,1,15,1,15,1,18,1,18,1,18,1,13,1,13,1,13,1,4,10,13,15,18,-1,0,0,0,0,0,0,0,0,0,0,0,0,0,0,0,0,0,6,64,10,11,79,70,67,6,11,1,-1,1,19,3,14,1,14,1,14,1,3,11,14,19,-1,0,0,0,0,0,0,0,0,0,0,0,0,0,0,0,0,0,10,4,71,72,73,80,83,88,87,86,5,10,12,3,12,1,12,1,17,1,17,1,17,1,20,1,20,1,20,1,-1,1,3,12,17,20,-1,0,0,0,0,0,0,0,0,0,0,0,0,0,0,0,0,0,12,73,74,75,76,81,84,91,90,89,88,83,80,12,13,1,13,1,13,1,18,1,18,1,18,1,21,1,21,1,21,1,16,1,16,1,16,1,4,13,16,18,21,-1,0,0,0,0,0,0,0,0,0,0,0,0,0,0,0,0,0,12,76,77,78,79,82,85,94,93,92,91,84,81,12,14,1,14,1,14,1,19,1,19,1,19,1,22,1,22,1,22,1,17,1,17,1,17,1,4,14,17,19,22,-1,0,0,0,0,0,0,0,0,0,0,0,0,0,0,0,0,0,6,79,11,12,94,85,82,6,15,1,-1,1,23,3,18,1,18,1,18,1,3,15,18,23,-1,0,0,0,0,0,0,0,0,0,0,0,0,0,0,0,0,0,8,5,86,87,88,95,98,17,6,8,16,3,16,1,16,1,21,1,21,1,21,1,-1,1,-1,3,2,16,21,-1,0,0,0,0,0,0,0,0,0,0,0,0,0,0,0,0,0,10,88,89,90,91,96,99,18,17,98,95,10,17,1,17,1,17,1,22,1,22,1,22,1,-1,1,20,3,20,1,20,1,3,17,20,22,-1,0,0,0,0,0,0,0,0,0,0,0,0,0,0,0,0,0,10,91,92,93,94,97,100,19,18,99,96,10,18,1,18,1,18,1,23,1,23,1,23,1,-1,1,21,3,21,1,21,1,3,18,21,23,-1,0,0,0,0,0,0,0,0,0,0,0,0,0,0,0,0,0,6,94,12,13,19,100,97,6,19,1,-1,1,-1,3,22,1,22,1,22,1,2,19,22,-1,0,0,0,0,0,0,0,0,0,0,0,7,7,3,3,10,18
topology,24,17,3,2,1,0,0,0,0,0,0,0,0,1,1,1,1,1,1,1,1,1,0,0,0,0,0,0,0,0,1,1,1,1,1,1,1,1,1,0,0,0,0,0,0,0,0,1,1,1,1,1,1,1,1,1,8,0,0,0,0,-1,3,128,0,0,3,0,3,-1,3,128,0,17,0,17,0,-1,3,128,0,17,3,17,3,-1,3,128,0,8,0,8,0,-1,3,128,0,8,3,8,3,-1,3,128,0,8,1,8,1,-1,0,0,0,8,2,8,2,-1,0,0,0,2,0,0,0,0,0,0,6,0,4,6,7,5,1,6,-1,3,1,8,1,1,1,1,-1,1,-1,8,1,1,-1,0,0,0,0,0,0,0,0,0,0,0,0,0,0,0,0,0,6,4,2,3,5,7,6,6,-1,1,-1,9,-1,3,0,9,0,1,0,1,1,0,-1,0,0,0,0,0,0,0,0,0,0,0,2,2,1,1,17,3
topology,25,24,8,3,0,0,0,0,0,0,0,0,0,0,0,0,0,0,0,0,0,0,0,0,0,0,0,0,0,0,1,1,1,1,1,1,1,1,1,1,1,1,1,1,1,1,1,1,1,1,1,1,0,0,1,2,2,2,2,2,2,2,2,2,2,2,2,2,2,2,2,2,2,2,2,1,0,0,1,2,2,2,2,2,2,2,2,2,2,2,2,2,2,2,2,2,2,2,2,1,0,0,1,2,2,2,2,2,2,2,2,2,2,2,2,2,2,2,2,2,2,2,2,1,0,0,1,2,2,2,2,2,2,2,2,2,2,2,2,2,2,2,2,2,2,2,2,1,0,0,1,1,1,1,1,1,1,1,1,1,1,1,1,1,1,1,1,1,1,1,1,1,0,0,0,0,0,0,0,0,0,0,0,0,0,0,0,0,0,0,0,0,0,0,0,0,0,36,0,0,0,0,-1,3,128,0,0,8,0,8,-1,3,128,0,24,0,24,0,-1,3,128,0,24,8,24,8,-1,3,128,0,1,1,1,1,-1,0,0,0,6,1,6,1,-1,0,0,0,11,1,11,1,-1,0,0,0,16,1,16,1,-1,0,0,0,21,1,21,1,-1,0,128,0,22,1,22,1,-1,0,128,0,23,1,23,1,-1,0,0,0,1,2,1,2,-1,0,128,0,2,2,2,2,-1,0,0,0,7,2,7,2,-1,0,0,0,12,2,12,2,-1,0,0,0,17,2,17,2,-1,0,0,0,22,2,22,2,-1,0,128,0,2,3,2,3,-1,0,128,0,22,3,22,3,-1,0,128,0,2,4,2,4,-1,0,128,0,22,4,22,4,-1,0,128,0,2,5,2,5,-1,0,128,0,22,5,22,5,-1,0,128,0,2,6,2,6,-1,0,128,0,7,6,7,6,-1,0,128,0,12,6,12,6,-1,0,128,0,17,6,17,6,-1,0,0,0,22,6,22,6,-1,0,0,0,23,6,23,6,-1,0,128,0,1,7,1,7,-1,0,128,0,2,7,2,7,-1,0,128,0,3,7,3,7,-1,0,128,0,8,7,8,7,-1,0,128,0,13,7,13,7,-1,0,128,0,18,7,18,7,-1,0,128,0,23,7,23,7,-1,0,0,0,3,0,0,0,0,0,0,4,0,2,3,1,4,-1,8,-1,24,-1,8,-1,24,0,-1,0,0,0,0,0,0,0,0,0,0,0,0,0,0,0,0,0,16,4,5,6,7,8,9,10,28,35,34,33,32,31,30,29,11,16,0,1,0,5,0,5,0,5,0,5,0,1,0,1,0,5,0,1,0,5,0,5,0,5,0,5,0,1,0,1,0,5,1,0,0,0,0,0,0,0,0,0,0,0,0,0,0,0,0,0,0,0,16,12,13,14,15,16,18,20,22,27,26,25,24,23,21,19,17,16,1,1,1,5,1,5,1,5,1,5,1,1,1,1,1,1,1,1,1,5,1,5,1,5,1,5,1,1,1,1,1,1,1,1,1,0,0,0,0,0,0,0,0,0,0,0,2,2,0,0,24,8
topology,26,9,13,35,0,0,0,1,1,2,2,3,3,4,0,0,1,1,2,2,3,3,4,5,5,6,6,7,7,8,8,9,5,5,6,6,7,7,8,8,9,10,10,11,11,12,12,13,13,14,10,10,11,11,12,12,13,13,14,15,15,16,16,17,17,18,18,19,15,15,16,16,17,17,18,18,19,20,20,21,21,22,22,23,23,24,20,20,21,21,22,22,23,23,24,25,25,26,26,27,27,28,28,29,25,25,26,26,27,27,28,28,29,30,30,31,31,32,32,33,33,34,96,0,0,0,0,-1,3,128,0,0,2,0,2,-1,3,128,0,0,4,0,4,-1,3,128,0,0,6,0,6,-1,3,128,0,0,8,0,8,-1,3,128,0,0,10,0,10,-1,3,128,0,0,12,0,12,-1,3,128,0,0,13,0,13,-1,3,128,0,9,0,9,0,-1,3,128,0,9,2,9,2,-1,3,128,0,9,4,9,4,-1,3,128,0,9,6,9,6,-1,3,128,0,9,8,9,8,-1,3,128,0,9,10,9,10,-1,3,128,0,9,12,9,12,-1,3,128,0,9,13,9,13,-1,3,128,0,2,0,2,0,-1,3,128,0,4,0,4,0,-1,3,128,0,6,0,6,0,-1,3,128,0,8,0,8,0,-1,3,128,0,2,13,2,13,-1,3,128,0,4,13,4,13,-1,3,128,0,6,13,6,13,-1,3,128,0,8,13,8,13,-1,3,128,0,2,1,2,1,-1,0,0,0,4,1,4,1,-1,0,0,0,6,1,6,1,-1,0,0,0,8,1,8,1,-1,0,0,0,1,2,1,2,-1,0,0,0,2,2,2,2,-1,3,0,0,3,2,3,2,-1,0,0,0,4,2,4,2,-1,3,0,0,5,2,5,2,-1,0,0,0,6,2,6,2,-1,3,0,0,7,2,7,2,-1,0,0,0,8,2,8,2,-1,3,0,0,2,3,2,3,-1,0,0,0,4,3,4,3,-1,0,0,0,6,3,6,3,-1,0,0,0,8,3,8,3,-1,0,0,0,1,4,1,4,-1,0,0,0,2,4,2,4,-1,3,0,0,3,4,3,4,-1,0,0,0,4,4,4,4,-1,3,0,0,5,4,5,4,-1,0,0,0,6,4,6,4,-1,3,0,0,7,4,7,4,-1,0,0,0,8,4,8,4,-1,3,0,0,2,5,2,5,-1,0,0,0,4,5,4,5,-1,0,0,0,6,5,6,5,-1,0,0,0,8,5,8,5,-1,0,0,0,1,6,1,6,-1,0,0,0,2,6,2,6,-1,3,0,0,3,6,3,6,-1,0,0,0,4,6,4,6,-1,3,0,0,5,6,5,6,-1,0,0,0,6,6,6,6,-1,3,0,0,7,6,7,6,-1,0,0,0,8,6,8,6,-1,3,0,0,2,7,2,7,-1,0,0,0,4,7,4,7,-1,0,0,0,6,7,6,7,-1,0,0,0,8,7,8,7,-1,0,0,0,1,8,1,8,-1,0,0,0,2,8,2,8,-1,3,0,0,3,8,3,8,-1,0,0,0,4,8,4,8,-1,3,0,0,5,8,5,8,-1,0,0,0,6,8,6,8,-1,3,0,0,7,8,7,8,-1,0,0,0,8,8,8,8,-1,3,0,0,2,9,2,9,-1,0,0,0,4,9,4,9,-1,0,0,0,6,9,6,9,-1,0,0,0,8,9,8,9,-1,0,0,0,1,10,1,10,-1,0,0,0,2,10,2,10,-1,3,0,0,3,10,3,10,-1,0,0,0,4,10,4,10,-1,3,0,0,5,10,5,10,-1,0,0,0,6,10,6,10,-1,3,0,0,7,10,7,10,-1,0,0,0,8,10,8,10,-1,3,0,0,2,11,2,11,-1,0,0,0,4,11,4,11,-1,0,0,0,6,11,6,11,-1,0,0,0,8,11,8,11,-1,0,0,0,1,12,1,12,-1,0,0,0,2,12,2,12,-1,3,0,0,3,12,3,12,-1,0,0,0,4,12,4,12,-1,3,0,0,5,12,5,12,-1,0,0,0,6,12,6,12,-1,3,0,0,7,12,7,12,-1,0,0,0,8,12,8,12,-1,3,0,0,35,0,0,0,0,0,0,6,0,16,24,29,28,1,6,-1,2,1,2,1,1,5,1,5,1,-1,1,2,1,5,-1,0,0,0,0,0,0,0,0,0,0,0,0,0,0,0,0,0,7,16,17,25,31,30,29,24,7,-1,1,2,2,2,1,6,1,6,1,0,1,0,1,3,0,2,6,-1,0,0,0,0,0,0,0,0,0,0,0,0,0,0,0,0,0,7,17,18,26,33,32,31,25,7,-1,1,3,2,3,1,7,1,7,1,1,1,1,1,3,1,3,7,-1,0,0,0,0,0,0,0,0,0,0,0,0,0,0,0,0,0,7,18,19,27,35,34,33,26,7,-1,1,4,2,4,1,8,1,8,1,2,1,2,1,3,2,4,8,-1,0,0,0,0,0,0,0,0,0,0,0,0,0,0,0,0,0,5,19,8,9,35,27,5,-1,1,-1,1,9,2,3,1,3,1,2,3,9,-1,0,0,0,0,0,0,0,0,0,0,0,0,0,0,0,0,0,7,1,28,29,36,41,40,2,7,0,2,0,1,6,1,6,1,10,1,10,1,-1,1,3,0,6,10,-1,0,0,0,0,0,0,0,0,0,0,0,0,0,0,0,0,0,8,29,30,31,37,43,42,41,36,8,1,1,1,1,7,1,7,1,11,1,11,1,5,1,5,1,4,1,5,7,11,-1,0,0,0,0,0,0,0,0,0,0,0,0,0,0,0,0,0,8,31,32,33,38,45,44,43,37,8,2,1,2,1,8,1,8,1,12,1,12,1,6,1,6,1,4,2,6,8,12,-1,0,0,0,0,0,0,0,0,0,0,0,0,0,0,0,0,0,8,33,34,35,39,47,46,45,38,8,3,1,3,1,9,1,9,1,13,1,13,1,7,1,7,1,4,3,7,9,13,-1,0,0,0,0,0,0,0,0,0,0,0,0,0,0,0,0,0,5,35,9,10,47,39,5,4,1,-1,1,14,2,8,1,8,1,3,4,8,14,-1,0,0,0,0,0,0,0,0,0,0,0,0,0,0,0,0,0,7,2,40,41,48,53,52,3,7,5,2,5,1,11,1,11,1,15,1,15,1,-1,1,3,5,11,15,-1,0,0,0,0,0,0,0,0,0,0,0,0,0,0,0,0,0,8,41,42,43,49,55,54,53,48,8,6,1,6,1,12,1,12,1,16,1,16,1,10,1,10,1,4,6,10,12,16,-1,0,0,0,0,0,0,0,0,0,0,0,0,0,0,0,0,0,8,43,44,45,50,57,56,55,49,8,7,1,7,1,13,1,13,1,17,1,17,1,11,1,11,1,4,7,11,13,17,-1,0,0,0,0,0,0,0,0,0,0,0,0,0,0,0,0,0,8,45,46,47,51,59,58,57,50,8,8,1,8,1,14,1,14,1,18,1,18,1,12,1,12,1,4,8,12,14,18,-1,0,0,0,0,0,0,0,0,0,0,0,0,0,0,0,0,0,5,47,10,11,59,51,5,9,1,-1,1,19,2,13,1,13,1,3,9,13,19,-1,0,0,0,0,0,0,0,0,0,0,0,0,0,0,0,0,0,7,3,52,53,60,65,64,4,7,10,2,10,1,16,1,16,1,20,1,20,1,-1,1,3,10,16,20,-1,0,0,0,0,0,0,0,0,0,0,0,0,0,0,0,0,0,8,53,54,55,61,67,66,65,60,8,11,1,11,1,17,1,17,1,21,1,21,1,15,1,15,1,4,11,15,17,21,-1,0,0,0,0,0,0,0,0,0,0,0,0,0,0,0,0,0,8,55,56,57,62,69,68,67,61,8,12,1,12,1,18,1,18,1,22,1,22,1,16,1,16,1,4,12,16,18,22,-1,0,0,0,0,0,0,0,0,0,0,0,0,0,0,0,0,0,8,57,58,59,63,71,70,69,62,8,13,1,13,1,19,1,19,1,23,1,23,1,17,1,17,1,4,13,17,19,23,-1,0,0,0,0,0,0,0,0,0,0,0,0,0,0,0,0,0,5,59,11,12,71,63,5,14,1,-1,1,24,2,18,1,18,1,3,14,18,24,-1,0,0,0,0,0,0,0,0,0,0,0,0,0,0,0,0,0,7,4,64,65,72,77,76,5,7,15,2,15,1,21,1,21,1,25,1,25,1,-1,1,3,15,21,25,-1,0,0,0,0,0,0,0,0,0,0,0,0,0,0,0,0,0,8,65,66,67,73,79,78,77,72,8,16,1,16,1,22,1,22,1,26,1,26,1,20,1,20,1,4,16,20,22,26,-1,0,0,0,0,0,0,0,0,0,0,0,0,0,0,0,0,0,8,67,68,69,74,81,80,79,73,8,17,1,17,1,23,1,23,1,27,1,27,1,21,1,21,1,4,17,21,23,27,-1,0,0,0,0,0,0,0,0,0,0,0,0,0,0,0,0,0,8,69,70,71,75,83,82,81,74,8,18,1,18,1,24,1,24,1,28,1,28,1,22,1,22,1,4,18,22,24,28,-1,0,0,0,0,0,0,0,0,0,0,0,0,0,0,0,0,0,5,71,12,13,83,75,5,19,1,-1,1,29,2,23,1,23,1,3,19,23,29,-1,0,0,0,0,0,0,0,0,0,0,0,0,0,0,0,0,0,7,5,76,77,84,89,88,6,7,20,2,20,1,26,1,26,1,30,1,30,1,-1,1,3,20,26,30,-1,0,0,0,0,0,0,0,0,0,0,0,0,0,0,0,0,0,8,77,78,79,85,91,90,89,84,8,21,1,21,1,27,1,27,1,31,1,31,1,25,1,25,1,4,21,25,27,31,-1,0,0,0,0,0,0,0,0,0,0,0,0,0,0,0,0,0,8,79,80,81,86,93,92,91,85,8,22,1,22,1,28,1,28,1,32,1,32,1,26,1,26,1,4,22,26,28,32,-1,0,0,0,0,0,0,0,0,0,0,0,0,0,0,0,0,0,8,81,82,83,87,95,94,93,86,8,23,1,23,1,29,1,29,1,33,1,33,1,27,1,27,1,4,23,27,29,33,-1,0,0,0,0,0,0,0,0,0,0,0,0,0,0,0,0,0,5,83,13,14,95,87,5,24,1,-1,1,34,2,28,1,28,1,3,24,28,34,-1,0,0,0,0,0,0,0,0,0,0,0,0,0,0,0,0,0,5,6,88,89,20,7,5,25,1,25,1,31,1,-1,1,-1,2,2,25,31,-1,0,0,0,0,0,0,0,0,0,0,0,0,0,0,0,0,0,5,89,90,91,21,20,5,26,1,26,1,32,1,-1,1,30,2,3,26,30,32,-1,0,0,0,0,0,0,0,0,0,0,0,0,0,0,0,0,0,5,91,92,93,22,21,5,27,1,27,1,33,1,-1,1,31,2,3,27,31,33,-1,0,0,0,0,0,0,0,0,0,0,0,0,0,0,0,0,0,5,93,94,95,23,22,5,28,1,28,1,34,1,-1,1,32,2,3,28,32,34,-1,0,0,0,0,0,0,0,0,0,0,0,0,0,0,0,0,0,4,95,14,15,23,4,29,1,-1,1,-1,1,33,1,2,29,33,-1,0,0,0,0,0,0,0,0,0,0,0,8,8,4,4,9,13
topology,27,26,26,2,0,0,1,1,1,1,1,1,1,1,1,1,1,1,1,1,1,1,1,1,1,1,1,1,1,1,1,0,0,1,1,1,1,1,1,1,1,1,1,1,1,1,1,1,1,1,1,1,1,1,1,1,1,0,0,0,1,1,1,1,1,1,1,1,1,1,1,1,1,1,1,1,1,1,1,1,1,1,1,0,0,0,0,1,1,1,1,1,1,1,1,1,1,1,1,1,1,1,1,1,1,1,1,1,1,0,0,0,0,0,1,1,1,1,1,1,1,1,1,1,1,1,1,1,1,1,1,1,1,1,1,0,0,0,0,0,0,1,1,1,1,1,1,1,1,1,1,1,1,1,1,1,1,1,1,1,1,0,0,0,0,0,0,0,1,1,1,1,1,1,1,1,1,1,1,1,1,1,1,1,1,1,1,0,0,0,0,0,0,0,0,1,1,1,1,1,1,1,1,1,1,1,1,1,1,1,1,1,1,0,0,0,0,0,0,0,0,0,1,1,1,1,1,1,1,1,1,1,1,1,1,1,1,1,1,0,0,0,0,0,0,0,0,0,0,1,1,1,1,1,1,1,1,1,1,1,1,1,1,1,1,0,0,0,0,0,0,0,0,0,0,0,1,1,1,1,1,1,1,1,1,1,1,1,1,1,1,0,0,0,0,0,0,0,0,0,0,0,0,1,1,1,1,1,1,1,1,1,1,1,1,1,1,0,0,0,0,0,0,0,0,0,0,0,0,0,1,1,1,1,1,1,1,1,1,1,1,1,1,0,0,0,0,0,0,0,0,0,0,0,0,0,0,1,1,1,1,1,1,1,1,1,1,1,1,0,0,0,0,0,0,0,0,0,0,0,0,0,0,0,1,1,1,1,1,1,1,1,1,1,1,0,0,0,0,0,0,0,0,0,0,0,0,0,0,0,0,1,1,1,1,1,1,1,1,1,1,0,0,0,0,0,0,0,0,0,0,0,0,0,0,0,0,0,1,1,1,1,1,1,1,1,1,0,0,0,0,0,0,0,0,0,0,0,0,0,0,0,0,0,0,1,1,1,1,1,1,1,1,0,0,0,0,0,0,0,0,0,0,0,0,0,0,0,0,0,0,0,1,1,1,1,1,1,1,0,0,0,0,0,0,0,0,0,0,0,0,0,0,0,0,0,0,0,0,1,1,1,1,1,1,0,0,0,0,0,0,0,0,0,0,0,0,0,0,0,0,0,0,0,0,0,1,1,1,1,1,0,0,0,0,0,0,0,0,0,0,0,0,0,0,0,0,0,0,0,0,0,0,1,1,1,1,0,0,0,0,0,0,0,0,0,0,0,0,0,0,0,0,0,0,0,0,0,0,0,1,1,1,0,0,0,0,0,0,0,0,0,0,0,0,0,0,0,0,0,0,0,0,0,0,0,0,1,1,0,0,0,0,0,0,0,0,0,0,0,0,0,0,0,0,0,0,0,0,0,0,0,0,0,1,0,0,0,0,0,0,0,0,0,0,0,0,0,0,0,0,0,0,0,0,0,0,0,0,0,0,25,0,0,0,0,-1,3,128,0,0,26,0,26,-1,3,128,0,26,0,26,0,-1,3,128,0,26,25,26,25,-1,3,128,0,26,26,26,26,-1,3,128,0,1,0,1,0,-1,3,128,0,1,1,1,1,-1,0,0,0,3,2,3,2,-1,0,0,0,4,4,4,4,-1,0,0,0,6,5,6,5,-1,0,0,0,7,7,7,7,-1,0,0,0,9,8,9,8,-1,0,0,0,10,10,10,10,-1,0,0,0,12,11,12,11,-1,0,0,0,13,13,13,13,-1,0,0,0,15,14,15,14,-1,0,0,0,16,16,16,16,-1,0,128,0,18,17,18,17,-1,0,128,0,19,19,19,19,-1,0,128,0,21,20,21,20,-1,0,128,0,22,22,22,22,-1,0,128,0,24,23,24,23,-1,0,128,0,24,24,24,24,-1,0,128,0,25,24,25,24,-1,0,128,0,25,25,25,25,-1,0,0,0,2,0,0,0,0,0,0,24,0,5,6,7,8,9,10,11,12,13,14,15,16,17,18,19,20,21,22,23,24,3,4,1,24,-1,26,1,1,1,1,1,3,1,3,1,3,1,3,1,3,1,3,1,3,1,3,1,3,1,3,1,3,1,3,1,3,1,3,1,3,1,1,1,1,1,1,-1,1,-1,1,-1,26,1,1,-1,0,0,0,0,0,0,0,0,0,0,0,0,0,0,0,0,0,22,5,2,3,24,23,22,21,20,19,18,17,16,15,14,13,12,11,10,9,8,7,6,22,-1,1,-1,25,0,25,0,1,0,1,0,1,0,1,0,3,0,3,0,3,0,3,0,3,0,3,0,3,0,3,0,3,0,3,0,3,0,3,0,3,0,3,0,3,1,0,-1,0,0,0,0,0,0,0,0,0,0,0,2,3,1,0,26,26
topology,28,23,3,6,0,0,0,0,1,1,1,2,2,2,3,3,3,4,4,4,4,4,4,5,5,5,5,5,0,0,0,1,1,1,2,2,2,3,3,3,4,4,4,4,4,4,5,5,5,5,5,0,0,0,1,1,1,2,2,2,3,3,3,4,4,4,4,4,4,5,5,5,5,5,24,0,0,0,0,-1,3,128,0,0,3,0,3,-1,3,128,0,23,0,23,0,-1,3,128,0,23,3,23,3,-1,3,128,0,3,0,3,0,-1,3,128,0,6,0,6,0,-1,3,128,0,9,0,9,0,-1,3,128,0,12,0,12,0,-1,3,128,0,18,0,18,0,-1,3,128,0,3,3,3,3,-1,3,128,0,6,3,6,3,-1,3,128,0,9,3,9,3,-1,3,128,0,12,3,12,3,-1,3,128,0,18,3,18,3,-1,3,128,0,3,1,3,1,-1,0,0,0,6,1,6,1,-1,0,0,0,9,1,9,1,-1,0,0,0,12,1,12,1,-1,0,0,0,18,1,18,1,-1,0,0,0,3,2,3,2,-1,0,0,0,6,2,6,2,-1,0,0,0,9,2,9,2,-1,0,0,0,12,2,12,2,-1,0,0,0,18,2,18,2,-1,0,0,0,6,0,0,0,0,0,0,6,0,4,14,19,9,1,6,-1,3,1,3,1,1,1,1,-1,1,-1,3,1,1,-1,0,0,0,0,0,0,0,0,0,0,0,0,0,0,0,0,0,8,4,5,15,20,10,9,19,14,8,-1,1,2,3,2,1,2,1,-1,1,0,3,0,1,0,1,2,0,2,-1,0,0,0,0,0,0,0,0,0,0,0,0,0,0,0,0,0,8,5,6,16,21,11,10,20,15,8,-1,1,3,3,3,1,3,1,-1,1,1,3,1,1,1,1,2,1,3,-1,0,0,0,0,0,0,0,0,0,0,0,0,0,0,0,0,0,8,6,7,17,22,12,11,21,16,8,-1,1,4,3,4,1,4,1,-1,1,2,3,2,1,2,1,2,2,4,-1,0,0,0,0,0,0,0,0,0,0,0,0,0,0,0,0,0,8,7,8,18,23,13,12,22,17,8,-1,1,5,6,5,1,5,1,-1,1,3,6,3,1,3,1,2,3,5,-1,0,0,0,0,0,0,0,0,0,0,0,0,0,0,0,0,0,6,8,2,3,13,23,18,6,-1,1,-1,5,-1,3,4,5,4,1,4,1,1,4,-1,0,0,0,0,0,0,0,0,0,0,0,2,2,5,5,23,3
topology,29,8,8,1,1,0,0,0,0,0,0,0,0,0,0,0,0,0,0,0,0,0,0,0,0,0,0,0,0,0,0,0,0,0,0,0,0,0,0,0,0,0,0,0,0,0,0,0,0,0,0,0,0,0,0,0,0,0,0,0,0,0,0,0,0,0,0,0,0,4,0,0,0,0,-1,3,128,0,0,8,0,8,-1,3,128,0,8,0,8,0,-1,3,128,0,8,8,8,8,-1,3,128,0,1,0,0,0,0,0,0,4,0,2,3,1,4,-1,8,-1,8,-1,8,-1,8,0,-1,0,0,0,0,0,0,0,0,0,0,0,2,2,0,0,8,8
topology,30,26,26,2,0,0,0,0,0,0,0,0,0,0,0,0,0,0,0,0,0,0,0,0,0,0,0,0,0,0,0,0,0,0,0,0,0,0,0,0,0,0,0,0,0,0,0,0,0,0,0,0,0,0,0,0,0,0,0,0,0,0,0,0,0,0,0,0,0,0,0,0,0,0,0,0,0,0,0,0,0,0,0,0,0,0,0,0,0,0,0,0,0,0,0,0,0,0,0,0,0,0,0,0,0,0,0,0,0,0,0,0,0,0,0,0,0,0,0,0,0,0,0,0,0,0,0,0,0,0,0,0,0,0,0,0,0,0,0,0,0,0,0,0,0,1,1,1,1,1,1,1,0,0,0,0,0,0,0,0,0,0,0,0,0,0,0,0,0,1,1,1,1,1,1,1,1,1,1,1,0,0,0,0,0,0,0,0,0,0,0,0,0,0,1,1,1,1,1,1,1,1,1,1,1,1,1,0,0,0,0,0,0,0,0,0,0,0,0,1,1,1,1,1,1,1,1,1,1,1,1,1,1,1,0,0,0,0,0,0,0,0,0,0,0,1,1,1,1,1,1,1,1,1,1,1,1,1,1,1,0,0,0,0,0,0,0,0,0,0,1,1,1,1,1,1,1,1,1,1,1,1,1,1,1,1,1,0,0,0,0,0,0,0,0,0,1,1,1,1,1,1,1,1,1,1,1,1,1,1,1,1,1,0,0,0,0,0,0,0,0,0,1,1,1,1,1,1,1,1,1,1,1,1,1,1,1,1,1,0,0,0,0,0,0,0,0,0,1,1,1,1,1,1,1,1,1,1,1,1,1,1,1,1,1,0,0,0,0,0,0,0,0,0,1,1,1,1,1,1,1,1,1,1,1,1,1,1,1,1,1,0,0,0,0,0,0,0,0,0,1,1,1,1,1,1,1,1,1,1,1,1,1,1,1,1,1,0,0,0,0,0,0,0,0,0,1,1,1,1,1,1,1,1,1,1,1,1,1,1,1,1,1,0,0,0,0,0,0,0,0,0,0,1,1,1,1,1,1,1,1,1,1,1,1,1,1,1,0,0,0,0,0,0,0,0,0,0,0,1,1,1,1,1,1,1,1,1,1,1,1,1,1,1,0,0,0,0,0,0,0,0,0,0,0,0,1,1,1,1,1,1,1,1,1,1,1,1,1,0,0,0,0,0,0,0,0,0,0,0,0,0,0,1,1,1,1,1,1,1,1,1,1,1,0,0,0,0,0,0,0,0,0,0,0,0,0,0,0,0,0,1,1,1,1,1,1,1,0,0,0,0,0,0,0,0,0,0,0,0,0,0,0,0,0,0,0,0,0,0,0,0,0,0,0,0,0,0,0,0,0,0,0,0,0,0,0,0,0,0,0,0,0,0,0,0,0,0,0,0,0,0,0,0,0,0,0,0,0,0,0,0,0,0,0,0,0,0,0,0,0,0,0,0,0,0,0,0,0,0,0,0,0,0,0,0,0,0,0,0,0,0,0,0,0,0,0,0,0,0,0,0,0,0,0,0,0,0,0,0,0,56,0,0,0,0,-1,3,128,0,0,26,0,26,-1,3,128,0,26,0,26,0,-1,3,128,0,26,26,26,26,-1,3,128,0,10,5,10,5,-1,0,0,0,15,5,15,5,-1,0,128,0,16,5,16,5,-1,0,128,0,17,5,17,5,-1,0,128,0,8,6,8,6,-1,0,128,0,9,6,9,6,-1,0,128,0,10,6,10,6,-1,0,128,0,17,6,17,6,-1,0,128,0,18,6,18,6,-1,0,128,0,19,6,19,6,-1,0,128,0,7,7,7,7,-1,0,128,0,8,7,8,7,-1,0,128,0,19,7,19,7,-1,0,128,0,20,7,20,7,-1,0,128,0,6,8,6,8,-1,0,128,0,7,8,7,8,-1,0,128,0,20,8,20,8,-1,0,128,0,21,8,21,8,-1,0,128,0,6,9,6,9,-1,0,128,0,21,9,21,9,-1,0,128,0,5,10,5,10,-1,0,128,0,6,10,6,10,-1,0,128,0,21,10,21,10,-1,0,128,0,22,10,22,10,-1,0,0,0,5,11,5,11,-1,0,128,0,5,12,5,12,-1,0,128,0,22,15,22,15,-1,0,128,0,22,16,22,16,-1,0,128,0,5,17,5,17,-1,0,128,0,6,17,6,17,-1,0,128,0,21,17,21,17,-1,0,128,0,22,17,22,17,-1,0,128,0,6,18,6,18,-1,0,128,0,21,18,21,18,-1,0,128,0,6,19,6,19,-1,0,128,0,7,19,7,19,-1,0,128,0,20,19,20,19,-1,0,128,0,21,19,21,19,-1,0,128,0,7,20,7,20,-1,0,128,0,8,20,8,20,-1,0,128,0,19,20,19,20,-1,0,128,0,20,20,20,20,-1,0,0,0,8,21,8,21,-1,0,128,0,9,21,9,21,-1,0,128,0,10,21,10,21,-1,0,128,0,17,21,17,21,-1,0,128,0,18,21,18,21,-1,0,128,0,19,21,19,21,-1,0,128,0,10,22,10,22,-1,0,128,0,11,22,11,22,-1,0,128,0,12,22,12,22,-1,0,128,0,17,22,17,22,-1,0,128,0,2,0,0,0,0,0,0,4,0,2,3,1,4,-1,26,-1,26,-1,26,-1,26,0,-1,0,0,0,0,0,0,0,0,0,0,0,0,0,0,0,0,0,52,4,5,6,7,11,12,13,16,17,20,21,23,26,27,30,31,35,34,37,41,40,45,44,51,50,49,55,54,53,52,48,47,46,43,42,39,38,36,33,32,29,28,24,25,22,18,19,14,15,8,9,10,52,0,1,0,5,0,1,0,1,0,1,0,1,0,1,0,1,0,1,0,1,0,1,0,1,0,1,0,1,0,5,0,1,0,1,0,1,0,1,0,1,0,1,0,1,0,1,0,1,0,1,0,1,0,1,0,5,0,1,0,1,0,1,0,1,0,1,0,1,0,1,0,1,0,1,0,1,0,1,0,1,0,5,0,1,0,1,0,1,0,1,0,1,0,1,0,1,0,1,0,1,0,1,0,1,1,0,0,0,0,0,0,0,0,0,0,0,0,0,2,2,0,0,26,26
topology,31,22,18,48,0,0,0,0,1,1,1,2,2,2,3,3,3,4,4,4,5,5,5,6,6,6,7,0,0,0,1,1,1,2,2,2,3,3,3,4,4,4,5,5,5,6,6,6,7,0,0,0,1,1,1,2,2,2,3,3,3,4,4,4,5,5,5,6,6,6,7,8,8,8,9,9,9,10,10,10,11,11,11,12,12,12,13,13,13,14,14,14,15,8,8,8,9,9,9,10,10,10,11,11,11,12,12,12,13,13,13,14,14,14,15,8,8,8,9,9,9,10,10,10,11,11,11,12,12,12,13,13,13,14,14,14,15,16,16,16,17,17,17,18,18,18,19,19,19,20,20,20,21,21,21,22,22,22,23,16,16,16,17,17,17,18,18,18,19,19,19,20,20,20,21,21,21,22,22,22,23,16,16,16,17,17,17,18,18,18,19,19,19,20,20,20,21,21,21,22,22,22,23,24,24,24,25,25,25,26,26,26,27,27,27,28,28,28,29,29,29,30,30,30,31,24,24,24,25,25,25,26,26,26,27,27,27,28,28,28,29,29,29,30,30,30,31,24,24,24,25,25,25,26,26,26,27,27,27,28,28,28,29,29,29,30,30,30,31,32,32,32,33,33,33,34,34,34,35,35,35,36,36,36,37,37,37,38,38,38,39,32,32,32,33,33,33,34,34,34,35,35,35,36,36,36,37,37,37,38,38,38,39,32,32,32,33,33,33,34,34,34,35,35,35,36,36,36,37,37,37,38,38,38,39,40,40,40,41,41,41,42,42,42,43,43,43,44,44,44,45,45,45,46,46,46,47,40,40,40,41,41,41,42,42,42,43,43,43,44,44,44,45,45,45,46,46,46,47,40,40,40,41,41,41,42,42,42,43,43,43,44,44,44,45,45,45,46,46,46,47,217,0,0,0,0,-1,3,128,0,0,3,0,3,-1,3,128,0,0,6,0,6,-1,3,128,0,0,9,0,9,-1,3,128,0,0,12,0,12,-1,3,128,0,0,15,0,15,-1,3,128,0,0,18,0,18,-1,3,128,0,22,0,22,0,-1,3,128,0,22,3,22,3,-1,3,128,0,22,6,22,6,-1,3,128,0,22,9,22,9,-1,3,128,0,22,12,22,12,-1,3,128,0,22,15,22,15,-1,3,128,0,22,18,22,18,-1,3,128,0,3,0,3,0,-1,3,128,0,6,0,6,0,-1,3,128,0,9,0,9,0,-1,3,128,0,12,0,12,0,-1,3,128,0,15,0,15,0,-1,3,128,0,18,0,18,0,-1,3,128,0,21,0,21,0,-1,3,128,0,3,18,3,18,-1,3,128,0,6,18,6,18,-1,3,128,0,9,18,9,18,-1,3,128,0,12,18,12,18,-1,3,128,0,15,18,15,18,-1,3,128,0,18,18,18,18,-1,3,128,0,21,18,21,18,-1,3,128,0,3,1,3,1,-1,0,0,0,6,1,6,1,-1,0,0,0,9,1,9,1,-1,0,0,0,12,1,12,1,-1,0,0,0,15,1,15,1,-1,0,0,0,18,1,18,1,-1,0,0,0,21,1,21,1,-1,0,0,0,3,2,3,2,-1,0,0,0,6,2,6,2,-1,0,0,0,9,2,9,2,-1,0,0,0,12,2,12,2,-1,0,0,0,15,2,15,2,-1,0,0,0,18,2,18,2,-1,0,0,0,21,2,21,2,-1,0,0,0,1,3,1,3,-1,0,0,0,2,3,2,3,-1,0,0,0,3,3,3,3,-1,3,0,0,4,3,4,3,-1,0,0,0,5,3,5,3,-1,0,0,0,6,3,6,3,-1,3,0,0,7,3,7,3,-1,0,0,0,8,3,8,3,-1,0,0,0,9,3,9,3,-1,3,0,0,10,3,10,3,-1,0,0,0,11,3,11,3,-1,0,0,0,12,3,12,3,-1,3,0,0,13,3,13,3,-1,0,0,0,14,3,14,3,-1,0,0,0,15,3,15,3,-1,3,0,0,16,3,16,3,-1,0,0,0,17,3,17,3,-1,0,0,0,18,3,18,3,-1,3,0,0,19,3,19,3,-1,0,0,0,20,3,20,3,-1,0,0,0,21,3,21,3,-1,3,0,0,3,4,3,4,-1,0,0,0,6,4,6,4,-1,0,0,0,9,4,9,4,-1,0,0,0,12,4,12,4,-1,0,0,0,15,4,15,4,-1,0,0,0,18,4,18,4,-1,0,0,0,21,4,21,4,-1,0,0,0,3,5,3,5,-1,0,0,0,6,5,6,5,-1,0,0,0,9,5,9,5,-1,0,0,0,12,5,12,5,-1,0,0,0,15,5,15,5,-1,0,0,0,18,5,18,5,-1,0,0,0,21,5,21,5,-1,0,0,0,1,6,1,6,-1,0,0,0,2,6,2,6,-1,0,0,0,3,6,3,6,-1,3,0,0,4,6,4,6,-1,0,0,0,5,6,5,6,-1,0,0,0,6,6,6,6,-1,3,0,0,7,6,7,6,-1,0,0,0,8,6,8,6,-1,0,0,0,9,6,9,6,-1,3,0,0,10,6,10,6,-1,0,0,0,11,6,11,6,-1,0,0,0,12,6,12,6,-1,3,0,0,13,6,13,6,-1,0,0,0,14,6,14,6,-1,0,0,0,15,6,15,6,-1,3,0,0,16,6,16,6,-1,0,0,0,17,6,17,6,-1,0,0,0,18,6,18,6,-1,3,0,0,19,6,19,6,-1,0,0,0,20,6,20,6,-1,0,0,0,21,6,21,6,-1,3,0,0,3,7,3,7,-1,0,0,0,6,7,6,7,-1,0,0,0,9,7,9,7,-1,0,0,0,12,7,12,7,-1,0,0,0,15,7,15,7,-1,0,0,0,18,7,18,7,-1,0,0,0,21,7,21,7,-1,0,0,0,3,8,3,8,-1,0,0,0,6,8,6,8,-1,0,0,0,9,8,9,8,-1,0,0,0,12,8,12,8,-1,0,0,0,15,8,15,8,-1,0,0,0,18,8,18,8,-1,0,0,0,21,8,21,8,-1,0,0,0,1,9,1,9,-1,0,0,0,2,9,2,9,-1,0,0,0,3,9,3,9,-1,3,0,0,4,9,4,9,-1,0,0,0,5,9,5,9,-1,0,0,0,6,9,6,9,-1,3,0,0,7,9,7,9,-1,0,0,0,8,9,8,9,-1,0,0,0,9,9,9,9,-1,3,0,0,10,9,10,9,-1,0,0,0,11,9,11,9,-1,0,0,0,12,9,12,9,-1,3,0,0,13,9,13,9,-1,0,0,0,14,9,14,9,-1,0,0,0,15,9,15,9,-1,3,0,0,16,9,16,9,-1,0,0,0,17,9,17,9,-1,0,0,0,18,9,18,9,-1,3,0,0,19,9,19,9,-1,0,0,0,20,9,20,9,-1,0,0,0,21,9,21,9,-1,3,0,0,3,10,3,10,-1,0,0,0,6,10,6,10,-1,0,0,0,9,10,9,10,-1,0,0,0,12,10,12,10,-1,0,0,0,15,10,15,10,-1,0,0,0,18,10,18,10,-1,0,0,0,21,10,21,10,-1,0,0,0,3,11,3,11,-1,0,0,0,6,11,6,11,-1,0,0,0,9,11,9,11,-1,0,0,0,12,11,12,11,-1,0,0,0,15,11,15,11,-1,0,0,0,18,11,18,11,-1,0,0,0,21,11,21,11,-1,0,0,0,1,12,1,12,-1,0,0,0,2,12,2,12,-1,0,0,0,3,12,3,12,-1,3,0,0,4,12,4,12,-1,0,0,0,5,12,5,12,-1,0,0,0,6,12,6,12,-1,3,0,0,7,12,7,12,-1,0,0,0,8,12,8,12,-1,0,0,0,9,12,9,12,-1,3,0,0,10,12,10,12,-1,0,0,0,11,12,11,12,-1,0,0,0,12,12,12,12,-1,3,0,0,13,12,13,12,-1,0,0,0,14,12,14,12,-1,0,0,0,15,12,15,12,-1,3,0,0,16,12,16,12,-1,0,0,0,17,12,17,12,-1,0,0,0,18,12,18,12,-1,3,0,0,19,12,19,12,-1,0,0,0,20,12,20,12,-1,0,0,0,21,12,21,12,-1,3,0,0,3,13,3,13,-1,0,0,0,6,13,6,13,-1,0,0,0,9,13,9,13,-1,0,0,0,12,13,12,13,-1,0,0,0,15,13,15,13,-1,0,0,0,18,13,18,13,-1,0,0,0,21,13,21,13,-1,0,0,0,3,14,3,14,-1,0,0,0,6,14,6,14,-1,0,0,0,9,14,9,14,-1,0,0,0,12,14,12,14,-1,0,0,0,15,14,15,14,-1,0,0,0,18,14,18,14,-1,0,0,0,21,14,21,14,-1,0,0,0,1,15,1,15,-1,0,0,0,2,15,2,15,-1,0,0,0,3,15,3,15,-1,3,0,0,4,15,4,15,-1,0,0,0,5,15,5,15,-1,0,0,0,6,15,6,15,-1,3,0,0,7,15,7,15,-1,0,0,0,8,15,8,15,-1,0,0,0,9,15,9,15,-1,3,0,0,10,15,10,15,-1,0,0,0,11,15,11,15,-1,0,0,0,12,15,12,15,-1,3,0,0,13,15,13,15,-1,0,0,0,14,15,14,15,-1,0,0,0,15,15,15,15,-1,3,0,0,16,15,16,15,-1,0,0,0,17,15,17,15,-1,0,0,0,18,15,18,15,-1,3,0,0,19,15,19,15,-1,0,0,0,20,15,20,15,-1,0,0,0,21,15,21,15,-1,3,0,0,3,16,3,16,-1,0,0,0,6,16,6,16,-1,0,0,0,9,16,9,16,-1,0,0,0,12,16,12,16,-1,0,0,0,15,16,15,16,-1,0,0,0,18,16,18,16,-1,0,0,0,21,16,21,16,-1,0,0,0,3,17,3,17,-1,0,0,0,6,17,6,17,-1,0,0,0,9,17,9,17,-1,0,0,0,12,17,12,17,-1,0,0,0,15,17,15,17,-1,0,0,0,18,17,18,17,-1,0,0,0,21,17,21,17,-1,0,0,0,48,0,0,0,0,0,0,8,0,14,28,35,44,43,42,1,8,-1,3,1,3,1,1,1,1,8,1,8,1,8,1,-1,1,2,1,8,-1,0,0,0,0,0,0,0,0,0,0,0,0,0,0,0,0,0,10,14,15,29,36,47,46,45,44,35,28,10,-1,1,2,3,2,1,2,1,9,1,9,1,9,1,0,1,0,1,0,1,3,0,2,9,-1,0,0,0,0,0,0,0,0,0,0,0,0,0,0,0,0,0,10,15,16,30,37,50,49,48,47,36,29,10,-1,1,3,3,3,1,3,1,10,1,10,1,10,1,1,1,1,1,1,1,3,1,3,10,-1,0,0,0,0,0,0,0,0,0,0,0,0,0,0,0,0,0,10,16,17,31,38,53,52,51,50,37,30,10,-1,1,4,3,4,1,4,1,11,1,11,1,11,1,2,1,2,1,2,1,3,2,4,11,-1,0,0,0,0,0,0,0,0,0,0,0,0,0,0,0,0,0,10,17,18,32,39,56,55,54,53,38,31,10,-1,1,5,3,5,1,5,1,12,1,12,1,12,1,3,1,3,1,3,1,3,3,5,12,-1,0,0,0,0,0,0,0,0,0,0,0,0,0,0,0,0,0,10,18,19,33,40,59,58,57,56,39,32,10,-1,1,6,3,6,1,6,1,13,1,13,1,13,1,4,1,4,1,4,1,3,4,6,13,-1,0,0,0,0,0,0,0,0,0,0,0,0,0,0,0,0,0,10,19,20,34,41,62,61,60,59,40,33,10,-1,1,7,3,7,1,7,1,14,1,14,1,14,1,5,1,5,1,5,1,3,5,7,14,-1,0,0,0,0,0,0,0,0,0,0,0,0,0,0,0,0,0,6,20,7,8,62,41,34,6,-1,1,-1,1,15,3,6,1,6,1,6,1,2,6,15,-1,0,0,0,0,0,0,0,0,0,0,0,0,0,0,0,0,0,10,1,42,43,44,63,70,79,78,77,2,10,0,3,0,1,0,1,9,1,9,1,9,1,16,1,16,1,16,1,-1,1,3,0,9,16,-1,0,0,0,0,0,0,0,0,0,0,0,0,0,0,0,0,0,12,44,45,46,47,64,71,82,81,80,79,70,63,12,1,1,1,1,1,1,10,1,10,1,10,1,17,1,17,1,17,1,8,1,8,1,8,1,4,1,8,10,17,-1,0,0,0,0,0,0,0,0,0,0,0,0,0,0,0,0,0,12,47,48,49,50,65,72,85,84,83,82,71,64,12,2,1,2,1,2,1,11,1,11,1,11,1,18,1,18,1,18,1,9,1,9,1,9,1,4,2,9,11,18,-1,0,0,0,0,0,0,0,0,0,0,0,0,0,0,0,0,0,12,50,51,52,53,66,73,88,87,86,85,72,65,12,3,1,3,1,3,1,12,1,12,1,12,1,19,1,19,1,19,1,10,1,10,1,10,1,4,3,10,12,19,-1,0,0,0,0,0,0,0,0,0,0,0,0,0,0,0,0,0,12,53,54,55,56,67,74,91,90,89,88,73,66,12,4,1,4,1,4,1,13,1,13,1,13,1,20,1,20,1,20,1,11,1,11,1,11,1,4,4,11,13,20,-1,0,0,0,0,0,0,0,0,0,0,0,0,0,0,0,0,0,12,56,57,58,59,68,75,94,93,92,91,74,67,12,5,1,5,1,5,1,14,1,14,1,14,1,21,1,21,1,21,1,12,1,12,1,12,1,4,5,12,14,21,-1,0,0,0,0,0,0,0,0,0,0,0,0,0,0,0,0,0,12,59,60,61,62,69,76,97,96,95,94,75,68,12,6,1,6,1,6,1,15,1,15,1,15,1,22,1,22,1,22,1,13,1,13,1,13,1,4,6,13,15,22,-1,0,0,0,0,0,0,0,0,0,0,0,0,0,0,0,0,0,6,62,8,9,97,76,69,6,7,1,-1,1,23,3,14,1,14,1,14,1,3,7,14,23,-1,0,0,0,0,0,0,0,0,0,0,0,0,0,0,0,0,0,10,2,77,78,79,98,105,114,113,112,3,10,8,3,8,1,8,1,17,1,17,1,17,1,24,1,24,1,24,1,-1,1,3,8,17,24,-1,0,0,0,0,0,0,0,0,0,0,0,0,0,0,0,0,0,12,79,80,81,82,99,106,117,116,115,114,105,98,12,9,1,9,1,9,1,18,1,18,1,18,1,25,1,25,1,25,1,16,1,16,1,16,1,4,9,16,18,25,-1,0,0,0,0,0,0,0,0,0,0,0,0,0,0,0,0,0,12,82,83,84,85,100,107,120,119,118,117,106,99,12,10,1,10,1,10,1,19,1,19,1,19,1,26,1,26,1,26,1,17,1,17,1,17,1,4,10,17,19,26,-1,0,0,0,0,0,0,0,0,0,0,0,0,0,0,0,0,0,12,85,86,87,88,101,108,123,122,121,120,107,100,12,11,1,11,1,11,1,20,1,20,1,20,1,27,1,27,1,27,1,18,1,18,1,18,1,4,11,18,20,27,-1,0,0,0,0,0,0,0,0,0,0,0,0,0,0,0,0,0,12,88,89,90,91,102,109,126,125,124,123,108,101,12,12,1,12,1,12,1,21,1,21,1,21,1,28,1,28,1,28,1,19,1,19,1,19,1,4,12,19,21,28,-1,0,0,0,0,0,0,0,0,0,0,0,0,0,0,0,0,0,12,91,92,93,94,103,110,129,128,127,126,109,102,12,13,1,13,1,13,1,22,1,22,1,22,1,29,1,29,1,29,1,20,1,20,1,20,1,4,13,20,22,29,-1,0,0,0,0,0,0,0,0,0,0,0,0,0,0,0,0,0,12,94,95,96,97,104,111,132,131,130,129,110,103,12,14,1,14,1,14,1,23,1,23,1,23,1,30,1,30,1,30,1,21,1,21,1,21,1,4,14,21,23,30,-1,0,0,0,0,0,0,0,0,0,0,0,0,0,0,0,0,0,6,97,9,10,132,111,104,6,15,1,-1,1,31,3,22,1,22,1,22,1,3,15,22,31,-1,0,0,0,0,0,0,0,0,0,0,0,0,0,0,0,0,0,10,3,112,113,114,133,140,149,148,147,4,10,16,3,16,1,16,1,25,1,25,1,25,1,32,1,32,1,32,1,-1,1,3,16,25,32,-1,0,0,0,0,0,0,0,0,0,0,0,0,0,0,0,0,0,12,114,115,116,117,134,141,152,151,150,149,140,133,12,17,1,17,1,17,1,26,1,26,1,26,1,33,1,33,1,33,1,24,1,24,1,24,1,4,17,24,26,33,-1,0,0,0,0,0,0,0,0,0,0,0,0,0,0,0,0,0,12,117,118,119,120,135,142,155,154,153,152,141,134,12,18,1,18,1,18,1,27,1,27,1,27,1,34,1,34,1,34,1,25,1,25,1,25,1,4,18,25,27,34,-1,0,0,0,0,0,0,0,0,0,0,0,0,0,0,0,0,0,12,120,121,122,123,136,143,158,157,156,155,142,135,12,19,1,19,1,19,1,28,1,28,1,28,1,35,1,35,1,35,1,26,1,26,1,26,1,4,19,26,28,35,-1,0,0,0,0,0,0,0,0,0,0,0,0,0,0,0,0,0,12,123,124,125,126,137,144,161,160,159,158,143,136,12,20,1,20,1,20,1,29,1,29,1,29,1,36,1,36,1,36,1,27,1,27,1,27,1,4,20,27,29,36,-1,0,0,0,0,0,0,0,0,0,0,0,0,0,0,0,0,0,12,126,127,128,129,138,145,164,163,162,161,144,137,12,21,1,21,1,21,1,30,1,30,1,30,1,37,1,37,1,37,1,28,1,28,1,28,1,4,21,28,30,37,-1,0,0,0,0,0,0,0,0,0,0,0,0,0,0,0,0,0,12,129,130,131,132,139,146,167,166,165,164,145,138,12,22,1,22,1,22,1,31,1,31,1,31,1,38,1,38,1,38,1,29,1,29,1,29,1,4,22,29,31,38,-1,0,0,0,0,0,0,0,0,0,0,0,0,0,0,0,0,0,6,132,10,11,167,146,139,6,23,1,-1,1,39,3,30,1,30,1,30,1,3,23,30,39,-1,0,0,0,0,0,0,0,0,0,0,0,0,0,0,0,0,0,10,4,147,148,149,168,175,184,183,182,5,10,24,3,24,1,24,1,33,1,33,1,33,1,40,1,40,1,40,1,-1,1,3,24,33,40,-1,0,0,0,0,0,0,0,0,0,0,0,0,0,0,0,0,0,12,149,150,151,152,169,176,187,186,185,184,175,168,12,25,1,25,1,25,1,34,1,34,1,34,1,41,1,41,1,41,1,32,1,32,1,32,1,4,25,32,34,41,-1,0,0,0,0,0,0,0,0,0,0,0,0,0,0,0,0,0,12,152,153,154,155,170,177,190,189,188,187,176,169,12,26,1,26,1,26,1,35,1,35,1,35,1,42,1,42,1,42,1,33,1,33,1,33,1,4,26,33,35,42,-1,0,0,0,0,0,0,0,0,0,0,0,0,0,0,0,0,0,12,155,156,157,158,171,178,193,192,191,190,177,170,12,27,1,27,1,27,1,36,1,36,1,36,1,43,1,43,1,43,1,34,1,34,1,34,1,4,27,34,36,43,-1,0,0,0,0,0,0,0,0,0,0,0,0,0,0,0,0,0,12,158,159,160,161,172,179,196,195,194,193,178,171,12,28,1,28,1,28,1,37,1,37,1,37,1,44,1,44,1,44,1,35,1,35,1,35,1,4,28,35,37,44,-1,0,0,0,0,0,0,0,0,0,0,0,0,0,0,0,0,0,12,161,162,163,164,173,180,199,198,197,196,179,172,12,29,1,29,1,29,1,38,1,38,1,38,1,45,1,45,1,45,1,36,1,36,1,36,1,4,29,36,38,45,-1,0,0,0,0,0,0,0,0,0,0,0,0,0,0,0,0,0,12,164,165,166,167,174,181,202,201,200,199,180,173,12,30,1,30,1,30,1,39,1,39,1,39,1,46,1,46,1,46,1,37,1,37,1,37,1,4,30,37,39,46,-1,0,0,0,0,0,0,0,0,0,0,0,0,0,0,0,0,0,6,167,11,12,202,181,174,6,31,1,-1,1,47,3,38,1,38,1,38,1,3,31,38,47,-1,0,0,0,0,0,0,0,0,0,0,0,0,0,0,0,0,0,8,5,182,183,184,203,210,21,6,8,32,3,32,1,32,1,41,1,41,1,41,1,-1,1,-1,3,2,32,41,-1,0,0,0,0,0,0,0,0,0,0,0,0,0,0,0,0,0,10,184,185,186,187,204,211,22,21,210,203,10,33,1,33,1,33,1,42,1,42,1,42,1,-1,1,40,3,40,1,40,1,3,33,40,42,-1,0,0,0,0,0,0,0,0,0,0,0,0,0,0,0,0,0,10,187,188,189,190,205,212,23,22,211,204,10,34,1,34,1,34,1,43,1,43,1,43,1,-1,1,41,3,41,1,41,1,3,34,41,43,-1,0,0,0,0,0,0,0,0,0,0,0,0,0,0,0,0,0,10,190,191,192,193,206,213,24,23,212,205,10,35,1,35,1,35,1,44,1,44,1,44,1,-1,1,42,3,42,1,42,1,3,35,42,44,-1,0,0,0,0,0,0,0,0,0,0,0,0,0,0,0,0,0,10,193,194,195,196,207,214,25,24,213,206,10,36,1,36,1,36,1,45,1,45,1,45,1,-1,1,43,3,43,1,43,1,3,36,43,45,-1,0,0,0,0,0,0,0,0,0,0,0,0,0,0,0,0,0,10,196,197,198,199,208,215,26,25,214,207,10,37,1,37,1,37,1,46,1,46,1,46,1,-1,1,44,3,44,1,44,1,3,37,44,46,-1,0,0,0,0,0,0,0,0,0,0,0,0,0,0,0,0,0,10,199,200,201,202,209,216,27,26,215,208,10,38,1,38,1,38,1,47,1,47,1,47,1,-1,1,45,3,45,1,45,1,3,38,45,47,-1,0,0,0,0,0,0,0,0,0,0,0,0,0,0,0,0,0,6,202,12,13,27,216,209,6,39,1,-1,1,-1,3,46,1,46,1,46,1,2,39,46,-1,0,0,0,0,0,0,0,0,0,0,0,7,7,7,7,22,18
topology,32,7,3,2,0,0,0,0,1,1,1,1,0,0,0,1,1,1,1,0,0,0,1,1,1,1,8,0,0,0,0,-1,3,128,0,0,3,0,3,-1,3,128,0,7,0,7,0,-1,3,128,0,7,3,7,3,-1,3,128,0,3,0,3,0,-1,3,128,0,3,3,3,3,-1,3,128,0,3,1,3,1,-1,0,0,0,3,2,3,2,-1,0,0,0,2,0,0,0,0,0,0,6,0,4,6,7,5,1,6,-1,3,1,3,1,1,1,1,-1,1,-1,3,1,1,-1,0,0,0,0,0,0,0,0,0,0,0,0,0,0,0,0,0,6,4,2,3,5,7,6,6,-1,1,-1,4,-1,3,0,4,0,1,0,1,1,0,-1,0,0,0,0,0,0,0,0,0,0,0,2,2,1,1,7,3
topology,33,14,8,3,0,0,0,0,0,0,0,0,0,0,0,0,0,0,0,0,1,1,1,1,1,1,1,1,1,1,1,1,0,0,1,2,2,2,2,2,2,2,2,2,2,1,0,0,1,2,2,2,2,2,2,2,2,2,2,1,0,0,1,2,2,2,2,2,2,2,2,2,2,1,0,0,1,2,2,2,2,2,2,2,2,2,2,1,0,0,1,1,1,1,1,1,1,1,1,1,1,1,0,0,0,0,0,0,0,0,0,0,0,0,0,0,0,28,0,0,0,0,-1,3,128,0,0,8,0,8,-1,3,128,0,14,0,14,0,-1,3,128,0,14,8,14,8,-1,3,128,0,1,1,1,1,-1,0,0,0,6,1,6,1,-1,0,0,0,11,1,11,1,-1,0,128,0,12,1,12,1,-1,0,128,0,13,1,13,1,-1,0,0,0,1,2,1,2,-1,0,128,0,2,2,2,2,-1,0,0,0,7,2,7,2,-1,0,0,0,12,2,12,2,-1,0,128,0,2,3,2,3,-1,0,128,0,12,3,12,3,-1,0,128,0,2,4,2,4,-1,0,128,0,12,4,12,4,-1,0,128,0,2,5,2,5,-1,0,128,0,12,5,12,5,-1,0,128,0,2,6,2,6,-1,0,128,0,7,6,7,6,-1,0,0,0,12,6,12,6,-1,0,0,0,13,6,13,6,-1,0,128,0,1,7,1,7,-1,0,128,0,2,7,2,7,-1,0,0,0,3,7,3,7,-1,0,128,0,8,7,8,7,-1,0,0,0,13,7,13,7,-1,0,0,0,3,0,0,0,0,0,0,4,0,2,3,1,4,-1,8,-1,14,-1,8,-1,14,0,-1,0,0,0,0,0,0,0,0,0,0,0,0,0,0,0,0,0,12,4,5,6,7,8,22,27,26,25,24,23,9,12,0,1,0,5,0,5,0,1,0,1,0,5,0,1,0,5,0,5,0,1,0,1,0,5,1,0,0,0,0,0,0,0,0,0,0,0,0,0,0,0,0,0,0,0,12,10,11,12,14,16,18,21,20,19,17,15,13,12,1,1,1,5,1,5,1,1,1,1,1,1,1,1,1,5,1,5,1,1,1,1,1,1,1,1,1,0,0,0,0,0,0,0,0,0,0,0,2,2,0,0,14,8
topology,34,21,13,77,1,0,0,1,1,2,2,3,3,4,4,5,5,6,6,7,7,8,8,9,9,10,0,0,1,1,2,2,3,3,4,4,5,5,6,6,7,7,8,8,9,9,10,11,11,12,12,13,13,14,14,15,15,16,16,17,17,18,18,19,19,20,20,21,11,11,12,12,13,13,14,14,15,15,16,16,17,17,18,18,19,19,20,20,21,22,22,23,23,24,24,25,25,26,26,27,27,28,28,29,29,30,30,31,31,32,22,22,23,23,24,24,25,25,26,26,27,27,28,28,29,29,30,30,31,31,32,33,33,34,34,35,35,36,36,37,37,38,38,39,39,40,40,41,41,42,42,43,33,33,34,34,35,35,36,36,37,37,38,38,39,39,40,40,41,41,42,42,43,44,44,45,45,46,46,47,47,48,48,49,49,50,50,51,51,52,52,53,53,54,44,44,45,45,46,46,47,47,48,48,49,49,50,50,51,51,52,52,53,53,54,55,55,56,56,57,57,58,58,59,59,60,60,61,61,62,62,63,63,64,64,65,55,55,56,56,57,57,58,58,59,59,60,60,61,61,62,62,63,63,64,64,65,66,66,67,67,68,68,69,69,70,70,71,71,72,72,73,73,74,74,75,75,76,216,0,0,0,0,-1,3,128,0,0,2,0,2,-1,3,128,0,0,4,0,4,-1,3,128,0,0,6,0,6,-1,3,128,0,0,8,0,8,-1,3,128,0,0,10,0,10,-1,3,128,0,0,12,0,12,-1,3,128,0,0,13,0,13,-1,3,128,0,21,0,21,0,-1,3,128,0,21,2,21,2,-1,3,128,0,21,4,21,4,-1,3,128,0,21,6,21,6,-1,3,128,0,21,8,21,8,-1,3,128,0,21,10,21,10,-1,3,128,0,21,12,21,12,-1,3,128,0,21,13,21,13,-1,3,128,0,2,0,2,0,-1,3,128,0,4,0,4,0,-1,3,128,0,6,0,6,0,-1,3,128,0,8,0,8,0,-1,3,128,0,10,0,10,0,-1,3,128,0,12,0,12,0,-1,3,128,0,14,0,14,0,-1,3,128,0,16,0,16,0,-1,3,128,0,18,0,18,0,-1,3,128,0,20,0,20,0,-1,3,128,0,2,13,2,13,-1,3,128,0,4,13,4,13,-1,3,128,0,6,13,6,13,-1,3,128,0,8,13,8,13,-1,3,128,0,10,13,10,13,-1,3,128,0,12,13,12,13,-1,3,128,0,14,13,14,13,-1,3,128,0,16,13,16,13,-1,3,128,0,18,13,18,13,-1,3,128,0,20,13,20,13,-1,3,128,0,2,1,2,1,-1,0,0,0,4,1,4,1,-1,0,0,0,6,1,6,1,-1,0,0,0,8,1,8,1,-1,0,0,0,10,1,10,1,-1,0,0,0,12,1,12,1,-1,0,0,0,14,1,14,1,-1,0,0,0,16,1,16,1,-1,0,0,0,18,1,18,1,-1,0,0,0,20,1,20,1,-1,0,0,0,1,2,1,2,-1,0,0,0,2,2,2,2,-1,3,0,0,3,2,3,2,-1,0,0,0,4,2,4,2,-1,3,0,0,5,2,5,2,-1,0,0,0,6,2,6,2,-1,3,0,0,7,2,7,2,-1,0,0,0,8,2,8,2,-1,3,0,0,9,2,9,2,-1,0,0,0,10,2,10,2,-1,3,0,0,11,2,11,2,-1,0,0,0,12,2,12,2,-1,3,0,0,13,2,13,2,-1,0,0,0,14,2,14,2,-1,3,0,0,15,2,15,2,-1,0,0,0,16,2,16,2,-1,3,0,0,17,2,17,2,-1,0,0,0,18,2,18,2,-1,3,0,0,19,2,19,2,-1,0,0,0,20,2,20,2,-1,3,0,0,2,3,2,3,-1,0,0,0,4,3,4,3,-1,0,0,0,6,3,6,3,-1,0,0,0,8,3,8,3,-1,0,0,0,10,3,10,3,-1,0,0,0,12,3,12,3,-1,0,0,0,14,3,14,3,-1,0,0,0,16,3,16,3,-1,0,0,0,18,3,18,3,-1,0,0,0,20,3,20,3,-1,0,0,0,1,4,1,4,-1,0,0,0,2,4,2,4,-1,3,0,0,3,4,3,4,-1,0,0,0,4,4,4,4,-1,3,0,0,5,4,5,4,-1,0,0,0,6,4,6,4,-1,3,0,0,7,4,7,4,-1,0,0,0,8,4,8,4,-1,3,0,0,9,4,9,4,-1,0,0,0,10,4,10,4,-1,3,0,0,11,4,11,4,-1,0,0,0,12,4,12,4,-1,3,0,0,13,4,13,4,-1,0,0,0,14,4,14,4,-1,3,0,0,15,4,15,4,-1,0,0,0,16,4,16,4,-1,3,0,0,17,4,17,4,-1,0,0,0,18,4,18,4,-1,3,0,0,19,4,19,4,-1,0,0,0,20,4,20,4,-1,3,0,0,2,5,2,5,-1,0,0,0,4,5,4,5,-1,0,0,0,6,5,6,5,-1,0,0,0,8,5,8,5,-1,0,0,0,10,5,10,5,-1,0,0,0,12,5,12,5,-1,0,0,0,14,5,14,5,-1,0,0,0,16,5,16,5,-1,0,0,0,18,5,18,5,-1,0,0,0,20,5,20,5,-1,0,0,0,1,6,1,6,-1,0,0,0,2,6,2,6,-1,3,0,0,3,6,3,6,-1,0,0,0,4,6,4,6,-1,3,0,0,5,6,5,6,-1,0,0,0,6,6,6,6,-1,3,0,0,7,6,7,6,-1,0,0,0,8,6,8,6,-1,3,0,0,9,6,9,6,-1,0,0,0,10,6,10,6,-1,3,0,0,11,6,11,6,-1,0,0,0,12,6,12,6,-1,3,0,0,13,6,13,6,-1,0,0,0,14,6,14,6,-1,3,0,0,15,6,15,6,-1,0,0,0,16,6,16,6,-1,3,0,0,17,6,17,6,-1,0,0,0,18,6,18,6,-1,3,0,0,19,6,19,6,-1,0,0,0,20,6,20,6,-1,3,0,0,2,7,2,7,-1,0,0,0,4,7,4,7,-1,0,0,0,6,7,6,7,-1,0,0,0,8,7,8,7,-1,0,0,0,10,7,10,7,-1,0,0,0,12,7,12,7,-1,0,0,0,14,7,14,7,-1,0,0,0,16,7,16,7,-1,0,0,0,18,7,18,7,-1,0,0,0,20,7,20,7,-1,0,0,0,1,8,1,8,-1,0,0,0,2,8,2,8,-1,3,0,0,3,8,3,8,-1,0,0,0,4,8,4,8,-1,3,0,0,5,8,5,8,-1,0,0,0,6,8,6,8,-1,3,0,0,7,8,7,8,-1,0,0,0,8,8,8,8,-1,3,0,0,9,8,9,8,-1,0,0,0,10,8,10,8,-1,3,0,0,11,8,11,8,-1,0,0,0,12,8,12,8,-1,3,0,0,13,8,13,8,-1,0,0,0,14,8,14,8,-1,3,0,0,15,8,15,8,-1,0,0,0,16,8,16,8,-1,3,0,0,17,8,17,8,-1,0,0,0,18,8,18,8,-1,3,0,0,19,8,19,8,-1,0,0,0,20,8,20,8,-1,3,0,0,2,9,2,9,-1,0,0,0,4,9,4,9,-1,0,0,0,6,9,6,9,-1,0,0,0,8,9,8,9,-1,0,0,0,10,9,10,9,-1,0,0,0,12,9,12,9,-1,0,0,0,14,9,14,9,-1,0,0,0,16,9,16,9,-1,0,0,0,18,9,18,9,-1,0,0,0,20,9,20,9,-1,0,0,0,1,10,1,10,-1,0,0,0,2,10,2,10,-1,3,0,0,3,10,3,10,-1,0,0,0,4,10,4,10,-1,3,0,0,5,10,5,10,-1,0,0,0,6,10,6,10,-1,3,0,0,7,10,7,10,-1,0,0,0,8,10,8,10,-1,3,0,0,9,10,9,10,-1,0,0,0,10,10,10,10,-1,3,0,0,11,10,11,10,-1,0,0,0,12,10,12,10,-1,3,0,0,13,10,13,10,-1,0,0,0,14,10,14,10,-1,3,0,0,15,10,15,10,-1,0,0,0,16,10,16,10,-1,3,0,0,17,10,17,10,-1,0,0,0,18,10,18,10,-1,3,0,0,19,10,19,10,-1,0,0,0,20,10,20,10,-1,3,0,0,2,11,2,11,-1,0,0,0,4,11,4,11,-1,0,0,0,6,11,6,11,-1,0,0,0,8,11,8,11,-1,0,0,0,10,11,10,11,-1,0,0,0,12,11,12,11,-1,0,0,0,14,11,14,11,-1,0,0,0,16,11,16,11,-1,0,0,0,18,11,18,11,-1,0,0,0,20,11,20,11,-1,0,0,0,1,12,1,12,-1,0,0,0,2,12,2,12,-1,3,0,0,3,12,3,12,-1,0,0,0,4,12,4,12,-1,3,0,0,5,12,5,12,-1,0,0,0,6,12,6,12,-1,3,0,0,7,12,7,12,-1,0,0,0,8,12,8,12,-1,3,0,0,9,12,9,12,-1,0,0,0,10,12,10,12,-1,3,0,0,11,12,11,12,-1,0,0,0,12,12,12,12,-1,3,0,0,13,12,13,12,-1,0,0,0,14,12,14,12,-1,3,0,0,15,12,15,12,-1,0,0,0,16,12,16,12,-1,3,0,0,17,12,17,12,-1,0,0,0,18,12,18,12,-1,3,0,0,19,12,19,12,-1,0,0,0,20,12,20,12,-1,3,0,0,77,0,0,0,0,0,0,6,0,16,36,47,46,1,6,-1,2,1,2,1,1,11,1,11,1,-1,1,2,1,11,-1,0,0,0,0,0,0,0,0,0,0,0,0,0,0,0,0,0,7,16,17,37,49,48,47,36,7,-1,1,2,2,2,1,12,1,12,1,0,1,0,1,3,0,2,12,-1,0,0,0,0,0,0,0,0,0,0,0,0,0,0,0,0,0,7,17,18,38,51,50,49,37,7,-1,1,3,2,3,1,13,1,13,1,1,1,1,1,3,1,3,13,-1,0,0,0,0,0,0,0,0,0,0,0,0,0,0,0,0,0,7,18,19,39,53,52,51,38,7,-1,1,4,2,4,1,14,1,14,1,2,1,2,1,3,2,4,14,-1,0,0,0,0,0,0,0,0,0,0,0,0,0,0,0,0,0,7,19,20,40,55,54,53,39,7,-1,1,5,2,5,1,15,1,15,1,3,1,3,1,3,3,5,15,-1,0,0,0,0,0,0,0,0,0,0,0,0,0,0,0,0,0,7,20,21,41,57,56,55,40,7,-1,1,6,2,6,1,16,1,16,1,4,1,4,1,3,4,6,16,-1,0,0,0,0,0,0,0,0,0,0,0,0,0,0,0,0,0,7,21,22,42,59,58,57,41,7,-1,1,7,2,7,1,17,1,17,1,5,1,5,1,3,5,7,17,-1,0,0,0,0,0,0,0,0,0,0,0,0,0,0,0,0,0,7,22,23,43,61,60,59,42,7,-1,1,8,2,8,1,18,1,18,1,6,1,6,1,3,6,8,18,-1,0,0,0,0,0,0,0,0,0,0,0,0,0,0,0,0,0,7,23,24,44,63,62,61,43,7,-1,1,9,2,9,1,19,1,19,1,7,1,7,1,3,7,9,19,-1,0,0,0,0,0,0,0,0,0,0,0,0,0,0,0,0,0,7,24,25,45,65,64,63,44,7,-1,1,10,2,10,1,20,1,20,1,8,1,8,1,3,8,10,20,-1,0,0,0,0,0,0,0,0,0,0,0,0,0,0,0,0,0,5,25,8,9,65,45,5,-1,1,-1,1,21,2,9,1,9,1,2,9,21,-1,0,0,0,0,0,0,0,0,0,0,0,0,0,0,0,0,0,7,1,46,47,66,77,76,2,7,0,2,0,1,12,1,12,1,22,1,22,1,-1,1,3,0,12,22,-1,0,0,0,0,0,0,0,0,0,0,0,0,0,0,0,0,0,8,47,48,49,67,79,78,77,66,8,1,1,1,1,13,1,13,1,23,1,23,1,11,1,11,1,4,1,11,13,23,-1,0,0,0,0,0,0,0,0,0,0,0,0,0,0,0,0,0,8,49,50,51,68,81,80,79,67,8,2,1,2,1,14,1,14,1,24,1,24,1,12,1,12,1,4,2,12,14,24,-1,0,0,0,0,0,0,0,0,0,0,0,0,0,0,0,0,0,8,51,52,53,69,83,82,81,68,8,3,1,3,1,15,1,15,1,25,1,25,1,13,1,13,1,4,3,13,15,25,-1,0,0,0,0,0,0,0,0,0,0,0,0,0,0,0,0,0,8,53,54,55,70,85,84,83,69,8,4,1,4,1,16,1,16,1,26,1,26,1,14,1,14,1,4,4,14,16,26,-1,0,0,0,0,0,0,0,0,0,0,0,0,0,0,0,0,0,8,55,56,57,71,87,86,85,70,8,5,1,5,1,17,1,17,1,27,1,27,1,15,1,15,1,4,5,15,17,27,-1,0,0,0,0,0,0,0,0,0,0,0,0,0,0,0,0,0,8,57,58,59,72,89,88,87,71,8,6,1,6,1,18,1,18,1,28,1,28,1,16,1,16,1,4,6,16,18,28,-1,0,0,0,0,0,0,0,0,0,0,0,0,0,0,0,0,0,8,59,60,61,73,91,90,89,72,8,7,1,7,1,19,1,19,1,29,1,29,1,17,1,17,1,4,7,17,19,29,-1,0,0,0,0,0,0,0,0,0,0,0,0,0,0,0,0,0,8,61,62,63,74,93,92,91,73,8,8,1,8,1,20,1,20,1,30,1,30,1,18,1,18,1,4,8,18,20,30,-1,0,0,0,0,0,0,0,0,0,0,0,0,0,0,0,0,0,8,63,64,65,75,95,94,93,74,8,9,1,9,1,21,1,21,1,31,1,31,1,19,1,19,1,4,9,19,21,31,-1,0,0,0,0,0,0,0,0,0,0,0,0,0,0,0,0,0,5,65,9,10,95,75,5,10,1,-1,1,32,2,20,1,20,1,3,10,20,32,-1,0,0,0,0,0,0,0,0,0,0,0,0,0,0,0,0,0,7,2,76,77,96,107,106,3,7,11,2,11,1,23,1,23,1,33,1,33,1,-1,1,3,11,23,33,-1,0,0,0,0,0,0,0,0,0,0,0,0,0,0,0,0,0,8,77,78,79,97,109,108,107,96,8,12,1,12,1,24,1,24,1,34,1,34,1,22,1,22,1,4,12,22,24,34,-1,0,0,0,0,0,0,0,0,0,0,0,0,0,0,0,0,0,8,79,80,81,98,111,110,109,97,8,13,1,13,1,25,1,25,1,35,1,35,1,23,1,23,1,4,13,23,25,35,-1,0,0,0,0,0,0,0,0,0,0,0,0,0,0,0,0,0,8,81,82,83,99,113,112,111,98,8,14,1,14,1,26,1,26,1,36,1,36,1,24,1,24,1,4,14,24,26,36,-1,0,0,0,0,0,0,0,0,0,0,0,0,0,0,0,0,0,8,83,84,85,100,115,114,113,99,8,15,1,15,1,27,1,27,1,37,1,37,1,25,1,25,1,4,15,25,27,37,-1,0,0,0,0,0,0,0,0,0,0,0,0,0,0,0,0,0,8,85,86,87,101,117,116,115,100,8,16,1,16,1,28,1,28,1,38,1,38,1,26,1,26,1,4,16,26,28,38,-1,0,0,0,0,0,0,0,0,0,0,0,0,0,0,0,0,0,8,87,88,89,102,119,118,117,101,8,17,1,17,1,29,1,29,1,39,1,39,1,27,1,27,1,4,17,27,29,39,-1,0,0,0,0,0,0,0,0,0,0,0,0,0,0,0,0,0,8,89,90,91,103,121,120,119,102,8,18,1,18,1,30,1,30,1,40,1,40,1,28,1,28,1,4,18,28,30,40,-1,0,0,0,0,0,0,0,0,0,0,0,0,0,0,0,0,0,8,91,92,93,104,123,122,121,103,8,19,1,19,1,31,1,31,1,41,1,41,1,29,1,29,1,4,19,29,31,41,-1,0,0,0,0,0,0,0,0,0,0,0,0,0,0,0,0,0,8,93,94,95,105,125,124,123,104,8,20,1,20,1,32,1,32,1,42,1,42,1,30,1,30,1,4,20,30,32,42,-1,0,0,0,0,0,0,0,0,0,0,0,0,0,0,0,0,0,5,95,10,11,125,105,5,21,1,-1,1,43,2,31,1,31,1,3,21,31,43,-1,0,0,0,0,0,0,0,0,0,0,0,0,0,0,0,0,0,7,3,106,107,126,137,136,4,7,22,2,22,1,34,1,34,1,44,1,44,1,-1,1,3,22,34,44,-1,0,0,0,0,0,0,0,0,0,0,0,0,0,0,0,0,0,8,107,108,109,127,139,138,137,126,8,23,1,23,1,35,1,35,1,45,1,45,1,33,1,33,1,4,23,33,35,45,-1,0,0,0,0,0,0,0,0,0,0,0,0,0,0,0,0,0,8,109,110,111,128,141,140,139,127,8,24,1,24,1,36,1,36,1,46,1,46,1,34,1,34,1,4,24,34,36,46,-1,0,0,0,0,0,0,0,0,0,0,0,0,0,0,0,0,0,8,111,112,113,129,143,142,141,128,8,25,1,25,1,37,1,37,1,47,1,47,1,35,1,35,1,4,25,35,37,47,-1,0,0,0,0,0,0,0,0,0,0,0,0,0,0,0,0,0,8,113,114,115,130,145,144,143,129,8,26,1,26,1,38,1,38,1,48,1,48,1,36,1,36,1,4,26,36,38,48,-1,0,0,0,0,0,0,0,0,0,0,0,0,0,0,0,0,0,8,115,116,117,131,147,146,145,130,8,27,1,27,1,39,1,39,1,49,1,49,1,37,1,37,1,4,27,37,39,49,-1,0,0,0,0,0,0,0,0,0,0,0,0,0,0,0,0,0,8,117,118,119,132,149,148,147,131,8,28,1,28,1,40,1,40,1,50,1,50,1,38,1,38,1,4,28,38,40,50,-1,0,0,0,0,0,0,0,0,0,0,0,0,0,0,0,0,0,8,119,120,121,133,151,150,149,132,8,29,1,29,1,41,1,41,1,51,1,51,1,39,1,39,1,4,29,39,41,51,-1,0,0,0,0,0,0,0,0,0,0,0,0,0,0,0,0,0,8,121,122,123,134,153,152,151,133,8,30,1,30,1,42,1,42,1,52,1,52,1,40,1,40,1,4,30,40,42,52,-1,0,0,0,0,0,0,0,0,0,0,0,0,0,0,0,0,0,8,123,124,125,135,155,154,153,134,8,31,1,31,1,43,1,43,1,53,1,53,1,41,1,41,1,4,31,41,43,53,-1,0,0,0,0,0,0,0,0,0,0,0,0,0,0,0,0,0,5,125,11,12,155,135,5,32,1,-1,1,54,2,42,1,42,1,3,32,42,54,-1,0,0,0,0,0,0,0,0,0,0,0,0,0,0,0,0,0,7,4,136,137,156,167,166,5,7,33,2,33,1,45,1,45,1,55,1,55,1,-1,1,3,33,45,55,-1,0,0,0,0,0,0,0,0,0,0,0,0,0,0,0,0,0,8,137,138,139,157,169,168,167,156,8,34,1,34,1,46,1,46,1,56,1,56,1,44,1,44,1,4,34,44,46,56,-1,0,0,0,0,0,0,0,0,0,0,0,0,0,0,0,0,0,8,139,140,141,158,171,170,169,157,8,35,1,35,1,47,1,47,1,57,1,57,1,45,1,45,1,4,35,45,47,57,-1,0,0,0,0,0,0,0,0,0,0,0,0,0,0,0,0,0,8,141,142,143,159,173,172,171,158,8,36,1,36,1,48,1,48,1,58,1,58,1,46,1,46,1,4,36,46,48,58,-1,0,0,0,0,0,0,0,0,0,0,0,0,0,0,0,0,0,8,143,144,145,160,175,174,173,159,8,37,1,37,1,49,1,49,1,59,1,59,1,47,1,47,1,4,37,47,49,59,-1,0,0,0,0,0,0,0,0,0,0,0,0,0,0,0,0,0,8,145,146,147,161,177,176,175,160,8,38,1,38,1,50,1,50,1,60,1,60,1,48,1,48,1,4,38,48,50,60,-1,0,0,0,0,0,0,0,0,0,0,0,0,0,0,0,0,0,8,147,148,149,162,179,178,177,161,8,39,1,39,1,51,1,51,1,61,1,61,1,49,1,49,1,4,39,49,51,61,-1,0,0,0,0,0,0,0,0,0,0,0,0,0,0,0,0,0,8,149,150,151,163,181,180,179,162,8,40,1,40,1,52,1,52,1,62,1,62,1,50,1,50,1,4,40,50,52,62,-1,0,0,0,0,0,0,0,0,0,0,0,0,0,0,0,0,0,8,151,152,153,164,183,182,181,163,8,41,1,41,1,53,1,53,1,63,1,63,1,51,1,51,1,4,41,51,53,63,-1,0,0,0,0,0,0,0,0,0,0,0,0,0,0,0,0,0,8,153,154,155,165,185,184,183,164,8,42,1,42,1,54,1,54,1,64,1,64,1,52,1,52,1,4,42,52,54,64,-1,0,0,0,0,0,0,0,0,0,0,0,0,0,0,0,0,0,5,155,12,13,185,165,5,43,1,-1,1,65,2,53,1,53,1,3,43,53,65,-1,0,0,0,0,0,0,0,0,0,0,0,0,0,0,0,0,0,7,5,166,167,186,197,196,6,7,44,2,44,1,56,1,56,1,66,1,66,1,-1,1,3,44,56,66,-1,0,0,0,0,0,0,0,0,0,0,0,0,0,0,0,0,0,8,167,168,169,187,199,198,197,186,8,45,1,45,1,57,1,57,1,67,1,67,1,55,1,55,1,4,45,55,57,67,-1,0,0,0,0,0,0,0,0,0,0,0,0,0,0,0,0,0,8,169,170,171,188,201,200,199,187,8,46,1,46,1,58,1,58,1,68,1,68,1,56,1,56,1,4,46,56,58,68,-1,0,0,0,0,0,0,0,0,0,0,0,0,0,0,0,0,0,8,171,172,173,189,203,202,201,188,8,47,1,47,1,59,1,59,1,69,1,69,1,57,1,57,1,4,47,57,59,69,-1,0,0,0,0,0,0,0,0,0,0,0,0,0,0,0,0,0,8,173,174,175,190,205,204,203,189,8,48,1,48,1,60,1,60,1,70,1,70,1,58,1,58,1,4,48,58,60,70,-1,0,0,0,0,0,0,0,0,0,0,0,0,0,0,0,0,0,8,175,176,177,191,207,206,205,190,8,49,1,49,1,61,1,61,1,71,1,71,1,59,1,59,1,4,49,59,61,71,-1,0,0,0,0,0,0,0,0,0,0,0,0,0,0,0,0,0,8,177,178,179,192,209,208,207,191,8,50,1,50,1,62,1,62,1,72,1,72,1,60,1,60,1,4,50,60,62,72,-1,0,0,0,0,0,0,0,0,0,0,0,0,0,0,0,0,0,8,179,180,181,193,211,210,209,192,8,51,1,51,1,63,1,63,1,73,1,73,1,61,1,61,1,4,51,61,63,73,-1,0,0,0,0,0,0,0,0,0,0,0,0,0,0,0,0,0,8,181,182,183,194,213,212,211,193,8,52,1,52,1,64,1,64,1,74,1,74,1,62,1,62,1,4,52,62,64,74,-1,0,0,0,0,0,0,0,0,0,0,0,0,0,0,0,0,0,8,183,184,185,195,215,214,213,194,8,53,1,53,1,65,1,65,1,75,1,75,1,63,1,63,1,4,53,63,65,75,-1,0,0,0,0,0,0,0,0,0,0,0,0,0,0,0,0,0,5,185,13,14,215,195,5,54,1,-1,1,76,2,64,1,64,1,3,54,64,76,-1,0,0,0,0,0,0,0,0,0,0,0,0,0,0,0,0,0,5,6,196,197,26,7,5,55,1,55,1,67,1,-1,1,-1,2,2,55,67,-1,0,0,0,0,0,0,0,0,0,0,0,0,0,0,0,0,0,5,197,198,199,27,26,5,56,1,56,1,68,1,-1,1,66,2,3,56,66,68,-1,0,0,0,0,0,0,0,0,0,0,0,0,0,0,0,0,0,5,199,200,201,28,27,5,57,1,57,1,69,1,-1,1,67,2,3,57,67,69,-1,0,0,0,0,0,0,0,0,0,0,0,0,0,0,0,0,0,5,201,202,203,29,28,5,58,1,58,1,70,1,-1,1,68,2,3,58,68,70,-1,0,0,0,0,0,0,0,0,0,0,0,0,0,0,0,0,0,5,203,204,205,30,29,5,59,1,59,1,71,1,-1,1,69,2,3,59,69,71,-1,0,0,0,0,0,0,0,0,0,0,0,0,0,0,0,0,0,5,205,206,207,31,30,5,60,1,60,1,72,1,-1,1,70,2,3,60,70,72,-1,0,0,0,0,0,0,0,0,0,0,0,0,0,0,0,0,0,5,207,208,209,32,31,5,61,1,61,1,73,1,-1,1,71,2,3,61,71,73,-1,0,0,0,0,0,0,0,0,0,0,0,0,0,0,0,0,0,5,209,210,211,33,32,5,62,1,62,1,74,1,-1,1,72,2,3,62,72,74,-1,0,0,0,0,0,0,0,0,0,0,0,0,0,0,0,0,0,5,211,212,213,34,33,5,63,1,63,1,75,1,-1,1,73,2,3,63,73,75,-1,0,0,0,0,0,0,0,0,0,0,0,0,0,0,0,0,0,5,213,214,215,35,34,5,64,1,64,1,76,1,-1,1,74,2,3,64,74,76,-1,0,0,0,0,0,0,0,0,0,0,0,0,0,0,0,0,0,4,215,14,15,35,4,65,1,-1,1,-1,1,75,1,2,65,75,-1,0,0,0,0,0,0,0,0,0,0,0,8,8,10,10,21,13
topology,35,26,26,2,0,0,1,1,1,1,1,1,1,1,1,1,1,1,1,1,1,1,1,1,1,1,1,1,1,1,1,0,0,1,1,1,1,1,1,1,1,1,1,1,1,1,1,1,1,1,1,1,1,1,1,1,1,0,0,0,1,1,1,1,1,1,1,1,1,1,1,1,1,1,1,1,1,1,1,1,1,1,1,0,0,0,0,1,1,1,1,1,1,1,1,1,1,1,1,1,1,1,1,1,1,1,1,1,1,0,0,0,0,0,1,1,1,1,1,1,1,1,1,1,1,1,1,1,1,1,1,1,1,1,1,0,0,0,0,0,0,1,1,1,1,1,1,1,1,1,1,1,1,1,1,1,1,1,1,1,1,0,0,0,0,0,0,0,1,1,1,1,1,1,1,1,1,1,1,1,1,1,1,1,1,1,1,0,0,0,0,0,0,0,0,1,1,1,1,1,1,1,1,1,1,1,1,1,1,1,1,1,1,0,0,0,0,0,0,0,0,0,1,1,1,1,1,1,1,1,1,1,1,1,1,1,1,1,1,0,0,0,0,0,0,0,0,0,0,1,1,1,1,1,1,1,1,1,1,1,1,1,1,1,1,0,0,0,0,0,0,0,0,0,0,0,1,1,1,1,1,1,1,1,1,1,1,1,1,1,1,0,0,0,0,0,0,0,0,0,0,0,0,1,1,1,1,1,1,1,1,1,1,1,1,1,1,0,0,0,0,0,0,0,0,0,0,0,0,0,1,1,1,1,1,1,1,1,1,1,1,1,1,0,0,0,0,0,0,0,0,0,0,0,0,0,0,1,1,1,1,1,1,1,1,1,1,1,1,0,0,0,0,0,0,0,0,0,0,0,0,0,0,0,1,1,1,1,1,1,1,1,1,1,1,0,0,0,0,0,0,0,0,0,0,0,0,0,0,0,0,1,1,1,1,1,1,1,1,1,1,0,0,0,0,0,0,0,0,0,0,0,0,0,0,0,0,0,1,1,1,1,1,1,1,1,1,0,0,0,0,0,0,0,0,0,0,0,0,0,0,0,0,0,0,1,1,1,1,1,1,1,1,0,0,0,0,0,0,0,0,0,0,0,0,0,0,0,0,0,0,0,1,1,1,1,1,1,1,0,0,0,0,0,0,0,0,0,0,0,0,0,0,0,0,0,0,0,0,1,1,1,1,1,1,0,0,0,0,0,0,0,0,0,0,0,0,0,0,0,0,0,0,0,0,0,1,1,1,1,1,0,0,0,0,0,0,0,0,0,0,0,0,0,0,0,0,0,0,0,0,0,0,1,1,1,1,0,0,0,0,0,0,0,0,0,0,0,0,0,0,0,0,0,0,0,0,0,0,0,1,1,1,0,0,0,0,0,0,0,0,0,0,0,0,0,0,0,0,0,0,0,0,0,0,0,0,1,1,0,0,0,0,0,0,0,0,0,0,0,0,0,0,0,0,0,0,0,0,0,0,0,0,0,1,0,0,0,0,0,0,0,0,0,0,0,0,0,0,0,0,0,0,0,0,0,0,0,0,0,0,25,0,0,0,0,-1,3,128,0,0,26,0,26,-1,3,128,0,26,0,26,0,-1,3,128,0,26,25,26,25,-1,3,128,0,26,26,26,26,-1,3,128,0,1,0,1,0,-1,3,128,0,1,1,1,1,-1,0,0,0,3,2,3,2,-1,0,0,0,4,4,4,4,-1,0,0,0,6,5,6,5,-1,0,0,0,7,7,7,7,-1,0,0,0,9,8,9,8,-1,0,0,0,10,10,10,10,-1,0,0,0,12,11,12,11,-1,0,0,0,13,13,13,13,-1,0,0,0,15,14,15,14,-1,0,0,0,16,16,16,16,-1,0,128,0,18,17,18,17,-1,0,128,0,19,19,19,19,-1,0,128,0,21,20,21,20,-1,0,128,0,22,22,22,22,-1,0,128,0,24,23,24,23,-1,0,128,0,24,24,24,24,-1,0,128,0,25,24,25,24,-1,0,128,0,25,25,25,25,-1,0,0,0,2,0,0,0,0,0,0,24,0,5,6,7,8,9,10,11,12,13,14,15,16,17,18,19,20,21,22,23,24,3,4,1,24,-1,26,1,1,1,1,1,3,1,3,1,3,1,3,1,3,1,3,1,3,1,3,1,3,1,3,1,3,1,3,1,3,1,3,1,3,1,1,1,1,1,1,-1,1,-1,1,-1,26,1,1,-1,0,0,0,0,0,0,0,0,0,0,0,0,0,0,0,0,0,22,5,2,3,24,23,22,21,20,19,18,17,16,15,14,13,12,11,10,9,8,7,6,22,-1,1,-1,25,0,25,0,1,0,1,0,1,0,1,0,3,0,3,0,3,0,3,0,3,0,3,0,3,0,3,0,3,0,3,0,3,0,3,0,3,0,3,0,3,1,0,-1,0,0,0,0,0,0,0,0,0,0,0,2,3,1,0,26,26
topology,36,13,3,4,0,0,0,0,1,1,1,1,1,1,2,2,2,3,0,0,0,1,1,1,1,1,1,2,2,2,3,0,0,0,1,1,1,1,1,1,2,2,2,3,16,0,0,0,0,-1,3,128,0,0,3,0,3,-1,3,128,0,13,0,13,0,-1,3,128,0,13,3,13,3,-1,3,128,0,3,0,3,0,-1,3,128,0,9,0,9,0,-1,3,128,0,12,0,12,0,-1,3,128,0,3,3,3,3,-1,3,128,0,9,3,9,3,-1,3,128,0,12,3,12,3,-1,3,128,0,3,1,3,1,-1,0,0,0,9,1,9,1,-1,0,0,0,12,1,12,1,-1,0,0,0,3,2,3,2,-1,0,0,0,9,2,9,2,-1,0,0,0,12,2,12,2,-1,0,0,0,4,0,0,0,0,0,0,6,0,4,10,13,7,1,6,-1,3,1,3,1,1,1,1,-1,1,-1,3,1,1,-1,0,0,0,0,0,0,0,0,0,0,0,0,0,0,0,0,0,8,4,5,11,14,8,7,13,10,8,-1,1,2,6,2,1,2,1,-1,1,0,6,0,1,0,1,2,0,2,-1,0,0,0,0,0,0,0,0,0,0,0,0,0,0,0,0,0,8,5,6,12,15,9,8,14,11,8,-1,1,3,3,3,1,3,1,-1,1,1,3,1,1,1,1,2,1,3,-1,0,0,0,0,0,0,0,0,0,0,0,0,0,0,0,0,0,6,6,2,3,9,15,12,6,-1,1,-1,1,-1,3,2,1,2,1,2,1,1,2,-1,0,0,0,0,0,0,0,0,0,0,0,2,2,3,3,13,3
topology,37,20,8,1,0,0,0,0,0,0,0,0,0,0,0,0,0,0,0,0,0,0,0,0,0,0,0,0,0,0,0,0,0,0,0,0,0,0,0,0,0,0,0,0,0,0,0,0,0,0,0,0,0,0,0,0,0,0,0,0,0,0,0,0,0,0,0,0,0,0,0,0,0,0,0,0,0,0,0,0,0,0,0,0,0,0,0,0,0,0,0,0,0,0,0,0,0,0,0,0,0,0,0,0,0,0,0,0,0,0,0,0,0,0,0,0,0,0,0,0,0,0,0,0,0,0,0,0,0,0,0,0,0,0,0,0,0,0,0,0,0,0,0,0,0,0,0,0,0,0,0,0,0,0,0,0,0,0,0,0,0,0,0,0,0,4,0,0,0,0,-1,3,128,0,0,8,0,8,-1,3,128,0,20,0,20,0,-1,3,128,0,20,8,20,8,-1,3,128,0,1,0,0,0,0,0,0,4,0,2,3,1,4,-1,8,-1,20,-1,8,-1,20,0,-1,0,0,0,0,0,0,0,0,0,0,0,2,2,0,0,20,8
topology,38,26,26,2,0,0,0,0,0,0,0,0,0,0,0,0,0,0,0,0,0,0,0,0,0,0,0,0,0,0,0,0,0,0,0,0,0,0,0,0,0,0,0,0,0,0,0,0,0,0,0,0,0,0,0,0,0,0,0,0,0,0,0,0,0,0,0,0,0,0,0,0,0,0,0,0,0,0,0,0,0,0,0,0,0,0,0,0,0,0,0,0,0,0,0,0,0,0,0,0,0,0,0,0,0,0,0,0,0,0,0,0,0,0,0,0,0,0,0,0,0,0,0,0,0,0,0,0,0,0,0,0,0,0,0,0,0,0,0,0,0,0,0,0,0,1,1,1,1,1,1,1,0,0,0,0,0,0,0,0,0,0,0,0,0,0,0,0,0,1,1,1,1,1,1,1,1,1,1,1,0,0,0,0,0,0,0,0,0,0,0,0,0,0,1,1,1,1,1,1,1,1,1,1,1,1,1,0,0,0,0,0,0,0,0,0,0,0,0,1,1,1,1,1,1,1,1,1,1,1,1,1,1,1,0,0,0,0,0,0,0,0,0,0,0,1,1,1,1,1,1,1,1,1,1,1,1,1,1,1,0,0,0,0,0,0,0,0,0,0,1,1,1,1,1,1,1,1,1,1,1,1,1,1,1,1,1,0,0,0,0,0,0,0,0,0,1,1,1,1,1,1,1,1,1,1,1,1,1,1,1,1,1,0,0,0,0,0,0,0,0,0,1,1,1,1,1,1,1,1,1,1,1,1,1,1,1,1,1,0,0,0,0,0,0,0,0,0,1,1,1,1,1,1,1,1,1,1,1,1,1,1,1,1,1,0,0,0,0,0,0,0,0,0,1,1,1,1,1,1,1,1,1,1,1,1,1,1,1,1,1,0,0,0,0,0,0,0,0,0,1,1,1,1,1,1,1,1,1,1,1,1,1,1,1,1,1,0,0,0,0,0,0,0,0,0,1,1,1,1,1,1,1,1,1,1,1,1,1,1,1,1,1,0,0,0,0,0,0,0,0,0,0,1,1,1,1,1,1,1,1,1,1,1,1,1,1,1,0,0,0,0,0,0,0,0,0,0,0,1,1,1,1,1,1,1,1,1,1,1,1,1,1,1,0,0,0,0,0,0,0,0,0,0,0,0,1,1,1,1,1,1,1,1,1,1,1,1,1,0,0,0,0,0,0,0,0,0,0,0,0,0,0,1,1,1,1,1,1,1,1,1,1,1,0,0,0,0,0,0,0,0,0,0,0,0,0,0,0,0,0,1,1,1,1,1,1,1,0,0,0,0,0,0,0,0,0,0,0,0,0,0,0,0,0,0,0,0,0,0,0,0,0,0,0,0,0,0,0,0,0,0,0,0,0,0,0,0,0,0,0,0,0,0,0,0,0,0,0,0,0,0,0,0,0,0,0,0,0,0,0,0,0,0,0,0,0,0,0,0,0,0,0,0,0,0,0,0,0,0,0,0,0,0,0,0,0,0,0,0,0,0,0,0,0,0,0,0,0,0,0,0,0,0,0,0,0,0,0,0,0,56,0,0,0,0,-1,3,128,0,0,26,0,26,-1,3,128,0,26,0,26,0,-1,3,128,0,26,26,26,26,-1,3,128,0,10,5,10,5,-1,0,0,0,15,5,15,5,-1,0,128,0,16,5,16,5,-1,0,128,0,17,5,17,5,-1,0,128,0,8,6,8,6,-1,0,128,0,9,6,9,6,-1,0,128,0,10,6,10,6,-1,0,128,0,17,6,17,6,-1,0,128,0,18,6,18,6,-1,0,128,0,19,6,19,6,-1,0,128,0,7,7,7,7,-1,0,128,0,8,7,8,7,-1,0,128,0,19,7,19,7,-1,0,128,0,20,7,20,7,-1,0,128,0,6,8,6,8,-1,0,128,0,7,8,7,8,-1,0,128,0,20,8,20,8,-1,0,128,0,21,8,21,8,-1,0,128,0,6,9,6,9,-1,0,128,0,21,9,21,9,-1,0,128,0,5,10,5,10,-1,0,128,0,6,10,6,10,-1,0,128,0,21,10,21,10,-1,0,128,0,22,10,22,10,-1,0,0,0,5,11,5,11,-1,0,128,0,5,12,5,12,-1,0,128,0,22,15,22,15,-1,0,128,0,22,16,22,16,-1,0,128,0,5,17,5,17,-1,0,128,0,6,17,6,17,-1,0,128,0,21,17,21,17,-1,0,128,0,22,17,22,17,-1,0,128,0,6,18,6,18,-1,0,128,0,21,18,21,18,-1,0,128,0,6,19,6,19,-1,0,128,0,7,19,7,19,-1,0,128,0,20,19,20,19,-1,0,128,0,21,19,21,19,-1,0,128,0,7,20,7,20,-1,0,128,0,8,20,8,20,-1,0,128,0,19,20,19,20,-1,0,128,0,20,20,20,20,-1,0,0,0,8,21,8,21,-1,0,128,0,9,21,9,21,-1,0,128,0,10,21,10,21,-1,0,128,0,17,21,17,21,-1,0,128,0,18,21,18,21,-1,0,128,0,19,21,19,21,-1,0,128,0,10,22,10,22,-1,0,128,0,11,22,11,22,-1,0,128,0,12,22,12,22,-1,0,128,0,17,22,17,22,-1,0,128,0,2,0,0,0,0,0,0,4,0,2,3,1,4,-1,26,-1,26,-1,26,-1,26,0,-1,0,0,0,0,0,0,0,0,0,0,0,0,0,0,0,0,0,52,4,5,6,7,11,12,13,16,17,20,21,23,26,27,30,31,35,34,37,41,40,45,44,51,50,49,55,54,53,52,48,47,46,43,42,39,38,36,33,32,29,28,24,25,22,18,19,14,15,8,9,10,52,0,1,0,5,0,1,0,1,0,1,0,1,0,1,0,1,0,1,0,1,0,1,0,1,0,1,0,1,0,5,0,1,0,1,0,1,0,1,0,1,0,1,0,1,0,1,0,1,0,1,0,1,0,1,0,5,0,1,0,1,0,1,0,1,0,1,0,1,0,1,0,1,0,1,0,1,0,1,0,1,0,5,0,1,0,1,0,1,0,1,0,1,0,1,0,1,0,1,0,1,0,1,0,1,1,0,0,0,0,0,0,0,0,0,0,0,0,0,2,2,0,0,26,26
topology,39,12,18,24,1,0,0,0,1,1,1,2,2,2,3,3,3,0,0,0,1,1,1,2,2,2,3,3,3,0,0,0,1,1,1,2,2,2,3,3,3,4,4,4,5,5,5,6,6,6,7,7,7,4,4,4,5,5,5,6,6,6,7,7,7,4,4,4,5,5,5,6,6,6,7,7,7,8,8,8,9,9,9,10,10,10,11,11,11,8,8,8,9,9,9,10,10,10,11,11,11,8,8,8,9,9,9,10,10,10,11,11,11,12,12,12,13,13,13,14,14,14,15,15,15,12,12,12,13,13,13,14,14,14,15,15,15,12,12,12,13,13,13,14,14,14,15,15,15,16,16,16,17,17,17,18,18,18,19,19,19,16,16,16,17,17,17,18,18,18,19,19,19,16,16,16,17,17,17,18,18,18,19,19,19,20,20,20,21,21,21,22,22,22,23,23,23,20,20,20,21,21,21,22,22,22,23,23,23,20,20,20,21,21,21,22,22,22,23,23,23,111,0,0,0,0,-1,3,128,0,0,3,0,3,-1,3,128,0,0,6,0,6,-1,3,128,0,0,9,0,9,-1,3,128,0,0,12,0,12,-1,3,128,0,0,15,0,15,-1,3,128,0,0,18,0,18,-1,3,128,0,12,0,12,0,-1,3,128,0,12,3,12,3,-1,3,128,0,12,6,12,6,-1,3,128,0,12,9,12,9,-1,3,128,0,12,12,12,12,-1,3,128,0,12,15,12,15,-1,3,128,0,12,18,12,18,-1,3,128,0,3,0,3,0,-1,3,128,0,6,0,6,0,-1,3,128,0,9,0,9,0,-1,3,128,0,3,18,3,18,-1,3,128,0,6,18,6,18,-1,3,128,0,9,18,9,18,-1,3,128,0,3,1,3,1,-1,0,0,0,6,1,6,1,-1,0,0,0,9,1,9,1,-1,0,0,0,3,2,3,2,-1,0,0,0,6,2,6,2,-1,0,0,0,9,2,9,2,-1,0,0,0,1,3,1,3,-1,0,0,0,2,3,2,3,-1,0,0,0,3,3,3,3,-1,3,0,0,4,3,4,3,-1,0,0,0,5,3,5,3,-1,0,0,0,6,3,6,3,-1,3,0,0,7,3,7,3,-1,0,0,0,8,3,8,3,-1,0,0,0,9,3,9,3,-1,3,0,0,10,3,10,3,-1,0,0,0,11,3,11,3,-1,0,0,0,3,4,3,4,-1,0,0,0,6,4,6,4,-1,0,0,0,9,4,9,4,-1,0,0,0,3,5,3,5,-1,0,0,0,6,5,6,5,-1,0,0,0,9,5,9,5,-1,0,0,0,1,6,1,6,-1,0,0,0,2,6,2,6,-1,0,0,0,3,6,3,6,-1,3,0,0,4,6,4,6,-1,0,0,0,5,6,5,6,-1,0,0,0,6,6,6,6,-1,3,0,0,7,6,7,6,-1,0,0,0,8,6,8,6,-1,0,0,0,9,6,9,6,-1,3,0,0,10,6,10,6,-1,0,0,0,11,6,11,6,-1,0,0,0,3,7,3,7,-1,0,0,0,6,7,6,7,-1,0,0,0,9,7,9,7,-1,0,0,0,3,8,3,8,-1,0,0,0,6,8,6,8,-1,0,0,0,9,8,9,8,-1,0,0,0,1,9,1,9,-1,0,0,0,2,9,2,9,-1,0,0,0,3,9,3,9,-1,3,0,0,4,9,4,9,-1,0,0,0,5,9,5,9,-1,0,0,0,6,9,6,9,-1,3,0,0,7,9,7,9,-1,0,0,0,8,9,8,9,-1,0,0,0,9,9,9,9,-1,3,0,0,10,9,10,9,-1,0,0,0,11,9,11,9,-1,0,0,0,3,10,3,10,-1,0,0,0,6,10,6,10,-1,0,0,0,9,10,9,10,-1,0,0,0,3,11,3,11,-1,0,0,0,6,11,6,11,-1,0,0,0,9,11,9,11,-1,0,0,0,1,12,1,12,-1,0,0,0,2,12,2,12,-1,0,0,0,3,12,3,12,-1,3,0,0,4,12,4,12,-1,0,0,0,5,12,5,12,-1,0,0,0,6,12,6,12,-1,3,0,0,7,12,7,12,-1,0,0,0,8,12,8,12,-1,0,0,0,9,12,9,12,-1,3,0,0,10,12,10,12,-1,0,0,0,11,12,11,12,-1,0,0,0,3,13,3,13,-1,0,0,0,6,13,6,13,-1,0,0,0,9,13,9,13,-1,0,0,0,3,14,3,14,-1,0,0,0,6,14,6,14,-1,0,0,0,9,14,9,14,-1,0,0,0,1,15,1,15,-1,0,0,0,2,15,2,15,-1,0,0,0,3,15,3,15,-1,3,0,0,4,15,4,15,-1,0,0,0,5,15,5,15,-1,0,0,0,6,15,6,15,-1,3,0,0,7,15,7,15,-1,0,0,0,8,15,8,15,-1,0,0,0,9,15,9,15,-1,3,0,0,10,15,10,15,-1,0,0,0,11,15,11,15,-1,0,0,0,3,16,3,16,-1,0,0,0,6,16,6,16,-1,0,0,0,9,16,9,16,-1,0,0,0,3,17,3,17,-1,0,0,0,6,17,6,17,-1,0,0,0,9,17,9,17,-1,0,0,0,24,0,0,0,0,0,0,8,0,14,20,23,28,27,26,1,8,-1,3,1,3,1,1,1,1,4,1,4,1,4,1,-1,1,2,1,4,-1,0,0,0,0,0,0,0,0,0,0,0,0,0,0,0,0,0,10,14,15,21,24,31,30,29,28,23,20,10,-1,1,2,3,2,1,2,1,5,1,5,1,5,1,0,1,0,1,0,1,3,0,2,5,-1,0,0,0,0,0,0,0,0,0,0,0,0,0,0,0,0,0,10,15,16,22,25,34,33,32,31,24,21,10,-1,1,3,3,3,1,3,1,6,1,6,1,6,1,1,1,1,1,1,1,3,1,3,6,-1,0,0,0,0,0,0,0,0,0,0,0,0,0,0,0,0,0,8,16,7,8,36,35,34,25,22,8,-1,1,-1,3,7,3,7,1,7,1,2,1,2,1,2,1,2,2,7,-1,0,0,0,0,0,0,0,0,0,0,0,0,0,0,0,0,0,10,1,26,27,28,37,40,45,44,43,2,10,0,3,0,1,0,1,5,1,5,1,5,1,8,1,8,1,8,1,-1,1,3,0,5,8,-1,0,0,0,0,0,0,0,0,0,0,0,0,0,0,0,0,0,12,28,29,30,31,38,41,48,47,46,45,40,37,12,1,1,1,1,1,1,6,1,6,1,6,1,9,1,9,1,9,1,4,1,4,1,4,1,4,1,4,6,9,-1,0,0,0,0,0,0,0,0,0,0,0,0,0,0,0,0,0,12,31,32,33,34,39,42,51,50,49,48,41,38,12,2,1,2,1,2,1,7,1,7,1,7,1,10,1,10,1,10,1,5,1,5,1,5,1,4,2,5,7,10,-1,0,0,0,0,0,0,0,0,0,0,0,0,0,0,0,0,0,10,34,35,36,8,9,53,52,51,42,39,10,3,1,3,1,3,1,-1,1,11,3,11,1,11,1,6,1,6,1,6,1,3,3,6,11,-1,0,0,0,0,0,0,0,0,0,0,0,0,0,0,0,0,0,10,2,43,44,45,54,57,62,61,60,3,10,4,3,4,1,4,1,9,1,9,1,9,1,12,1,12,1,12,1,-1,1,3,4,9,12,-1,0,0,0,0,0,0,0,0,0,0,0,0,0,0,0,0,0,12,45,46,47,48,55,58,65,64,63,62,57,54,12,5,1,5,1,5,1,10,1,10,1,10,1,13,1,13,1,13,1,8,1,8,1,8,1,4,5,8,10,13,-1,0,0,0,0,0,0,0,0,0,0,0,0,0,0,0,0,0,12,48,49,50,51,56,59,68,67,66,65,58,55,12,6,1,6,1,6,1,11,1,11,1,11,1,14,1,14,1,14,1,9,1,9,1,9,1,4,6,9,11,14,-1,0,0,0,0,0,0,0,0,0,0,0,0,0,0,0,0,0,10,51,52,53,9,10,70,69,68,59,56,10,7,1,7,1,7,1,-1,1,15,3,15,1,15,1,10,1,10,1,10,1,3,7,10,15,-1,0,0,0,0,0,0,0,0,0,0,0,0,0,0,0,0,0,10,3,60,61,62,71,74,79,78,77,4,10,8,3,8,1,8,1,13,1,13,1,13,1,16,1,16,1,16,1,-1,1,3,8,13,16,-1,0,0,0,0,0,0,0,0,0,0,0,0,0,0,0,0,0,12,62,63,64,65,72,75,82,81,80,79,74,71,12,9,1,9,1,9,1,14,1,14,1,14,1,17,1,17,1,17,1,12,1,12,1,12,1,4,9,12,14,17,-1,0,0,0,0,0,0,0,0,0,0,0,0,0,0,0,0,0,12,65,66,67,68,73,76,85,84,83,82,75,72,12,10,1,10,1,10,1,15,1,15,1,15,1,18,1,18,1,18,1,13,1,13,1,13,1,4,10,13,15,18,-1,0,0,0,0,0,0,0,0,0,0,0,0,0,0,0,0,0,10,68,69,70,10,11,87,86,85,76,73,10,11,1,11,1,11,1,-1,1,19,3,19,1,19,1,14,1,14,1,14,1,3,11,14,19,-1,0,0,0,0,0,0,0,0,0,0,0,0,0,0,0,0,0,10,4,77,78,79,88,91,96,95,94,5,10,12,3,12,1,12,1,17,1,17,1,17,1,20,1,20,1,20,1,-1,1,3,12,17,20,-1,0,0,0,0,0,0,0,0,0,0,0,0,0,0,0,0,0,12,79,80,81,82,89,92,99,98,97,96,91,88,12,13,1,13,1,13,1,18,1,18,1,18,1,21,1,21,1,21,1,16,1,16,1,16,1,4,13,16,18,21,-1,0,0,0,0,0,0,0,0,0,0,0,0,0,0,0,0,0,12,82,83,84,85,90,93,102,101,100,99,92,89,12,14,1,14,1,14,1,19,1,19,1,19,1,22,1,22,1,22,1,17,1,17,1,17,1,4,14,17,19,22,-1,0,0,0,0,0,0,0,0,0,0,0,0,0,0,0,0,0,10,85,86,87,11,12,104,103,102,93,90,10,15,1,15,1,15,1,-1,1,23,3,23,1,23,1,18,1,18,1,18,1,3,15,18,23,-1,0,0,0,0,0,0,0,0,0,0,0,0,0,0,0,0,0,8,5,94,95,96,105,108,17,6,8,16,3,16,1,16,1,21,1,21,1,21,1,-1,1,-1,3,2,16,21,-1,0,0,0,0,0,0,0,0,0,0,0,0,0,0,0,0,0,10,96,97,98,99,106,109,18,17,108,105,10,17,1,17,1,17,1,22,1,22,1,22,1,-1,1,20,3,20,1,20,1,3,17,20,22,-1,0,0,0,0,0,0,0,0,0,0,0,0,0,0,0,0,0,10,99,100,101,102,107,110,19,18,109,106,10,18,1,18,1,18,1,23,1,23,1,23,1,-1,1,21,3,21,1,21,1,3,18,21,23,-1,0,0,0,0,0,0,0,0,0,0,0,0,0,0,0,0,0,8,102,103,104,12,13,19,110,107,8,19,1,19,1,19,1,-1,1,-1,3,22,3,22,1,22,1,2,19,22,-1,0,0,0,0,0,0,0,0,0,0,0,7,7,3,3,12,18
topology,40,19,3,2,0,0,0,0,0,0,0,0,0,0,1,1,1,1,1,1,1,1,1,1,0,0,0,0,0,0,0,0,0,1,1,1,1,1,1,1,1,1,1,0,0,0,0,0,0,0,0,0,1,1,1,1,1,1,1,1,1,1,8,0,0,0,0,-1,3,128,0,0,3,0,3,-1,3,128,0,19,0,19,0,-1,3,128,0,19,3,19,3,-1,3,128,0,9,0,9,0,-1,3,128,0,9,3,9,3,-1,3,128,0,9,1,9,1,-1,0,128,0,9,2,9,2,-1,0,0,0,2,0,0,0,0,0,0,6,0,4,6,7,5,1,6,-1,3,1,9,1,1,1,1,-1,1,-1,9,1,1,-1,0,0,0,0,0,0,0,0,0,0,0,0,0,0,0,0,0,6,4,2,3,5,7,6,6,-1,1,-1,10,-1,3,0,10,0,1,0,1,1,0,-1,0,0,0,0,0,0,0,0,0,0,0,2,2,1,1,19,3
topology,41,4,8,2,0,0,0,0,0,0,1,1,0,0,1,1,0,0,1,1,0,0,1,1,0,0,1,1,0,0,1,1,0,0,0,0,0,20,0,0,0,0,-1,3,128,0,0,8,0,8,-1,3,128,0,4,0,4,0,-1,3,128,0,4,8,4,8,-1,3,128,0,1,1,1,1,-1,0,0,0,2,1,2,1,-1,0,0,0,3,1,3,1,-1,0,0,0,1,2,1,2,-1,0,0,0,3,2,3,2,-1,0,0,0,1,3,1,3,-1,0,0,0,3,3,3,3,-1,0,0,0,1,4,1,4,-1,0,0,0,3,4,3,4,-1,0,0,0,1,5,1,5,-1,0,0,0,3,5,3,5,-1,0,0,0,1,6,1,6,-1,0,0,0,3,6,3,6,-1,0,0,0,1,7,1,7,-1,0,0,0,2,7,2,7,-1,0,0,0,3,7,3,7,-1,0,0,0,2,0,0,0,0,0,0,4,0,2,3,1,4,-1,8,-1,4,-1,8,-1,4,0,-1,0,0,0,0,0,0,0,0,0,0,0,0,0,0,0,0,0,16,4,5,6,8,10,12,14,16,19,18,17,15,13,11,9,7,16,0,1,0,1,0,1,0,1,0,1,0,1,0,1,0,1,0,1,0,1,0,1,0,1,0,1,0,1,0,1,0,1,1,0,0,0,0,0,0,0,0,0,0,0,0,0,2,2,0,0,4,8
topology,42,11,13,42,0,0,0,1,1,2,2,3,3,4,4,5,0,0,1,1,2,2,3,3,4,4,5,6,6,7,7,8,8,9,9,10,10,11,6,6,7,7,8,8,9,9,10,10,11,12,12,13,13,14,14,15,15,16,16,17,12,12,13,13,14,14,15,15,16,16,17,18,18,19,19,20,20,21,21,22,22,23,18,18,19,19,20,20,21,21,22,22,23,24,24,25,25,26,26,27,27,28,28,29,24,24,25,25,26,26,27,27,28,28,29,30,30,31,31,32,32,33,33,34,34,35,30,30,31,31,32,32,33,33,34,34,35,36,36,37,37,38,38,39,39,40,40,41,116,0,0,0,0,-1,3,128,0,0,2,0,2,-1,3,128,0,0,4,0,4,-1,3,128,0,0,6,0,6,-1,3,128,0,0,8,0,8,-1,3,128,0,0,10,0,10,-1,3,128,0,0,12,0,12,-1,3,128,0,0,13,0,13,-1,3,128,0,11,0,11,0,-1,3,128,0,11,2,11,2,-1,3,128,0,11,4,11,4,-1,3,128,0,11,6,11,6,-1,3,128,0,11,8,11,8,-1,3,128,0,11,10,11,10,-1,3,128,0,11,12,11,12,-1,3,128,0,11,13,11,13,-1,3,128,0,2,0,2,0,-1,3,128,0,4,0,4,0,-1,3,128,0,6,0,6,0,-1,3,128,0,8,0,8,0,-1,3,128,0,10,0,10,0,-1,3,128,0,2,13,2,13,-1,3,128,0,4,13,4,13,-1,3,128,0,6,13,6,13,-1,3,128,0,8,13,8,13,-1,3,128,0,10,13,10,13,-1,3,128,0,2,1,2,1,-1,0,0,0,4,1,4,1,-1,0,0,0,6,1,6,1,-1,0,0,0,8,1,8,1,-1,0,0,0,10,1,10,1,-1,0,0,0,1,2,1,2,-1,0,0,0,2,2,2,2,-1,3,0,0,3,2,3,2,-1,0,0,0,4,2,4,2,-1,3,0,0,5,2,5,2,-1,0,0,0,6,2,6,2,-1,3,0,0,7,2,7,2,-1,0,0,0,8,2,8,2,-1,3,0,0,9,2,9,2,-1,0,0,0,10,2,10,2,-1,3,0,0,2,3,2,3,-1,0,0,0,4,3,4,3,-1,0,0,0,6,3,6,3,-1,0,0,0,8,3,8,3,-1,0,0,0,10,3,10,3,-1,0,0,0,1,4,1,4,-1,0,0,0,2,4,2,4,-1,3,0,0,3,4,3,4,-1,0,0,0,4,4,4,4,-1,3,0,0,5,4,5,4,-1,0,0,0,6,4,6,4,-1,3,0,0,7,4,7,4,-1,0,0,0,8,4,8,4,-1,3,0,0,9,4,9,4,-1,0,0,0,10,4,10,4,-1,3,0,0,2,5,2,5,-1,0,0,0,4,5,4,5,-1,0,0,0,6,5,6,5,-1,0,0,0,8,5,8,5,-1,0,0,0,10,5,10,5,-1,0,0,0,1,6,1,6,-1,0,0,0,2,6,2,6,-1,3,0,0,3,6,3,6,-1,0,0,0,4,6,4,6,-1,3,0,0,5,6,5,6,-1,0,0,0,6,6,6,6,-1,3,0,0,7,6,7,6,-1,0,0,0,8,6,8,6,-1,3,0,0,9,6,9,6,-1,0,0,0,10,6,10,6,-1,3,0,0,2,7,2,7,-1,0,0,0,4,7,4,7,-1,0,0,0,6,7,6,7,-1,0,0,0,8,7,8,7,-1,0,0,0,10,7,10,7,-1,0,0,0,1,8,1,8,-1,0,0,0,2,8,2,8,-1,3,0,0,3,8,3,8,-1,0,0,0,4,8,4,8,-1,3,0,0,5,8,5,8,-1,0,0,0,6,8,6,8,-1,3,0,0,7,8,7,8,-1,0,0,0,8,8,8,8,-1,3,0,0,9,8,9,8,-1,0,0,0,10,8,10,8,-1,3,0,0,2,9,2,9,-1,0,0,0,4,9,4,9,-1,0,0,0,6,9,6,9,-1,0,0,0,8,9,8,9,-1,0,0,0,10,9,10,9,-1,0,0,0,1,10,1,10,-1,0,0,0,2,10,2,10,-1,3,0,0,3,10,3,10,-1,0,0,0,4,10,4,10,-1,3,0,0,5,10,5,10,-1,0,0,0,6,10,6,10,-1,3,0,0,7,10,7,10,-1,0,0,0,8,10,8,10,-1,3,0,0,9,10,9,10,-1,0,0,0,10,10,10,10,-1,3,0,0,2,11,2,11,-1,0,0,0,4,11,4,11,-1,0,0,0,6,11,6,11,-1,0,0,0,8,11,8,11,-1,0,0,0,10,11,10,11,-1,0,0,0,1,12,1,12,-1,0,0,0,2,12,2,12,-1,3,0,0,3,12,3,12,-1,0,0,0,4,12,4,12,-1,3,0,0,5,12,5,12,-1,0,0,0,6,12,6,12,-1,3,0,0,7,12,7,12,-1,0,0,0,8,12,8,12,-1,3,0,0,9,12,9,12,-1,0,0,0,10,12,10,12,-1,3,0,0,42,0,0,0,0,0,0,6,0,16,26,32,31,1,6,-1,2,1,2,1,1,6,1,6,1,-1,1,2,1,6,-1,0,0,0,0,0,0,0,0,0,0,0,0,0,0,0,0,0,7,16,17,27,34,33,32,26,7,-1,1,2,2,2,1,7,1,7,1,0,1,0,1,3,0,2,7,-1,0,0,0,0,0,0,0,0,0,0,0,0,0,0,0,0,0,7,17,18,28,36,35,34,27,7,-1,1,3,2,3,1,8,1,8,1,1,1,1,1,3,1,3,8,-1,0,0,0,0,0,0,0,0,0,0,0,0,0,0,0,0,0,7,18,19,29,38,37,36,28,7,-1,1,4,2,4,1,9,1,9,1,2,1,2,1,3,2,4,9,-1,0,0,0,0,0,0,0,0,0,0,0,0,0,0,0,0,0,7,19,20,30,40,39,38,29,7,-1,1,5,2,5,1,10,1,10,1,3,1,3,1,3,3,5,10,-1,0,0,0,0,0,0,0,0,0,0,0,0,0,0,0,0,0,5,20,8,9,40,30,5,-1,1,-1,1,11,2,4,1,4,1,2,4,11,-1,0,0,0,0,0,0,0,0,0,0,0,0,0,0,0,0,0,7,1,31,32,41,47,46,2,7,0,2,0,1,7,1,7,1,12,1,12,1,-1,1,3,0,7,12,-1,0,0,0,0,0,0,0,0,0,0,0,0,0,0,0,0,0,8,32,33,34,42,49,48,47,41,8,1,1,1,1,8,1,8,1,13,1,13,1,6,1,6,1,4,1,6,8,13,-1,0,0,0,0,0,0,0,0,0,0,0,0,0,0,0,0,0,8,34,35,36,43,51,50,49,42,8,2,1,2,1,9,1,9,1,14,1,14,1,7,1,7,1,4,2,7,9,14,-1,0,0,0,0,0,0,0,0,0,0,0,0,0,0,0,0,0,8,36,37,38,44,53,52,51,43,8,3,1,3,1,10,1,10,1,15,1,15,1,8,1,8,1,4,3,8,10,15,-1,0,0,0,0,0,0,0,0,0,0,0,0,0,0,0,0,0,8,38,39,40,45,55,54,53,44,8,4,1,4,1,11,1,11,1,16,1,16,1,9,1,9,1,4,4,9,11,16,-1,0,0,0,0,0,0,0,0,0,0,0,0,0,0,0,0,0,5,40,9,10,55,45,5,5,1,-1,1,17,2,10,1,10,1,3,5,10,17,-1,0,0,0,0,0,0,0,0,0,0,0,0,0,0,0,0,0,7,2,46,47,56,62,61,3,7,6,2,6,1,13,1,13,1,18,1,18,1,-1,1,3,6,13,18,-1,0,0,0,0,0,0,0,0,0,0,0,0,0,0,0,0,0,8,47,48,49,57,64,63,62,56,8,7,1,7,1,14,1,14,1,19,1,19,1,12,1,12,1,4,7,12,14,19,-1,0,0,0,0,0,0,0,0,0,0,0,0,0,0,0,0,0,8,49,50,51,58,66,65,64,57,8,8,1,8,1,15,1,15,1,20,1,20,1,13,1,13,1,4,8,13,15,20,-1,0,0,0,0,0,0,0,0,0,0,0,0,0,0,0,0,0,8,51,52,53,59,68,67,66,58,8,9,1,9,1,16,1,16,1,21,1,21,1,14,1,14,1,4,9,14,16,21,-1,0,0,0,0,0,0,0,0,0,0,0,0,0,0,0,0,0,8,53,54,55,60,70,69,68,59,8,10,1,10,1,17,1,17,1,22,1,22,1,15,1,15,1,4,10,15,17,22,-1,0,0,0,0,0,0,0,0,0,0,0,0,0,0,0,0,0,5,55,10,11,70,60,5,11,1,-1,1,23,2,16,1,16,1,3,11,16,23,-1,0,0,0,0,0,0,0,0,0,0,0,0,0,0,0,0,0,7,3,61,62,71,77,76,4,7,12,2,12,1,19,1,19,1,24,1,24,1,-1,1,3,12,19,24,-1,0,0,0,0,0,0,0,0,0,0,0,0,0,0,0,0,0,8,62,63,64,72,79,78,77,71,8,13,1,13,1,20,1,20,1,25,1,25,1,18,1,18,1,4,13,18,20,25,-1,0,0,0,0,0,0,0,0,0,0,0,0,0,0,0,0,0,8,64,65,66,73,81,80,79,72,8,14,1,14,1,21,1,21,1,26,1,26,1,19,1,19,1,4,14,19,21,26,-1,0,0,0,0,0,0,0,0,0,0,0,0,0,0,0,0,0,8,66,67,68,74,83,82,81,73,8,15,1,15,1,22,1,22,1,27,1,27,1,20,1,20,1,4,15,20,22,27,-1,0,0,0,0,0,0,0,0,0,0,0,0,0,0,0,0,0,8,68,69,70,75,85,84,83,74,8,16,1,16,1,23,1,23,1,28,1,28,1,21,1,21,1,4,16,21,23,28,-1,0,0,0,0,0,0,0,0,0,0,0,0,0,0,0,0,0,5,70,11,12,85,75,5,17,1,-1,1,29,2,22,1,22,1,3,17,22,29,-1,0,0,0,0,0,0,0,0,0,0,0,0,0,0,0,0,0,7,4,76,77,86,92,91,5,7,18,2,18,1,25,1,25,1,30,1,30,1,-1,1,3,18,25,30,-1,0,0,0,0,0,0,0,0,0,0,0,0,0,0,0,0,0,8,77,78,79,87,94,93,92,86,8,19,1,19,1,26,1,26,1,31,1,31,1,24,1,24,1,4,19,24,26,31,-1,0,0,0,0,0,0,0,0,0,0,0,0,0,0,0,0,0,8,79,80,81,88,96,95,94,87,8,20,1,20,1,27,1,27,1,32,1,32,1,25,1,25,1,4,20,25,27,32,-1,0,0,0,0,0,0,0,0,0,0,0,0,0,0,0,0,0,8,81,82,83,89,98,97,96,88,8,21,1,21,1,28,1,28,1,33,1,33,1,26,1,26,1,4,21,26,28,33,-1,0,0,0,0,0,0,0,0,0,0,0,0,0,0,0,0,0,8,83,84,85,90,100,99,98,89,8,22,1,22,1,29,1,29,1,34,1,34,1,27,1,27,1,4,22,27,29,34,-1,0,0,0,0,0,0,0,0,0,0,0,0,0,0,0,0,0,5,85,12,13,100,90,5,23,1,-1,1,35,2,28,1,28,1,3,23,28,35,-1,0,0,0,0,0,0,0,0,0,0,0,0,0,0,0,0,0,7,5,91,92,101,107,106,6,7,24,2,24,1,31,1,31,1,36,1,36,1,-1,1,3,24,31,36,-1,0,0,0,0,0,0,0,0,0,0,0,0,0,0,0,0,0,8,92,93,94,102,109,108,107,101,8,25,1,25,1,32,1,32,1,37,1,37,1,30,1,30,1,4,25,30,32,37,-1,0,0,0,0,0,0,0,0,0,0,0,0,0,0,0,0,0,8,94,95,96,103,111,110,109,102,8,26,1,26,1,33,1,33,1,38,1,38,1,31,1,31,1,4,26,31,33,38,-1,0,0,0,0,0,0,0,0,0,0,0,0,0,0,0,0,0,8,96,97,98,104,113,112,111,103,8,27,1,27,1,34,1,34,1,39,1,39,1,32,1,32,1,4,27,32,34,39,-1,0,0,0,0,0,0,0,0,0,0,0,0,0,0,0,0,0,8,98,99,100,105,115,114,113,104,8,28,1,28,1,35,1,35,1,40,1,40,1,33,1,33,1,4,28,33,35,40,-1,0,0,0,0,0,0,0,0,0,0,0,0,0,0,0,0,0,5,100,13,14,115,105,5,29,1,-1,1,41,2,34,1,34,1,3,29,34,41,-1,0,0,0,0,0,0,0,0,0,0,0,0,0,0,0,0,0,5,6,106,107,21,7,5,30,1,30,1,37,1,-1,1,-1,2,2,30,37,-1,0,0,0,0,0,0,0,0,0,0,0,0,0,0,0,0,0,5,107,108,109,22,21,5,31,1,31,1,38,1,-1,1,36,2,3,31,36,38,-1,0,0,0,0,0,0,0,0,0,0,0,0,0,0,0,0,0,5,109,110,111,23,22,5,32,1,32,1,39,1,-1,1,37,2,3,32,37,39,-1,0,0,0,0,0,0,0,0,0,0,0,0,0,0,0,0,0,5,111,112,113,24,23,5,33,1,33,1,40,1,-1,1,38,2,3,33,38,40,-1,0,0,0,0,0,0,0,0,0,0,0,0,0,0,0,0,0,5,113,114,115,25,24,5,34,1,34,1,41,1,-1,1,39,2,3,34,39,41,-1,0,0,0,0,0,0,0,0,0,0,0,0,0,0,0,0,0,4,115,14,15,25,4,35,1,-1,1,-1,1,40,1,2,35,40,-1,0,0,0,0,0,0,0,0,0,0,0,8,8,5,5,11,13
topology,43,26,26,2,0,0,1,1,1,1,1,1,1,1,1,1,1,1,1,1,1,1,1,1,1,1,1,1,1,1,1,0,0,1,1,1,1,1,1,1,1,1,1,1,1,1,1,1,1,1,1,1,1,1,1,1,1,0,0,0,1,1,1,1,1,1,1,1,1,1,1,1,1,1,1,1,1,1,1,1,1,1,1,0,0,0,0,1,1,1,1,1,1,1,1,1,1,1,1,1,1,1,1,1,1,1,1,1,1,0,0,0,0,0,1,1,1,1,1,1,1,1,1,1,1,1,1,1,1,1,1,1,1,1,1,0,0,0,0,0,0,1,1,1,1,1,1,1,1,1,1,1,1,1,1,1,1,1,1,1,1,0,0,0,0,0,0,0,1,1,1,1,1,1,1,1,1,1,1,1,1,1,1,1,1,1,1,0,0,0,0,0,0,0,0,1,1,1,1,1,1,1,1,1,1,1,1,1,1,1,1,1,1,0,0,0,0,0,0,0,0,0,1,1,1,1,1,1,1,1,1,1,1,1,1,1,1,1,1,0,0,0,0,0,0,0,0,0,0,1,1,1,1,1,1,1,1,1,1,1,1,1,1,1,1,0,0,0,0,0,0,0,0,0,0,0,1,1,1,1,1,1,1,1,1,1,1,1,1,1,1,0,0,0,0,0,0,0,0,0,0,0,0,1,1,1,1,1,1,1,1,1,1,1,1,1,1,0,0,0,0,0,0,0,0,0,0,0,0,0,1,1,1,1,1,1,1,1,1,1,1,1,1,0,0,0,0,0,0,0,0,0,0,0,0,0,0,1,1,1,1,1,1,1,1,1,1,1,1,0,0,0,0,0,0,0,0,0,0,0,0,0,0,0,1,1,1,1,1,1,1,1,1,1,1,0,0,0,0,0,0,0,0,0,0,0,0,0,0,0,0,1,1,1,1,1,1,1,1,1,1,0,0,0,0,0,0,0,0,0,0,0,0,0,0,0,0,0,1,1,1,1,1,1,1,1,1,0,0,0,0,0,0,0,0,0,0,0,0,0,0,0,0,0,0,1,1,1,1,1,1,1,1,0,0,0,0,0,0,0,0,0,0,0,0,0,0,0,0,0,0,0,1,1,1,1,1,1,1,0,0,0,0,0,0,0,0,0,0,0,0,0,0,0,0,0,0,0,0,1,1,1,1,1,1,0,0,0,0,0,0,0,0,0,0,0,0,0,0,0,0,0,0,0,0,0,1,1,1,1,1,0,0,0,0,0,0,0,0,0,0,0,0,0,0,0,0,0,0,0,0,0,0,1,1,1,1,0,0,0,0,0,0,0,0,0,0,0,0,0,0,0,0,0,0,0,0,0,0,0,1,1,1,0,0,0,0,0,0,0,0,0,0,0,0,0,0,0,0,0,0,0,0,0,0,0,0,1,1,0,0,0,0,0,0,0,0,0,0,0,0,0,0,0,0,0,0,0,0,0,0,0,0,0,1,0,0,0,0,0,0,0,0,0,0,0,0,0,0,0,0,0,0,0,0,0,0,0,0,0,0,25,0,0,0,0,-1,3,128,0,0,26,0,26,-1,3,128,0,26,0,26,0,-1,3,128,0,26,25,26,25,-1,3,128,0,26,26,26,26,-1,3,128,0,1,0,1,0,-1,3,128,0,1,1,1,1,-1,0,0,0,3,2,3,2,-1,0,0,0,4,4,4,4,-1,0,0,0,6,5,6,5,-1,0,0,0,7,7,7,7,-1,0,0,0,9,8,9,8,-1,0,0,0,10,10,10,10,-1,0,0,0,12,11,12,11,-1,0,0,0,13,13,13,13,-1,0,0,0,15,14,15,14,-1,0,0,0,16,16,16,16,-1,0,128,0,18,17,18,17,-1,0,128,0,19,19,19,19,-1,0,128,0,21,20,21,20,-1,0,128,0,22,22,22,22,-1,0,128,0,24,23,24,23,-1,0,128,0,24,24,24,24,-1,0,128,0,25,24,25,24,-1,0,128,0,25,25,25,25,-1,0,0,0,2,0,0,0,0,0,0,24,0,5,6,7,8,9,10,11,12,13,14,15,16,17,18,19,20,21,22,23,24,3,4,1,24,-1,26,1,1,1,1,1,3,1,3,1,3,1,3,1,3,1,3,1,3,1,3,1,3,1,3,1,3,1,3,1,3,1,3,1,3,1,1,1,1,1,1,-1,1,-1,1,-1,26,1,1,-1,0,0,0,0,0,0,0,0,0,0,0,0,0,0,0,0,0,22,5,2,3,24,23,22,21,20,19,18,17,16,15,14,13,12,11,10,9,8,7,6,22,-1,1,-1,25,0,25,0,1,0,1,0,1,0,1,0,3,0,3,0,3,0,3,0,3,0,3,0,3,0,3,0,3,0,3,0,3,0,3,0,3,0,3,0,3,1,0,-1,0,0,0,0,0,0,0,0,0,0,0,2,3,1,0,26,26
topology,44,3,3,1,1,0,0,0,0,0,0,0,0,0,4,0,0,0,0,-1,3,128,0,0,3,0,3,-1,3,128,0,3,0,3,0,-1,3,128,0,3,3,3,3,-1,3,128,0,1,0,0,0,0,0,0,4,0,2,3,1,4,-1,3,-1,3,-1,3,-1,3,0,-1,0,0,0,0,0,0,0,0,0,0,0,2,2,0,0,3,3
topology,45,10,8,1,0,0,0,0,0,0,0,0,0,0,0,0,0,0,0,0,0,0,0,0,0,0,0,0,0,0,0,0,0,0,0,0,0,0,0,0,0,0,0,0,0,0,0,0,0,0,0,0,0,0,0,0,0,0,0,0,0,0,0,0,0,0,0,0,0,0,0,0,0,0,0,0,0,0,0,0,0,0,0,0,0,4,0,0,0,0,-1,3,128,0,0,8,0,8,-1,3,128,0,10,0,10,0,-1,3,128,0,10,8,10,8,-1,3,128,0,1,0,0,0,0,0,0,4,0,2,3,1,4,-1,8,-1,10,-1,8,-1,10,0,-1,0,0,0,0,0,0,0,0,0,0,0,2,2,0,0,10,8
topology,46,26,26,2,0,0,0,0,0,0,0,0,0,0,0,0,0,0,0,0,0,0,0,0,0,0,0,0,0,0,0,0,0,0,0,0,0,0,0,0,0,0,0,0,0,0,0,0,0,0,0,0,0,0,0,0,0,0,0,0,0,0,0,0,0,0,0,0,0,0,0,0,0,0,0,0,0,0,0,0,0,0,0,0,0,0,0,0,0,0,0,0,0,0,0,0,0,0,0,0,0,0,0,0,0,0,0,0,0,0,0,0,0,0,0,0,0,0,0,0,0,0,0,0,0,0,0,0,0,0,0,0,0,0,0,0,0,0,0,0,0,0,0,0,0,1,1,1,1,1,1,1,0,0,0,0,0,0,0,0,0,0,0,0,0,0,0,0,0,1,1,1,1,1,1,1,1,1,1,1,0,0,0,0,0,0,0,0,0,0,0,0,0,0,1,1,1,1,1,1,1,1,1,1,1,1,1,0,0,0,0,0,0,0,0,0,0,0,0,1,1,1,1,1,1,1,1,1,1,1,1,1,1,1,0,0,0,0,0,0,0,0,0,0,0,1,1,1,1,1,1,1,1,1,1,1,1,1,1,1,0,0,0,0,0,0,0,0,0,0,1,1,1,1,1,1,1,1,1,1,1,1,1,1,1,1,1,0,0,0,0,0,0,0,0,0,1,1,1,1,1,1,1,1,1,1,1,1,1,1,1,1,1,0,0,0,0,0,0,0,0,0,1,1,1,1,1,1,1,1,1,1,1,1,1,1,1,1,1,0,0,0,0,0,0,0,0,0,1,1,1,1,1,1,1,1,1,1,1,1,1,1,1,1,1,0,0,0,0,0,0,0,0,0,1,1,1,1,1,1,1,1,1,1,1,1,1,1,1,1,1,0,0,0,0,0,0,0,0,0,1,1,1,1,1,1,1,1,1,1,1,1,1,1,1,1,1,0,0,0,0,0,0,0,0,0,1,1,1,1,1,1,1,1,1,1,1,1,1,1,1,1,1,0,0,0,0,0,0,0,0,0,0,1,1,1,1,1,1,1,1,1,1,1,1,1,1,1,0,0,0,0,0,0,0,0,0,0,0,1,1,1,1,1,1,1,1,1,1,1,1,1,1,1,0,0,0,0,0,0,0,0,0,0,0,0,1,1,1,1,1,1,1,1,1,1,1,1,1,0,0,0,0,0,0,0,0,0,0,0,0,0,0,1,1,1,1,1,1,1,1,1,1,1,0,0,0,0,0,0,0,0,0,0,0,0,0,0,0,0,0,1,1,1,1,1,1,1,0,0,0,0,0,0,0,0,0,0,0,0,0,0,0,0,0,0,0,0,0,0,0,0,0,0,0,0,0,0,0,0,0,0,0,0,0,0,0,0,0,0,0,0,0,0,0,0,0,0,0,0,0,0,0,0,0,0,0,0,0,0,0,0,0,0,0,0,0,0,0,0,0,0,0,0,0,0,0,0,0,0,0,0,0,0,0,0,0,0,0,0,0,0,0,0,0,0,0,0,0,0,0,0,0,0,0,0,0,0,0,0,0,56,0,0,0,0,-1,3,128,0,0,26,0,26,-1,3,128,0,26,0,26,0,-1,3,128,0,26,26,26,26,-1,3,128,0,10,5,10,5,-1,0,0,0,15,5,15,5,-1,0,128,0,16,5,16,5,-1,0,128,0,17,5,17,5,-1,0,128,0,8,6,8,6,-1,0,128,0,9,6,9,6,-1,0,128,0,10,6,10,6,-1,0,128,0,17,6,17,6,-1,0,128,0,18,6,18,6,-1,0,128,0,19,6,19,6,-1,0,128,0,7,7,7,7,-1,0,128,0,8,7,8,7,-1,0,128,0,19,7,19,7,-1,0,128,0,20,7,20,7,-1,0,128,0,6,8,6,8,-1,0,128,0,7,8,7,8,-1,0,128,0,20,8,20,8,-1,0,128,0,21,8,21,8,-1,0,128,0,6,9,6,9,-1,0,128,0,21,9,21,9,-1,0,128,0,5,10,5,10,-1,0,128,0,6,10,6,10,-1,0,128,0,21,10,21,10,-1,0,128,0,22,10,22,10,-1,0,0,0,5,11,5,11,-1,0,128,0,5,12,5,12,-1,0,128,0,22,15,22,15,-1,0,128,0,22,16,22,16,-1,0,128,0,5,17,5,17,-1,0,128,0,6,17,6,17,-1,0,128,0,21,17,21,17,-1,0,128,0,22,17,22,17,-1,0,128,0,6,18,6,18,-1,0,128,0,21,18,21,18,-1,0,128,0,6,19,6,19,-1,0,128,0,7,19,7,19,-1,0,128,0,20,19,20,19,-1,0,128,0,21,19,21,19,-1,0,128,0,7,20,7,20,-1,0,128,0,8,20,8,20,-1,0,128,0,19,20,19,20,-1,0,128,0,20,20,20,20,-1,0,0,0,8,21,8,21,-1,0,128,0,9,21,9,21,-1,0,128,0,10,21,10,21,-1,0,128,0,17,21,17,21,-1,0,128,0,18,21,18,21,-1,0,128,0,19,21,19,21,-1,0,128,0,10,22,10,22,-1,0,128,0,11,22,11,22,-1,0,128,0,12,22,12,22,-1,0,128,0,17,22,17,22,-1,0,128,0,2,0,0,0,0,0,0,4,0,2,3,1,4,-1,26,-1,26,-1,26,-1,26,0,-1,0,0,0,0,0,0,0,0,0,0,0,0,0,0,0,0,0,52,4,5,6,7,11,12,13,16,17,20,21,23,26,27,30,31,35,34,37,41,40,45,44,51,50,49,55,54,53,52,48,47,46,43,42,39,38,36,33,32,29,28,24,25,22,18,19,14,15,8,9,10,52,0,1,0,5,0,1,0,1,0,1,0,1,0,1,0,1,0,1,0,1,0,1,0,1,0,1,0,1,0,5,0,1,0,1,0,1,0,1,0,1,0,1,0,1,0,1,0,1,0,1,0,1,0,1,0,5,0,1,0,1,0,1,0,1,0,1,0,1,0,1,0,1,0,1,0,1,0,1,0,1,0,5,0,1,0,1,0,1,0,1,0,1,0,1,0,1,0,1,0,1,0,1,0,1,1,0,0,0,0,0,0,0,0,0,0,0,0,0,2,2,0,0,26,26
topology,47,24,18,48,0,0,0,0,1,1,1,2,2,2,3,3,3,4,4,4,5,5,5,6,6,6,7,7,7,0,0,0,1,1,1,2,2,2,3,3,3,4,4,4,5,5,5,6,6,6,7,7,7,0,0,0,1,1,1,2,2,2,3,3,3,4,4,4,5,5,5,6,6,6,7,7,7,8,8,8,9,9,9,10,10,10,11,11,11,12,12,12,13,13,13,14,14,14,15,15,15,8,8,8,9,9,9,10,10,10,11,11,11,12,12,12,13,13,13,14,14,14,15,15,15,8,8,8,9,9,9,10,10,10,11,11,11,12,12,12,13,13,13,14,14,14,15,15,15,16,16,16,17,17,17,18,18,18,19,19,19,20,20,20,21,21,21,22,22,22,23,23,23,16,16,16,17,17,17,18,18,18,19,19,19,20,20,20,21,21,21,22,22,22,23,23,23,16,16,16,17,17,17,18,18,18,19,19,19,20,20,20,21,21,21,22,22,22,23,23,23,24,24,24,25,25,25,26,26,26,27,27,27,28,28,28,29,29,29,30,30,30,31,31,31,24,24,24,25,25,25,26,26,26,27,27,27,28,28,28,29,29,29,30,30,30,31,31,31,24,24,24,25,25,25,26,26,26,27,27,27,28,28,28,29,29,29,30,30,30,31,31,31,32,32,32,33,33,33,34,34,34,35,35,35,36,36,36,37,37,37,38,38,38,39,39,39,32,32,32,33,33,33,34,34,34,35,35,35,36,36,36,37,37,37,38,38,38,39,39,39,32,32,32,33,33,33,34,34,34,35,35,35,36,36,36,37,37,37,38,38,38,39,39,39,40,40,40,41,41,41,42,42,42,43,43,43,44,44,44,45,45,45,46,46,46,47,47,47,40,40,40,41,41,41,42,42,42,43,43,43,44,44,44,45,45,45,46,46,46,47,47,47,40,40,40,41,41,41,42,42,42,43,43,43,44,44,44,45,45,45,46,46,46,47,47,47,227,0,0,0,0,-1,3,128,0,0,3,0,3,-1,3,128,0,0,6,0,6,-1,3,128,0,0,9,0,9,-1,3,128,0,0,12,0,12,-1,3,128,0,0,15,0,15,-1,3,128,0,0,18,0,18,-1,3,128,0,24,0,24,0,-1,3,128,0,24,3,24,3,-1,3,128,0,24,6,24,6,-1,3,128,0,24,9,24,9,-1,3,128,0,24,12,24,12,-1,3,128,0,24,15,24,15,-1,3,128,0,24,18,24,18,-1,3,128,0,3,0,3,0,-1,3,128,0,6,0,6,0,-1,3,128,0,9,0,9,0,-1,3,128,0,12,0,12,0,-1,3,128,0,15,0,15,0,-1,3,128,0,18,0,18,0,-1,3,128,0,21,0,21,0,-1,3,128,0,3,18,3,18,-1,3,128,0,6,18,6,18,-1,3,128,0,9,18,9,18,-1,3,128,0,12,18,12,18,-1,3,128,0,15,18,15,18,-1,3,128,0,18,18,18,18,-1,3,128,0,21,18,21,18,-1,3,128,0,3,1,3,1,-1,0,0,0,6,1,6,1,-1,0,0,0,9,1,9,1,-1,0,0,0,12,1,12,1,-1,0,0,0,15,1,15,1,-1,0,0,0,18,1,18,1,-1,0,0,0,21,1,21,1,-1,0,0,0,3,2,3,2,-1,0,0,0,6,2,6,2,-1,0,0,0,9,2,9,2,-1,0,0,0,12,2,12,2,-1,0,0,0,15,2,15,2,-1,0,0,0,18,2,18,2,-1,0,0,0,21,2,21,2,-1,0,0,0,1,3,1,3,-1,0,0,0,2,3,2,3,-1,0,0,0,3,3,3,3,-1,3,0,0,4,3,4,3,-1,0,0,0,5,3,5,3,-1,0,0,0,6,3,6,3,-1,3,0,0,7,3,7,3,-1,0,0,0,8,3,8,3,-1,0,0,0,9,3,9,3,-1,3,0,0,10,3,10,3,-1,0,0,0,11,3,11,3,-1,0,0,0,12,3,12,3,-1,3,0,0,13,3,13,3,-1,0,0,0,14,3,14,3,-1,0,0,0,15,3,15,3,-1,3,0,0,16,3,16,3,-1,0,0,0,17,3,17,3,-1,0,0,0,18,3,18,3,-1,3,0,0,19,3,19,3,-1,0,0,0,20,3,20,3,-1,0,0,0,21,3,21,3,-1,3,0,0,22,3,22,3,-1,0,0,0,23,3,23,3,-1,0,0,0,3,4,3,4,-1,0,0,0,6,4,6,4,-1,0,0,0,9,4,9,4,-1,0,0,0,12,4,12,4,-1,0,0,0,15,4,15,4,-1,0,0,0,18,4,18,4,-1,0,0,0,21,4,21,4,-1,0,0,0,3,5,3,5,-1,0,0,0,6,5,6,5,-1,0,0,0,9,5,9,5,-1,0,0,0,12,5,12,5,-1,0,0,0,15,5,15,5,-1,0,0,0,18,5,18,5,-1,0,0,0,21,5,21,5,-1,0,0,0,1,6,1,6,-1,0,0,0,2,6,2,6,-1,0,0,0,3,6,3,6,-1,3,0,0,4,6,4,6,-1,0,0,0,5,6,5,6,-1,0,0,0,6,6,6,6,-1,3,0,0,7,6,7,6,-1,0,0,0,8,6,8,6,-1,0,0,0,9,6,9,6,-1,3,0,0,10,6,10,6,-1,0,0,0,11,6,11,6,-1,0,0,0,12,6,12,6,-1,3,0,0,13,6,13,6,-1,0,0,0,14,6,14,6,-1,0,0,0,15,6,15,6,-1,3,0,0,16,6,16,6,-1,0,0,0,17,6,17,6,-1,0,0,0,18,6,18,6,-1,3,0,0,19,6,19,6,-1,0,0,0,20,6,20,6,-1,0,0,0,21,6,21,6,-1,3,0,0,22,6,22,6,-1,0,0,0,23,6,23,6,-1,0,0,0,3,7,3,7,-1,0,0,0,6,7,6,7,-1,0,0,0,9,7,9,7,-1,0,0,0,12,7,12,7,-1,0,0,0,15,7,15,7,-1,0,0,0,18,7,18,7,-1,0,0,0,21,7,21,7,-1,0,0,0,3,8,3,8,-1,0,0,0,6,8,6,8,-1,0,0,0,9,8,9,8,-1,0,0,0,12,8,12,8,-1,0,0,0,15,8,15,8,-1,0,0,0,18,8,18,8,-1,0,0,0,21,8,21,8,-1,0,0,0,1,9,1,9,-1,0,0,0,2,9,2,9,-1,0,0,0,3,9,3,9,-1,3,0,0,4,9,4,9,-1,0,0,0,5,9,5,9,-1,0,0,0,6,9,6,9,-1,3,0,0,7,9,7,9,-1,0,0,0,8,9,8,9,-1,0,0,0,9,9,9,9,-1,3,0,0,10,9,10,9,-1,0,0,0,11,9,11,9,-1,0,0,0,12,9,12,9,-1,3,0,0,13,9,13,9,-1,0,0,0,14,9,14,9,-1,0,0,0,15,9,15,9,-1,3,0,0,16,9,16,9,-1,0,0,0,17,9,17,9,-1,0,0,0,18,9,18,9,-1,3,0,0,19,9,19,9,-1,0,0,0,20,9,20,9,-1,0,0,0,21,9,21,9,-1,3,0,0,22,9,22,9,-1,0,0,0,23,9,23,9,-1,0,0,0,3,10,3,10,-1,0,0,0,6,10,6,10,-1,0,0,0,9,10,9,10,-1,0,0,0,12,10,12,10,-1,0,0,0,15,10,15,10,-1,0,0,0,18,10,18,10,-1,0,0,0,21,10,21,10,-1,0,0,0,3,11,3,11,-1,0,0,0,6,11,6,11,-1,0,0,0,9,11,9,11,-1,0,0,0,12,11,12,11,-1,0,0,0,15,11,15,11,-1,0,0,0,18,11,18,11,-1,0,0,0,21,11,21,11,-1,0,0,0,1,12,1,12,-1,0,0,0,2,12,2,12,-1,0,0,0,3,12,3,12,-1,3,0,0,4,12,4,12,-1,0,0,0,5,12,5,12,-1,0,0,0,6,12,6,12,-1,3,0,0,7,12,7,12,-1,0,0,0,8,12,8,12,-1,0,0,0,9,12,9,12,-1,3,0,0,10,12,10,12,-1,0,0,0,11,12,11,12,-1,0,0,0,12,12,12,12,-1,3,0,0,13,12,13,12,-1,0,0,0,14,12,14,12,-1,0,0,0,15,12,15,12,-1,3,0,0,16,12,16,12,-1,0,0,0,17,12,17,12,-1,0,0,0,18,12,18,12,-1,3,0,0,19,12,19,12,-1,0,0,0,20,12,20,12,-1,0,0,0,21,12,21,12,-1,3,0,0,22,12,22,12,-1,0,0,0,23,12,23,12,-1,0,0,0,3,13,3,13,-1,0,0,0,6,13,6,13,-1,0,0,0,9,13,9,13,-1,0,0,0,12,13,12,13,-1,0,0,0,15,13,15,13,-1,0,0,0,18,13,18,13,-1,0,0,0,21,13,21,13,-1,0,0,0,3,14,3,14,-1,0,0,0,6,14,6,14,-1,0,0,0,9,14,9,14,-1,0,0,0,12,14,12,14,-1,0,0,0,15,14,15,14,-1,0,0,0,18,14,18,14,-1,0,0,0,21,14,21,14,-1,0,0,0,1,15,1,15,-1,0,0,0,2,15,2,15,-1,0,0,0,3,15,3,15,-1,3,0,0,4,15,4,15,-1,0,0,0,5,15,5,15,-1,0,0,0,6,15,6,15,-1,3,0,0,7,15,7,15,-1,0,0,0,8,15,8,15,-1,0,0,0,9,15,9,15,-1,3,0,0,10,15,10,15,-1,0,0,0,11,15,11,15,-1,0,0,0,12,15,12,15,-1,3,0,0,13,15,13,15,-1,0,0,0,14,15,14,15,-1,0,0,0,15,15,15,15,-1,3,0,0,16,15,16,15,-1,0,0,0,17,15,17,15,-1,0,0,0,18,15,18,15,-1,3,0,0,19,15,19,15,-1,0,0,0,20,15,20,15,-1,0,0,0,21,15,21,15,-1,3,0,0,22,15,22,15,-1,0,0,0,23,15,23,15,-1,0,0,0,3,16,3,16,-1,0,0,0,6,16,6,16,-1,0,0,0,9,16,9,16,-1,0,0,0,12,16,12,16,-1,0,0,0,15,16,15,16,-1,0,0,0,18,16,18,16,-1,0,0,0,21,16,21,16,-1,0,0,0,3,17,3,17,-1,0,0,0,6,17,6,17,-1,0,0,0,9,17,9,17,-1,0,0,0,12,17,12,17,-1,0,0,0,15,17,15,17,-1,0,0,0,18,17,18,17,-1,0,0,0,21,17,21,17,-1,0,0,0,48,0,0,0,0,0,0,8,0,14,28,35,44,43,42,1,8,-1,3,1,3,1,1,1,1,8,1,8,1,8,1,-1,1,2,1,8,-1,0,0,0,0,0,0,0,0,0,0,0,0,0,0,0,0,0,10,14,15,29,36,47,46,45,44,35,28,10,-1,1,2,3,2,1,2,1,9,1,9,1,9,1,0,1,0,1,0,1,3,0,2,9,-1,0,0,0,0,0,0,0,0,0,0,0,0,0,0,0,0,0,10,15,16,30,37,50,49,48,47,36,29,10,-1,1,3,3,3,1,3,1,10,1,10,1,10,1,1,1,1,1,1,1,3,1,3,10,-1,0,0,0,0,0,0,0,0,0,0,0,0,0,0,0,0,0,10,16,17,31,38,53,52,51,50,37,30,10,-1,1,4,3,4,1,4,1,11,1,11,1,11,1,2,1,2,1,2,1,3,2,4,11,-1,0,0,0,0,0,0,0,0,0,0,0,0,0,0,0,0,0,10,17,18,32,39,56,55,54,53,38,31,10,-1,1,5,3,5,1,5,1,12,1,12,1,12,1,3,1,3,1,3,1,3,3,5,12,-1,0,0,0,0,0,0,0,0,0,0,0,0,0,0,0,0,0,10,18,19,33,40,59,58,57,56,39,32,10,-1,1,6,3,6,1,6,1,13,1,13,1,13,1,4,1,4,1,4,1,3,4,6,13,-1,0,0,0,0,0,0,0,0,0,0,0,0,0,0,0,0,0,10,19,20,34,41,62,61,60,59,40,33,10,-1,1,7,3,7,1,7,1,14,1,14,1,14,1,5,1,5,1,5,1,3,5,7,14,-1,0,0,0,0,0,0,0,0,0,0,0,0,0,0,0,0,0,8,20,7,8,64,63,62,41,34,8,-1,1,-1,3,15,3,15,1,15,1,6,1,6,1,6,1,2,6,15,-1,0,0,0,0,0,0,0,0,0,0,0,0,0,0,0,0,0,10,1,42,43,44,65,72,81,80,79,2,10,0,3,0,1,0,1,9,1,9,1,9,1,16,1,16,1,16,1,-1,1,3,0,9,16,-1,0,0,0,0,0,0,0,0,0,0,0,0,0,0,0,0,0,12,44,45,46,47,66,73,84,83,82,81,72,65,12,1,1,1,1,1,1,10,1,10,1,10,1,17,1,17,1,17,1,8,1,8,1,8,1,4,1,8,10,17,-1,0,0,0,0,0,0,0,0,0,0,0,0,0,0,0,0,0,12,47,48,49,50,67,74,87,86,85,84,73,66,12,2,1,2,1,2,1,11,1,11,1,11,1,18,1,18,1,18,1,9,1,9,1,9,1,4,2,9,11,18,-1,0,0,0,0,0,0,0,0,0,0,0,0,0,0,0,0,0,12,50,51,52,53,68,75,90,89,88,87,74,67,12,3,1,3,1,3,1,12,1,12,1,12,1,19,1,19,1,19,1,10,1,10,1,10,1,4,3,10,12,19,-1,0,0,0,0,0,0,0,0,0,0,0,0,0,0,0,0,0,12,53,54,55,56,69,76,93,92,91,90,75,68,12,4,1,4,1,4,1,13,1,13,1,13,1,20,1,20,1,20,1,11,1,11,1,11,1,4,4,11,13,20,-1,0,0,0,0,0,0,0,0,0,0,0,0,0,0,0,0,0,12,56,57,58,59,70,77,96,95,94,93,76,69,12,5,1,5,1,5,1,14,1,14,1,14,1,21,1,21,1,21,1,12,1,12,1,12,1,4,5,12,14,21,-1,0,0,0,0,0,0,0,0,0,0,0,0,0,0,0,0,0,12,59,60,61,62,71,78,99,98,97,96,77,70,12,6,1,6,1,6,1,15,1,15,1,15,1,22,1,22,1,22,1,13,1,13,1,13,1,4,6,13,15,22,-1,0,0,0,0,0,0,0,0,0,0,0,0,0,0,0,0,0,10,62,63,64,8,9,101,100,99,78,71,10,7,1,7,1,7,1,-1,1,23,3,23,1,23,1,14,1,14,1,14,1,3,7,14,23,-1,0,0,0,0,0,0,0,0,0,0,0,0,0,0,0,0,0,10,2,79,80,81,102,109,118,117,116,3,10,8,3,8,1,8,1,17,1,17,1,17,1,24,1,24,1,24,1,-1,1,3,8,17,24,-1,0,0,0,0,0,0,0,0,0,0,0,0,0,0,0,0,0,12,81,82,83,84,103,110,121,120,119,118,109,102,12,9,1,9,1,9,1,18,1,18,1,18,1,25,1,25,1,25,1,16,1,16,1,16,1,4,9,16,18,25,-1,0,0,0,0,0,0,0,0,0,0,0,0,0,0,0,0,0,12,84,85,86,87,104,111,124,123,122,121,110,103,12,10,1,10,1,10,1,19,1,19,1,19,1,26,1,26,1,26,1,17,1,17,1,17,1,4,10,17,19,26,-1,0,0,0,0,0,0,0,0,0,0,0,0,0,0,0,0,0,12,87,88,89,90,105,112,127,126,125,124,111,104,12,11,1,11,1,11,1,20,1,20,1,20,1,27,1,27,1,27,1,18,1,18,1,18,1,4,11,18,20,27,-1,0,0,0,0,0,0,0,0,0,0,0,0,0,0,0,0,0,12,90,91,92,93,106,113,130,129,128,127,112,105,12,12,1,12,1,12,1,21,1,21,1,21,1,28,1,28,1,28,1,19,1,19,1,19,1,4,12,19,21,28,-1,0,0,0,0,0,0,0,0,0,0,0,0,0,0,0,0,0,12,93,94,95,96,107,114,133,132,131,130,113,106,12,13,1,13,1,13,1,22,1,22,1,22,1,29,1,29,1,29,1,20,1,20,1,20,1,4,13,20,22,29,-1,0,0,0,0,0,0,0,0,0,0,0,0,0,0,0,0,0,12,96,97,98,99,108,115,136,135,134,133,114,107,12,14,1,14,1,14,1,23,1,23,1,23,1,30,1,30,1,30,1,21,1,21,1,21,1,4,14,21,23,30,-1,0,0,0,0,0,0,0,0,0,0,0,0,0,0,0,0,0,10,99,100,101,9,10,138,137,136,115,108,10,15,1,15,1,15,1,-1,1,31,3,31,1,31,1,22,1,22,1,22,1,3,15,22,31,-1,0,0,0,0,0,0,0,0,0,0,0,0,0,0,0,0,0,10,3,116,117,118,139,146,155,154,153,4,10,16,3,16,1,16,1,25,1,25,1,25,1,32,1,32,1,32,1,-1,1,3,16,25,32,-1,0,0,0,0,0,0,0,0,0,0,0,0,0,0,0,0,0,12,118,119,120,121,140,147,158,157,156,155,146,139,12,17,1,17,1,17,1,26,1,26,1,26,1,33,1,33,1,33,1,24,1,24,1,24,1,4,17,24,26,33,-1,0,0,0,0,0,0,0,0,0,0,0,0,0,0,0,0,0,12,121,122,123,124,141,148,161,160,159,158,147,140,12,18,1,18,1,18,1,27,1,27,1,27,1,34,1,34,1,34,1,25,1,25,1,25,1,4,18,25,27,34,-1,0,0,0,0,0,0,0,0,0,0,0,0,0,0,0,0,0,12,124,125,126,127,142,149,164,163,162,161,148,141,12,19,1,19,1,19,1,28,1,28,1,28,1,35,1,35,1,35,1,26,1,26,1,26,1,4,19,26,28,35,-1,0,0,0,0,0,0,0,0,0,0,0,0,0,0,0,0,0,12,127,128,129,130,143,150,167,166,165,164,149,142,12,20,1,20,1,20,1,29,1,29,1,29,1,36,1,36,1,36,1,27,1,27,1,27,1,4,20,27,29,36,-1,0,0,0,0,0,0,0,0,0,0,0,0,0,0,0,0,0,12,130,131,132,133,144,151,170,169,168,167,150,143,12,21,1,21,1,21,1,30,1,30,1,30,1,37,1,37,1,37,1,28,1,28,1,28,1,4,21,28,30,37,-1,0,0,0,0,0,0,0,0,0,0,0,0,0,0,0,0,0,12,133,134,135,136,145,152,173,172,171,170,151,144,12,22,1,22,1,22,1,31,1,31,1,31,1,38,1,38,1,38,1,29,1,29,1,29,1,4,22,29,31,38,-1,0,0,0,0,0,0,0,0,0,0,0,0,0,0,0,0,0,10,136,137,138,10,11,175,174,173,152,145,10,23,1,23,1,23,1,-1,1,39,3,39,1,39,1,30,1,30,1,30,1,3,23,30,39,-1,0,0,0,0,0,0,0,0,0,0,0,0,0,0,0,0,0,10,4,153,154,155,176,183,192,191,190,5,10,24,3,24,1,24,1,33,1,33,1,33,1,40,1,40,1,40,1,-1,1,3,24,33,40,-1,0,0,0,0,0,0,0,0,0,0,0,0,0,0,0,0,0,12,155,156,157,158,177,184,195,194,193,192,183,176,12,25,1,25,1,25,1,34,1,34,1,34,1,41,1,41,1,41,1,32,1,32,1,32,1,4,25,32,34,41,-1,0,0,0,0,0,0,0,0,0,0,0,0,0,0,0,0,0,12,158,159,160,161,178,185,198,197,196,195,184,177,12,26,1,26,1,26,1,35,1,35,1,35,1,42,1,42,1,42,1,33,1,33,1,33,1,4,26,33,35,42,-1,0,0,0,0,0,0,0,0,0,0,0,0,0,0,0,0,0,12,161,162,163,164,179,186,201,200,199,198,185,178,12,27,1,27,1,27,1,36,1,36,1,36,1,43,1,43,1,43,1,34,1,34,1,34,1,4,27,34,36,43,-1,0,0,0,0,0,0,0,0,0,0,0,0,0,0,0,0,0,12,164,165,166,167,180,187,204,203,202,201,186,179,12,28,1,28,1,28,1,37,1,37,1,37,1,44,1,44,1,44,1,35,1,35,1,35,1,4,28,35,37,44,-1,0,0,0,0,0,0,0,0,0,0,0,0,0,0,0,0,0,12,167,168,169,170,181,188,207,206,205,204,187,180,12,29,1,29,1,29,1,38,1,38,1,38,1,45,1,45,1,45,1,36,1,36,1,36,1,4,29,36,38,45,-1,0,0,0,0,0,0,0,0,0,0,0,0,0,0,0,0,0,12,170,171,172,173,182,189,210,209,208,207,188,181,12,30,1,30,1,30,1,39,1,39,1,39,1,46,1,46,1,46,1,37,1,37,1,37,1,4,30,37,39,46,-1,0,0,0,0,0,0,0,0,0,0,0,0,0,0,0,0,0,10,173,174,175,11,12,212,211,210,189,182,10,31,1,31,1,31,1,-1,1,47,3,47,1,47,1,38,1,38,1,38,1,3,31,38,47,-1,0,0,0,0,0,0,0,0,0,0,0,0,0,0,0,0,0,8,5,190,191,192,213,220,21,6,8,32,3,32,1,32,1,41,1,41,1,41,1,-1,1,-1,3,2,32,41,-1,0,0,0,0,0,0,0,0,0,0,0,0,0,0,0,0,0,10,192,193,194,195,214,221,22,21,220,213,10,33,1,33,1,33,1,42,1,42,1,42,1,-1,1,40,3,40,1,40,1,3,33,40,42,-1,0,0,0,0,0,0,0,0,0,0,0,0,0,0,0,0,0,10,195,196,197,198,215,222,23,22,221,214,10,34,1,34,1,34,1,43,1,43,1,43,1,-1,1,41,3,41,1,41,1,3,34,41,43,-1,0,0,0,0,0,0,0,0,0,0,0,0,0,0,0,0,0,10,198,199,200,201,216,223,24,23,222,215,10,35,1,35,1,35,1,44,1,44,1,44,1,-1,1,42,3,42,1,42,1,3,35,42,44,-1,0,0,0,0,0,0,0,0,0,0,0,0,0,0,0,0,0,10,201,202,203,204,217,224,25,24,223,216,10,36,1,36,1,36,1,45,1,45,1,45,1,-1,1,43,3,43,1,43,1,3,36,43,45,-1,0,0,0,0,0,0,0,0,0,0,0,0,0,0,0,0,0,10,204,205,206,207,218,225,26,25,224,217,10,37,1,37,1,37,1,46,1,46,1,46,1,-1,1,44,3,44,1,44,1,3,37,44,46,-1,0,0,0,0,0,0,0,0,0,0,0,0,0,0,0,0,0,10,207,208,209,210,219,226,27,26,225,218,10,38,1,38,1,38,1,47,1,47,1,47,1,-1,1,45,3,45,1,45,1,3,38,45,47,-1,0,0,0,0,0,0,0,0,0,0,0,0,0,0,0,0,0,8,210,211,212,12,13,27,226,219,8,39,1,39,1,39,1,-1,1,-1,3,46,3,46,1,46,1,2,39,46,-1,0,0,0,0,0,0,0,0,0,0,0,7,7,7,7,24,18
