refine,0,8,1,0.0050000000000000001,0.29999999999999999,0.75,0,11,23,0,1000,11,23,0,1001,11,23,0,1002,11,23,0,1003,11,23,0,1004,11,23,0,1005,11,23,0,1006,11,23,0,1007,8,0,1,2,0,4,5,6,7,9,0,0,4,1000,5,1001,5,1002,0,1003,5,1004,5,1005,5,1006,5,1007,5000,5000.125,5000.25,5000.375,5000.5,5000.625,5000.75,5000.875,5001,5001.125,5001.25,5001.375,5001.5,5001.625,5001.75,5001.875,5002,5002.125,5002.25,5002.375,5002.5,5002.625,5002.75,5002.875,5003,5003.125,5003.25,5003.375,5003.5,5003.625,5003.75,5003.875,5004,5004.125,5004.25,5004.375,5004.5,5004.625,5004.75,5004.875,5005,5005.125,5005.25,5005.375,5005.5,5005.625,5005.75,5005.875,5006,5006.125,5006.25,5006.375,5006.5,5006.625,5006.75,5006.875,5007,5007.125,5007.25,5007.375,5007.5,5007.625,5007.75,5007.875,5008,5008.125,5008.25,5008.375,5008.5,5008.625,5008.75,5008.875
refine,1,9,2,0.01,0.69999999999999996,0.5,1,1,0.13,0,1000,3,1.1100000000000001,0,1001,5,1.0600000000000001,0,1002,7,1.1500000000000001,0,1003,9,1.3800000000000001,3,1004,11,1.7500000000000002,0,1005,13,3.4300000000000006,0,1006,15,4.0800000000000001,0,1007,17,4.8700000000000001,0,1008,9,0,1,2,3,4,5,6,7,8,8,0,8,7,6,5,4,3,2,8,1,0,5,1000,5,1001,2,5,5,1003,4,1004,5,1005,5,1006,2,2,5,1008,5000,5000.125,5000.25,5000.375,5000.5,5000.625,5000.75,5000.875,5001,5001.125,5001.25,5001.375,5001.5,5001.625,5001.75,5001.875,13,3.4300000000000006,14,3.7900000000000009,16,4.5099999999999998,17,4.8700000000000001,5003,5003.125,5003.25,5003.375,5003.5,5003.625,5003.75,5003.875,5004,5004.125,5004.25,5004.375,5004.5,5004.625,5004.75,5004.875,3,1.1100000000000001,4,1.1200000000000001,6,1.1400000000000001,7,1.1500000000000001,5006,5006.125,5006.25,5006.375,5006.5,5006.625,5006.75,5006.875,5007,5007.125,5007.25,5007.375,5007.5,5007.625,5007.75,5007.875,1000,1001,1002,1003,1004,1005,1006,1007,1008,1009,1010,1011,1012,1013,1014,1015,1016,1017,1018,1019,0,78,79,80,81,82,1020,1021,1022,1023,1024,1025,1026,1027,1028,1029,1030,1031,1032,1033,1034,1035,1036,1037,1038,1039,0,78,79,80,81,82,1040,1041,1042,1043,1044,1045,1046,1047,1048,1049,1050,1051,1052,1053,1054,1055,1056,1057,1058,1059,0,78,0,6,8,82,1060,1061,1062,1063,1064,1065,1066,1067,1068,1069,1070,1071,1072,1073,1074,1075,1076,1077,1078,1079,0,78,79,80,81,82,1080,1081,1082,1083,1084,1085,1086,1087,1088,1089,1090,1091,1092,1093,1094,1095,1096,1097,1098,1099,0,78,79,80,81,82,1100,1101,1102,1103,1104,1105,1106,1107,1108,1109,1110,1111,1112,1113,1114,1115,1116,1117,1118,1119,0,78,0,1,3,82,1120,1121,1122,1123,1124,1125,1126,1127,1128,1129,1130,1131,1132,1133,1134,1135,1136,1137,1138,1139,0,78,79,80,81,82,1140,1141,1142,1143,1144,1145,1146,1147,1148,1149,1150,1151,1152,1153,1154,1155,1156,1157,1158,1159,0,78,79,80,81,82
refine,2,10,3,0.014999999999999999,1.1000000000000001,0.5,2,2,0.26000000000000001,0,1000,4,0.070000000000000007,0,1001,6,1.1899999999999999,0,1002,8,1.2800000000000002,3,1003,10,1.5100000000000002,0,1004,12,1.8800000000000003,0,1005,14,3.5600000000000005,0,1006,16,4.21,0,1007,18,5,3,1008,20,5.9300000000000006,0,1009,10,0,1,2,3,4,5,6,7,8,9,9,0,9,8,7,6,5,4,3,2,8,2,3,4,5,6,7,8,9,8,0,0,5,1000,2,2,5,1002,4,1003,2,5,2,5,5,1006,2,6,4,1008,5,1009,5000,5000.125,5000.25,5000.375,5000.5,5000.625,5000.75,5000.875,5001,5001.125,5001.25,5001.375,5001.5,5001.625,5001.75,5001.875,2,0.26000000000000001,3,0.49249999999999999,5,0.95750000000000002,6,1.1899999999999999,5003,5003.125,5003.25,5003.375,5003.5,5003.625,5003.75,5003.875,5004,5004.125,5004.25,5004.375,5004.5,5004.625,5004.75,5004.875,8,1.2800000000000002,9.5,1.8500000000000003,12.5,2.9900000000000002,14,3.5600000000000005,14,3.5600000000000005,15,3.9200000000000004,17,4.6400000000000006,18,5,5007,5007.125,5007.25,5007.375,5007.5,5007.625,5007.75,5007.875
refine,3,11,1,0.02,1.5000000000000002,0.75,3,3,0.39000000000000001,0,1000,5,0.20000000000000001,0,1001,7,1.3200000000000001,3,1002,9,1.4100000000000001,0,1003,11,1.6400000000000001,0,1004,13,2.0100000000000002,0,1005,15,2.5200000000000005,0,1006,17,4.3399999999999999,3,1007,19,5.1300000000000008,0,1008,21,6.0600000000000005,0,1009,23,7.1300000000000008,0,1010,11,0,1,2,3,4,5,6,7,8,9,10,5,1,6,5,1000,2,1,4,1002,2,3,2,3,2,3,2,3,4,1007,2,0,2,0,2,0,17,4.3399999999999999,28.730593340278137,9.4084271888580044,24.063926673611469,8.091760522191338,3,0.39000000000000412,3,0.39000000000000001,4,0.62250000000000005,6,1.0874999999999999,7,1.3200000000000001,5002,5002.125,5002.25,5002.375,5002.5,5002.625,5002.75,5002.875,7,1.3200000000000001,10.392932063952202,1.7200150236985141,14.721003677140379,1.1991995434038663,17,4.3399999999999999,5004,5004.125,5004.25,5004.375,5004.5,5004.625,5004.75,5004.875,-0.00069191780020522176,-0.00023885281566621286,1002,1003,0.44568481837165896,0,1006,1007,0,0.44568481837165896,1010,1011,1012,1013,1014,1015,1016,1017,1018,1019,2,78,0,7,11,82,1020,1021,1022,1023,1024,1025,1026,1027,1028,1029,1030,1031,1032,1033,1034,1035,1036,1037,1038,1039,0,78,0,0,2,82,1040,1041,1042,1043,1044,1045,1046,1047,1048,1049,1050,1051,1052,1053,1054,1055,1056,1057,1058,1059,0,78,79,80,81,82,-0.00020785864127745649,-3.4400300473885759e-005,-0.00029442007354185673,-2.3983990868114979e-005,0.91171140426528219,0,0.67885682690791305,0,0,0.91171140426528219,0,0.67885682690791305,0.67885682690791305,0,0.84709154100053052,0,0,0.67885682690791305,0,0.84709154100053052,4,78,0,2,7,82,1080,1081,1082,1083,1084,1085,1086,1087,1088,1089,1090,1091,1092,1093,1094,1095,1096,1097,1098,1099,0,78,79,80,81,82
refine,4,12,2,0.0050000000000000001,1.9000000000000001,0.5,4,4,0.52000000000000002,0,1000,6,0.33000000000000002,0,1001,8,0.28000000000000003,0,1002,10,1.54,0,1003,12,1.77,0,1004,14,2.1400000000000001,0,1005,16,2.6500000000000004,0,1006,18,4.4700000000000006,0,1007,20,5.2600000000000007,0,1008,22,6.1900000000000013,0,1009,24,7.2600000000000007,0,1010,26,8.4700000000000006,0,1011,12,0,1,2,3,4,5,6,7,8,9,10,11,11,0,11,10,9,8,7,6,5,4,3,2,3,0,0,4,1000,2,0,2,0,2,0,2,0,2,0,2,0,5,1007,2,1,2,1,2,1,2,1,4,0.52000000000000002,8.7314444881196174,0.40514553316953866,14.188203576131237,1.4783764348314103,18,4.4700000000000006,18,4.4700000000000006,27.475931644913675,7.7165313142560343,42.928621865770104,20.420195435134449,4,0.52000000000000002,5002,5002.125,5002.25,5002.375,5002.5,5002.625,5002.75,5002.875
refine,5,13,3,0.01,2.2999999999999998,0.5,5,5,0.65000000000000002,3,1000,7,0.46000000000000002,0,1001,9,0.41000000000000003,0,1002,11,1.6700000000000002,0,1003,13,1.9000000000000001,0,1004,15,2.2700000000000005,3,1005,17,2.7800000000000002,0,1006,19,3.4300000000000002,0,1007,21,5.3900000000000006,0,1008,23,6.3200000000000012,0,1009,25,7.3900000000000006,3,1010,27,8.6000000000000014,0,1011,29,11.120000000000001,0,1012,13,0,1,2,0,4,5,6,7,8,9,10,11,12,12,0,12,11,0,9,8,7,6,5,4,3,2,11,2,3,4,2,6,7,8,9,10,11,12,11,1,4,4,1000,2,0,4,0,2,9,4,2,4,1005,2,4,2,4,2,4,2,4,4,1010,2,6,5,1012,5,0.65000000000000002,6,0.59000000000000008,8,0.46999999999999997,9,0.41000000000000003,5001,5001.125,5001.25,5001.375,5001.5,5001.625,5001.75,5001.875,5002,5002.125,5002.25,5002.375,5002.5,5002.625,5002.75,5002.875,5003,5003.125,5003.25,5003.375,5003.5,5003.625,5003.75,5003.875,15,2.2700000000000005,19.145327410168612,2.4562016184311424,21.218099124637437,6.2311026424602636,25,7.3900000000000006,5005,5005.125,5005.25,5005.375,5005.5,5005.625,5005.75,5005.875,25,7.3900000000000006,26,8.3225000000000016,28,10.1875,29,11.120000000000001,5007,5007.125,5007.25,5007.375,5007.5,5007.625,5007.75,5007.875,5008,5008.125,5008.25,5008.375,5008.5,5008.625,5008.75,5008.875,13,1.9000000000000001,12,1.5275000000000001,10,0.78249999999999997,9,0.41000000000000003,5010,5010.125,5010.25,5010.375,5010.5,5010.625,5010.75,5010.875,1000,1001,1002,1003,1004,1005,1006,1007,1008,1009,1010,1011,1012,1013,1014,1015,1016,1017,1018,1019,0,78,0,0,2,82,1020,1021,1022,1023,1024,1025,1026,1027,1028,1029,1030,1031,1032,1033,1034,1035,1036,1037,1038,1039,0,78,79,80,81,82,1040,1041,1042,1043,1044,1045,1046,1047,1048,1049,1050,1051,1052,1053,1054,1055,1056,1057,1058,1059,0,78,79,80,81,82,1060,1061,1062,1063,1064,1065,1066,1067,1068,1069,1070,1071,1072,1073,1074,1075,1076,1077,1078,1079,0,78,79,80,81,82,-0.00038290654819859819,-4.9124032368935006e-005,-0.00042436198249419521,-0.00012462205284882732,0.8284403978197733,0,0.5970126359266319,0,0,0.8284403978197733,0,0.5970126359266319,0.5970126359266319,0,0.81167243911609865,0,0,0.5970126359266319,0,0.81167243911609865,4,78,0,5,10,82,1100,1101,1102,1103,1104,1105,1106,1107,1108,1109,1110,1111,1112,1113,1114,1115,1116,1117,1118,1119,0,78,79,80,81,82,1120,1121,1122,1123,1124,1125,1126,1127,1128,1129,1130,1131,1132,1133,1134,1135,1136,1137,1138,1139,0,78,0,10,12,82,1140,1141,1142,1143,1144,1145,1146,1147,1148,1149,1150,1151,1152,1153,1154,1155,1156,1157,1158,1159,0,78,79,80,81,82,1160,1161,1162,1163,1164,1165,1166,1167,1168,1169,1170,1171,1172,1173,1174,1175,1176,1177,1178,1179,0,78,79,80,81,82,1180,1181,1182,1183,1184,1185,1186,1187,1188,1189,1190,1191,1192,1193,1194,1195,1196,1197,1198,1199,0,78,1,9,11,82,1200,1201,1202,1203,1204,1205,1206,1207,1208,1209,1210,1211,1212,1213,1214,1215,1216,1217,1218,1219,0,78,79,80,81,82
refine,6,14,1,0.014999999999999999,2.7000000000000002,0.75,6,6,0.78000000000000003,0,1000,8,0.59000000000000008,0,1001,10,0.54000000000000004,0,1002,12,0.63000000000000012,0,1003,14,2.0300000000000002,3,1004,16,2.4000000000000004,0,1005,18,2.9100000000000006,0,1006,20,3.5600000000000001,0,1007,22,5.5200000000000005,0,1008,24,6.4500000000000011,3,1009,26,7.5200000000000014,0,1010,28,8.7300000000000004,0,1011,30,10.080000000000002,0,1012,32,12.740000000000002,0,1013,14,0,1,2,3,4,5,6,7,8,9,10,11,12,13,5,0,0,2,1,2,1,2,1,2,1,4,1004,2,3,2,3,2,3,2,3,4,1009,2,0,2,0,2,0,5,1013,24,6.4500000000000011,27.332462190765842,7.7725067040641722,29.999128857432506,9.869173370730838,31.999999999999986,12.739999999999998,32,12.740000000000002,-22.573373366884489,18.46597576980847,4.6221171649832407,-5.9884161113506336,14,2.0300000000000002,5002,5002.125,5002.25,5002.375,5002.5,5002.625,5002.75,5002.875,14,2.0300000000000002,18.072258721425396,2.0080464033986494,20.796786752907803,4.5802941733377169,24,6.4500000000000011,5004,5004.125,5004.25,5004.375,5004.5,5004.625,5004.75,5004.875
refine,7,15,2,0.02,0.29999999999999999,0.5,7,7,0.91000000000000003,0,1000,9,0.71999999999999997,0,1001,11,0.67000000000000004,0,1002,13,0.76000000000000012,3,1003,15,2.1600000000000001,0,1004,17,2.5300000000000002,0,1005,19,3.0400000000000005,0,1006,21,3.6900000000000004,0,1007,23,4.4800000000000004,3,1008,25,6.580000000000001,0,1009,27,7.6500000000000012,0,1010,29,8.8600000000000012,0,1011,31,10.210000000000003,0,1012,33,12.870000000000001,3,1013,35,14.5,0,1014,15,0,1,2,3,4,5,6,7,8,9,10,11,12,13,14,14,0,14,13,12,11,10,9,8,7,6,5,4,3,2,7,1,10,2,1,2,1,2,1,4,1003,2,3,2,3,2,3,2,3,4,1008,2,5,2,5,2,5,2,5,4,1013,5,1014,5000,5000.125,5000.25,5000.375,5000.5,5000.625,5000.75,5000.875,35,14.5,4.8360394449517763,4.7415141793222695,-2.4972938883815559,0.16151417932226764,13.000000000000004,0.75999999999999446,5002,5002.125,5002.25,5002.375,5002.5,5002.625,5002.75,5002.875,13,0.76000000000000012,15.735876827353215,3.2789266631872556,19.886109642083021,2.5541145363182283,23,4.4800000000000004,5004,5004.125,5004.25,5004.375,5004.5,5004.625,5004.75,5004.875,23,4.4800000000000004,25.516279894440761,8.2636810255417306,31.146187094449882,8.3950140522100369,33,12.870000000000001,5006,5006.125,5006.25,5006.375,5006.5,5006.625,5006.75,5006.875,1000,1001,1002,1003,1004,1005,1006,1007,1008,1009,1010,1011,1012,1013,1014,1015,1016,1017,1018,1019,0,78,79,80,81,82,0.00020491881665599121,2.7545746154062495e-006,1022,1023,0.24207594135292698,0,1026,1027,0,0.24207594135292698,1030,1031,1032,1033,1034,1035,1036,1037,1038,1039,2,78,0,14,18,82,1040,1041,1042,1043,1044,1045,1046,1047,1048,1049,1050,1051,1052,1053,1054,1055,1056,1057,1058,1059,0,78,79,80,81,82,-0.00031471753654494991,-6.5578533263648681e-005,-0.00039772219284097202,-5.1082290726048307e-005,0.87112275485911772,0,0.6720797054099692,0,0,0.87112275485911772,0,0.6720797054099692,0.6720797054099692,0,0.88113436855435812,0,0,0.6720797054099692,0,0.88113436855435812,4,78,0,3,8,82,1080,1081,1082,1083,1084,1085,1086,1087,1088,1089,1090,1091,1092,1093,1094,1095,1096,1097,1098,1099,0,78,79,80,81,82,-0.00051032559788418113,-0.00016527362051002407,-0.0006229237418884097,-0.00016790028104612248,0.94416281291322424,0,0.71881490014245797,0,0,0.94416281291322424,0,0.71881490014245797,0.71881490014245797,0,0.88593723431099813,0,0,0.71881490014245797,0,0.88593723431099813,4,78,0,8,13,82,1120,1121,1122,1123,1124,1125,1126,1127,1128,1129,1130,1131,1132,1133,1134,1135,1136,1137,1138,1139,0,78,79,80,81,82
refine,8,16,3,0.0050000000000000001,0.69999999999999996,0.5,8,8,1.04,0,1000,10,0.85000000000000009,0,1001,12,0.80000000000000004,0,1002,14,0.89000000000000012,0,1003,16,1.1200000000000001,0,1004,18,2.6600000000000001,0,1005,20,3.1700000000000004,0,1006,22,3.8200000000000003,0,1007,24,4.6100000000000003,0,1008,26,6.7100000000000009,0,1009,28,7.7800000000000011,0,1010,30,8.9900000000000002,0,1011,32,10.340000000000002,0,1012,34,11.830000000000002,0,1013,36,14.630000000000001,0,1014,38,16.400000000000002,0,1015,16,0,1,2,3,4,5,6,7,8,9,10,11,12,13,14,15,15,0,15,14,13,12,11,10,9,8,7,6,5,4,3,2,14,2,3,4,5,6,7,8,9,10,11,12,13,14,15,3,0,0,4,1000,2,0,2,0,2,0,2,0,2,0,2,0,2,0,2,0,2,0,2,0,2,0,2,0,2,0,2,0,5,1015,8,1.04,19.89041899665866,-0.25992329247144025,30.178770212819458,8.3304561588209278,38,16.400000000000002,5001,5001.125,5001.25,5001.375,5001.5,5001.625,5001.75,5001.875,5002,5002.125,5002.25,5002.375,5002.5,5002.625,5002.75,5002.875
refine,9,17,1,0.01,1.1000000000000001,0.75,9,9,0,0,1000,11,0.97999999999999998,3,1001,13,0.93000000000000005,0,1002,15,1.02,0,1003,17,1.25,0,1004,19,2.79,0,1005,21,3.3000000000000007,3,1006,23,3.9500000000000002,0,1007,25,4.7400000000000002,0,1008,27,5.6700000000000008,0,1009,29,7.910000000000001,0,1010,31,9.120000000000001,3,1011,33,10.470000000000002,0,1012,35,11.960000000000003,0,1013,37,14.760000000000002,0,1014,39,16.530000000000001,0,1015,41,18.440000000000001,3,1016,17,0,1,2,3,4,5,6,7,8,9,10,11,12,13,14,15,16,9,1,12,5,1000,4,1001,2,3,2,3,2,3,2,3,4,1006,2,5,2,5,2,5,2,5,4,1011,2,7,2,7,2,7,2,7,4,1016,5000,5000.125,5000.25,5000.375,5000.5,5000.625,5000.75,5000.875,5001,5001.125,5001.25,5001.375,5001.5,5001.625,5001.75,5001.875,5002,5002.125,5002.25,5002.375,5002.5,5002.625,5002.75,5002.875,11,0.97999999999999998,14.820649479902372,0.11268332308254657,17.746064701344313,2.0118381649258006,21,3.3000000000000007,5004,5004.125,5004.25,5004.375,5004.5,5004.625,5004.75,5004.875,21,3.3000000000000007,25.185904715776253,3.8840704135944004,27.815496094939999,6.8488578917650749,31,9.120000000000001,5006,5006.125,5006.25,5006.375,5006.5,5006.625,5006.75,5006.875,31,9.120000000000001,35.311328027789401,11.191728479998066,37.207751678969117,15.706079171724765,41,18.440000000000001,5008,5008.125,5008.25,5008.375,5008.5,5008.625,5008.75,5008.875,1000,1001,1002,1003,1004,1005,1006,1007,1008,1009,1010,1011,1012,1013,1014,1015,1016,1017,1018,1019,0,78,79,80,81,82,1020,1021,1022,1023,1024,1025,1026,1027,1028,1029,1030,1031,1032,1033,1034,1035,1036,1037,1038,1039,0,78,79,80,81,82,1040,1041,1042,1043,1044,1045,1046,1047,1048,1049,1050,1051,1052,1053,1054,1055,1056,1057,1058,1059,0,78,79,80,81,82,-0.00029641298960081039,-2.2536664619071667e-006,-0.00035492129402847628,-4.0236763298756584e-005,0.88264052724790787,0,0.63368350020691988,0,0,0.88264052724790787,0,0.63368350020691988,0.63368350020691988,0,0.79258944245066665,0,0,0.63368350020691988,0,0.79258944245066665,4,78,0,1,6,82,1080,1081,1082,1083,1084,1085,1086,1087,1088,1089,1090,1091,1092,1093,1094,1095,1096,1097,1098,1099,0,78,79,80,81,82,-0.0005037180943256829,-7.7681408274077324e-005,-0.00055630992190265627,-0.00013697715783839159,0.89617038334433186,0,0.62297720698280823,0,0,0.89617038334433186,0,0.62297720698280823,0.62297720698280823,0,0.75974423042737615,0,0,0.62297720698280823,0,0.75974423042737615,4,78,0,6,11,82,1120,1121,1122,1123,1124,1125,1126,1127,1128,1129,1130,1131,1132,1133,1134,1135,1136,1137,1138,1139,0,78,79,80,81,82,-0.00070622656056417918,-0.00022383456960463344,-0.00074415503358442325,-0.00031412158343925578,0.82621004509833273,0,0.59061707521079632,0,0,0.82621004509833273,0,0.59061707521079632,0.59061707521079632,0,0.80386373897709829,0,0,0.59061707521079632,0,0.80386373897709829,4,78,0,11,16,82,1160,1161,1162,1163,1164,1165,1166,1167,1168,1169,1170,1171,1172,1173,1174,1175,1176,1177,1178,1179,0,78,79,80,81,82
refine,10,18,2,0.014999999999999999,1.5000000000000002,0.5,10,10,0.13,3,1000,12,1.1100000000000001,0,1001,14,1.0600000000000001,0,1002,16,1.1500000000000001,0,1003,18,1.3800000000000001,0,1004,20,1.7500000000000002,3,1005,22,3.4300000000000006,0,1006,24,4.0800000000000001,0,1007,26,4.8700000000000001,0,1008,28,5.8000000000000007,0,1009,30,8.0400000000000009,3,1010,32,9.25,0,1011,34,10.600000000000001,0,1012,36,12.090000000000002,0,1013,38,13.720000000000001,0,1014,40,16.66,3,1015,42,18.57,0,1016,44,20.620000000000001,0,1017,18,0,1,2,0,4,5,6,7,8,9,10,11,12,13,14,15,16,17,17,0,17,16,0,14,13,12,11,10,9,8,7,6,5,4,3,2,14,0,0,4,1000,2,0,4,1002,2,12,4,3,4,1005,2,5,2,5,2,5,2,5,4,1010,2,7,2,7,2,7,2,7,4,1015,2,9,5,1017,10,0.13,11,0.36250000000000004,13,0.82750000000000001,14,1.0600000000000001,5001,5001.125,5001.25,5001.375,5001.5,5001.625,5001.75,5001.875,5002,5002.125,5002.25,5002.375,5002.5,5002.625,5002.75,5002.875,5003,5003.125,5003.25,5003.375,5003.5,5003.625,5003.75,5003.875,5004,5004.125,5004.25,5004.375,5004.5,5004.625,5004.75,5004.875,20,1.7500000000000002,22.589196998542608,5.0462245076042,28.046257532594534,3.9003240585956727,30,8.0400000000000009,5006,5006.125,5006.25,5006.375,5006.5,5006.625,5006.75,5006.875,30,8.0400000000000009,33.650863285658389,10.450454335157181,37.973951495259058,12.537778609131482,40,16.66,5008,5008.125,5008.25,5008.375,5008.5,5008.625,5008.75,5008.875,40,16.66,41,17.650000000000002,43,19.629999999999999,44,20.620000000000001,5010,5010.125,5010.25,5010.375,5010.5,5010.625,5010.75,5010.875,5011,5011.125,5011.25,5011.375,5011.5,5011.625,5011.75,5011.875,18,1.3800000000000001,17,1.3000000000000003,15,1.1400000000000001,14,1.0600000000000001,5013,5013.125,5013.25,5013.375,5013.5,5013.625,5013.75,5013.875
refine,11,19,3,0.02,1.9000000000000001,0.5,11,11,23,0,1000,11,23,0,1001,11,23,0,1002,11,23,0,1003,11,23,3,1004,11,23,0,1005,11,23,0,1006,11,23,0,1007,11,23,0,1008,11,23,3,1009,11,23,0,1010,11,23,0,1011,11,23,0,1012,11,23,0,1013,11,23,3,1014,11,23,0,1015,11,23,0,1016,11,23,0,1017,11,23,0,1018,19,0,1,2,3,4,5,6,7,8,9,10,11,12,13,14,15,16,17,18,18,0,18,17,16,15,14,13,12,11,10,9,8,7,6,5,4,3,2,17,2,3,4,5,6,7,8,9,10,11,12,13,14,15,16,17,18,6,1,12,2,0,2,0,2,0,2,0,4,1004,2,2,2,2,2,2,2,2,4,1009,2,4,2,4,2,4,2,4,4,1014,2,0,2,0,2,0,2,0,11,23,0,0,0,0,11,23,5001,5001.125,5001.25,5001.375,5001.5,5001.625,5001.75,5001.875,11,23,0,0,0,0,11,23,5003,5003.125,5003.25,5003.375,5003.5,5003.625,5003.75,5003.875,11,23,0,0,0,0,11,23,5005,5005.125,5005.25,5005.375,5005.5,5005.625,5005.75,5005.875,0,0,0,0,1.0000000000000001e-005,0,0,0,0,1.0000000000000001e-005,0,0,0,0,1.0000000000000001e-005,0,0,0,0,1.0000000000000001e-005,4,78,0,14,23,82,1020,1021,1022,1023,1024,1025,1026,1027,1028,1029,1030,1031,1032,1033,1034,1035,1036,1037,1038,1039,0,78,79,80,81,82,0,0,0,0,1.0000000000000001e-005,0,0,0,0,1.0000000000000001e-005,0,0,0,0,1.0000000000000001e-005,0,0,0,0,1.0000000000000001e-005,4,78,0,4,9,82,1060,1061,1062,1063,1064,1065,1066,1067,1068,1069,1070,1071,1072,1073,1074,1075,1076,1077,1078,1079,0,78,79,80,81,82,0,0,0,0,1.0000000000000001e-005,0,0,0,0,1.0000000000000001e-005,0,0,0,0,1.0000000000000001e-005,0,0,0,0,1.0000000000000001e-005,4,78,0,9,14,82,1100,1101,1102,1103,1104,1105,1106,1107,1108,1109,1110,1111,1112,1113,1114,1115,1116,1117,1118,1119,0,78,79,80,81,82
refine,12,20,1,0.0050000000000000001,2.2999999999999998,0.75,12,12,0.39000000000000001,0,1000,14,0.20000000000000001,0,1001,16,1.3200000000000001,0,1002,18,1.4100000000000001,0,1003,20,1.6400000000000001,0,1004,22,2.0100000000000002,0,1005,24,2.5200000000000005,0,1006,26,4.3399999999999999,0,1007,28,5.1300000000000008,0,1008,30,6.0600000000000005,0,1009,32,7.1300000000000008,0,1010,34,9.5100000000000016,0,1011,36,10.860000000000001,0,1012,38,12.350000000000001,0,1013,40,13.98,0,1014,42,15.750000000000002,0,1015,44,18.830000000000002,0,1016,46,20.879999999999999,0,1017,48,23.070000000000004,0,1018,50,25.400000000000002,0,1019,20,0,1,2,3,4,5,6,7,8,9,10,11,12,13,14,15,16,17,18,19,3,0,0,4,1000,2,0,2,0,2,0,2,0,2,0,2,0,2,0,2,0,2,0,2,0,2,0,5,1012,2,1,2,1,2,1,2,1,2,1,2,1,2,1,12,0.39000000000000001,20.820184797877527,0.84173906738486604,29.540707876371801,4.4995533006468174,36,10.860000000000001,36,10.860000000000001,51.986336691795458,22.811320109726534,73.275678887214539,59.16912451652243,12,0.39000000000000001,5002,5002.125,5002.25,5002.375,5002.5,5002.625,5002.75,5002.875
refine,13,21,2,0.01,2.7000000000000002,0.5,0,13,0.52000000000000002,0,1000,15,0.33000000000000002,0,1001,17,0.28000000000000003,3,1002,19,1.54,0,1003,21,1.77,0,1004,23,2.1400000000000001,0,1005,25,2.6500000000000004,0,1006,27,4.4700000000000006,3,1007,29,5.2600000000000007,0,1008,31,6.1900000000000013,0,1009,33,7.2600000000000007,0,1010,35,8.4700000000000006,0,1011,37,10.990000000000002,3,1012,39,12.480000000000002,0,1013,41,14.110000000000001,0,1014,43,15.880000000000003,0,1015,45,18.960000000000001,0,1016,47,21.010000000000002,3,1017,49,23.200000000000003,0,1018,51,25.530000000000005,0,1019,53,28.000000000000004,0,1020,21,0,1,2,3,4,5,6,7,8,9,10,11,12,13,14,15,16,17,18,19,20,20,0,20,19,18,17,16,15,14,13,12,11,10,9,8,7,6,5,4,3,2,25,1,0,5,1000,5,1001,4,1002,5,1003,5,1004,5,1005,5,1006,4,1007,5,1008,5,1009,5,1010,5,1011,4,1012,5,1013,5,1014,5,1015,5,1016,4,1017,5,1018,5,1019,5,1020,5000,5000.125,5000.25,5000.375,5000.5,5000.625,5000.75,5000.875,5001,5001.125,5001.25,5001.375,5001.5,5001.625,5001.75,5001.875,5002,5002.125,5002.25,5002.375,5002.5,5002.625,5002.75,5002.875,5003,5003.125,5003.25,5003.375,5003.5,5003.625,5003.75,5003.875,5004,5004.125,5004.25,5004.375,5004.5,5004.625,5004.75,5004.875,5005,5005.125,5005.25,5005.375,5005.5,5005.625,5005.75,5005.875,5006,5006.125,5006.25,5006.375,5006.5,5006.625,5006.75,5006.875,5007,5007.125,5007.25,5007.375,5007.5,5007.625,5007.75,5007.875,5008,5008.125,5008.25,5008.375,5008.5,5008.625,5008.75,5008.875,5009,5009.125,5009.25,5009.375,5009.5,5009.625,5009.75,5009.875,5010,5010.125,5010.25,5010.375,5010.5,5010.625,5010.75,5010.875,5011,5011.125,5011.25,5011.375,5011.5,5011.625,5011.75,5011.875,5012,5012.125,5012.25,5012.375,5012.5,5012.625,5012.75,5012.875,5013,5013.125,5013.25,5013.375,5013.5,5013.625,5013.75,5013.875,5014,5014.125,5014.25,5014.375,5014.5,5014.625,5014.75,5014.875,5015,5015.125,5015.25,5015.375,5015.5,5015.625,5015.75,5015.875,5016,5016.125,5016.25,5016.375,5016.5,5016.625,5016.75,5016.875,5017,5017.125,5017.25,5017.375,5017.5,5017.625,5017.75,5017.875,5018,5018.125,5018.25,5018.375,5018.5,5018.625,5018.75,5018.875,5019,5019.125,5019.25,5019.375,5019.5,5019.625,5019.75,5019.875,5020,5020.125,5020.25,5020.375,5020.5,5020.625,5020.75,5020.875,5021,5021.125,5021.25,5021.375,5021.5,5021.625,5021.75,5021.875,5022,5022.125,5022.25,5022.375,5022.5,5022.625,5022.75,5022.875,5023,5023.125,5023.25,5023.375,5023.5,5023.625,5023.75,5023.875,5024,5024.125,5024.25,5024.375,5024.5,5024.625,5024.75,5024.875,1000,1001,1002,1003,1004,1005,1006,1007,1008,1009,1010,1011,1012,1013,1014,1015,1016,1017,1018,1019,0,78,79,80,81,82,1020,1021,1022,1023,1024,1025,1026,1027,1028,1029,1030,1031,1032,1033,1034,1035,1036,1037,1038,1039,0,78,79,80,81,82,1040,1041,1042,1043,1044,1045,1046,1047,1048,1049,1050,1051,1052,1053,1054,1055,1056,1057,1058,1059,0,78,79,80,81,82,1060,1061,1062,1063,1064,1065,1066,1067,1068,1069,1070,1071,1072,1073,1074,1075,1076,1077,1078,1079,0,78,79,80,81,82,1080,1081,1082,1083,1084,1085,1086,1087,1088,1089,1090,1091,1092,1093,1094,1095,1096,1097,1098,1099,0,78,79,80,81,82,1100,1101,1102,1103,1104,1105,1106,1107,1108,1109,1110,1111,1112,1113,1114,1115,1116,1117,1118,1119,0,78,79,80,81,82,1120,1121,1122,1123,1124,1125,1126,1127,1128,1129,1130,1131,1132,1133,1134,1135,1136,1137,1138,1139,0,78,79,80,81,82,1140,1141,1142,1143,1144,1145,1146,1147,1148,1149,1150,1151,1152,1153,1154,1155,1156,1157,1158,1159,0,78,79,80,81,82,1160,1161,1162,1163,1164,1165,1166,1167,1168,1169,1170,1171,1172,1173,1174,1175,1176,1177,1178,1179,0,78,79,80,81,82,1180,1181,1182,1183,1184,1185,1186,1187,1188,1189,1190,1191,1192,1193,1194,1195,1196,1197,1198,1199,0,78,79,80,81,82,1200,1201,1202,1203,1204,1205,1206,1207,1208,1209,1210,1211,1212,1213,1214,1215,1216,1217,1218,1219,0,78,79,80,81,82,1220,1221,1222,1223,1224,1225,1226,1227,1228,1229,1230,1231,1232,1233,1234,1235,1236,1237,1238,1239,0,78,79,80,81,82,1240,1241,1242,1243,1244,1245,1246,1247,1248,1249,1250,1251,1252,1253,1254,1255,1256,1257,1258,1259,0,78,79,80,81,82,1260,1261,1262,1263,1264,1265,1266,1267,1268,1269,1270,1271,1272,1273,1274,1275,1276,1277,1278,1279,0,78,79,80,81,82,1280,1281,1282,1283,1284,1285,1286,1287,1288,1289,1290,1291,1292,1293,1294,1295,1296,1297,1298,1299,0,78,79,80,81,82,1300,1301,1302,1303,1304,1305,1306,1307,1308,1309,1310,1311,1312,1313,1314,1315,1316,1317,1318,1319,0,78,79,80,81,82,1320,1321,1322,1323,1324,1325,1326,1327,1328,1329,1330,1331,1332,1333,1334,1335,1336,1337,1338,1339,0,78,79,80,81,82,1340,1341,1342,1343,1344,1345,1346,1347,1348,1349,1350,1351,1352,1353,1354,1355,1356,1357,1358,1359,0,78,79,80,81,82,1360,1361,1362,1363,1364,1365,1366,1367,1368,1369,1370,1371,1372,1373,1374,1375,1376,1377,1378,1379,0,78,79,80,81,82,1380,1381,1382,1383,1384,1385,1386,1387,1388,1389,1390,1391,1392,1393,1394,1395,1396,1397,1398,1399,0,78,79,80,81,82,1400,1401,1402,1403,1404,1405,1406,1407,1408,1409,1410,1411,1412,1413,1414,1415,1416,1417,1418,1419,0,78,79,80,81,82,1420,1421,1422,1423,1424,1425,1426,1427,1428,1429,1430,1431,1432,1433,1434,1435,1436,1437,1438,1439,0,78,79,80,81,82,1440,1441,1442,1443,1444,1445,1446,1447,1448,1449,1450,1451,1452,1453,1454,1455,1456,1457,1458,1459,0,78,79,80,81,82,1460,1461,1462,1463,1464,1465,1466,1467,1468,1469,1470,1471,1472,1473,1474,1475,1476,1477,1478,1479,0,78,79,80,81,82,1480,1481,1482,1483,1484,1485,1486,1487,1488,1489,1490,1491,1492,1493,1494,1495,1496,1497,1498,1499,0,78,79,80,81,82
refine,14,22,3,0.014999999999999999,0.29999999999999999,0.5,1,14,0.65000000000000002,0,1000,16,0.46000000000000002,3,1001,18,0.41000000000000003,0,1002,20,1.6700000000000002,0,1003,22,1.9000000000000001,0,1004,24,2.2700000000000005,0,1005,26,2.7800000000000002,3,1006,28,3.4300000000000002,0,1007,30,5.3900000000000006,0,1008,32,6.3200000000000012,0,1009,34,7.3900000000000006,0,1010,36,8.6000000000000014,3,1011,38,11.120000000000001,0,1012,40,12.610000000000001,0,1013,42,14.24,0,1014,44,16.010000000000002,0,1015,46,17.920000000000002,3,1016,48,21.140000000000001,0,1017,50,23.330000000000002,0,1018,52,25.660000000000004,0,1019,54,28.130000000000003,0,1020,56,31.910000000000004,3,1021,22,0,1,2,3,4,5,6,7,8,9,10,11,12,13,14,15,16,17,18,19,20,21,21,0,21,20,19,18,17,16,15,14,13,12,11,10,9,8,7,6,5,4,3,2,20,2,3,4,5,6,7,8,9,10,11,12,13,14,15,16,17,18,19,20,21,22,0,0,5,1000,4,1001,5,1002,5,1003,2,5,5,1005,4,1006,5,1007,5,1008,2,10,5,1010,4,1011,5,1012,2,14,5,1014,2,15,4,1016,5,1017,2,18,5,1019,5,1020,4,1021,5000,5000.125,5000.25,5000.375,5000.5,5000.625,5000.75,5000.875,5001,5001.125,5001.25,5001.375,5001.5,5001.625,5001.75,5001.875,5002,5002.125,5002.25,5002.375,5002.5,5002.625,5002.75,5002.875,5003,5003.125,5003.25,5003.375,5003.5,5003.625,5003.75,5003.875,5004,5004.125,5004.25,5004.375,5004.5,5004.625,5004.75,5004.875,20,1.6700000000000002,21,1.8200000000000003,23,2.1200000000000006,24,2.2700000000000005,5006,5006.125,5006.25,5006.375,5006.5,5006.625,5006.75,5006.875,5007,5007.125,5007.25,5007.375,5007.5,5007.625,5007.75,5007.875,5008,5008.125,5008.25,5008.375,5008.5,5008.625,5008.75,5008.875,5009,5009.125,5009.25,5009.375,5009.5,5009.625,5009.75,5009.875,30,5.3900000000000006,31,5.8900000000000006,33,6.8900000000000006,34,7.3900000000000006,5011,5011.125,5011.25,5011.375,5011.5,5011.625,5011.75,5011.875,5012,5012.125,5012.25,5012.375,5012.5,5012.625,5012.75,5012.875,5013,5013.125,5013.25,5013.375,5013.5,5013.625,5013.75,5013.875,38,11.120000000000001,39,11.9,41,13.460000000000001,42,14.24,42,14.24,43,15.16,45,17,46,17.920000000000002,5016,5016.125,5016.25,5016.375,5016.5,5016.625,5016.75,5016.875,5017,5017.125,5017.25,5017.375,5017.5,5017.625,5017.75,5017.875,48,21.140000000000001,49,22.270000000000003,51,24.530000000000005,52,25.660000000000004,5019,5019.125,5019.25,5019.375,5019.5,5019.625,5019.75,5019.875,5020,5020.125,5020.25,5020.375,5020.5,5020.625,5020.75,5020.875,5021,5021.125,5021.25,5021.375,5021.5,5021.625,5021.75,5021.875
refine,15,23,1,0.02,0.69999999999999996,0.75,2,15,0.78000000000000003,3,1000,17,0.59000000000000008,0,1001,19,0.54000000000000004,0,1002,21,0.63000000000000012,0,1003,23,2.0300000000000002,0,1004,25,2.4000000000000004,3,1005,27,2.9100000000000006,0,1006,29,3.5600000000000001,0,1007,31,5.5200000000000005,0,1008,33,6.4500000000000011,0,1009,35,7.5200000000000014,3,1010,37,8.7300000000000004,0,1011,39,10.080000000000002,0,1012,41,12.740000000000002,0,1013,43,14.370000000000001,0,1014,45,16.140000000000001,3,1015,47,18.050000000000001,0,1016,49,21.27,0,1017,51,23.460000000000004,0,1018,53,25.790000000000003,0,1019,55,28.260000000000005,3,1020,57,30.870000000000005,0,1021,59,34.789999999999999,0,1022,23,0,1,2,0,4,5,6,7,8,9,10,11,12,13,14,15,16,17,18,19,20,21,22,18,1,0,4,1000,2,0,5,1002,0,1003,2,3,4,1005,2,5,5,1007,5,1008,2,7,4,1010,2,9,2,9,5,1013,2,10,4,1015,2,12,5,1017,2,13,2,13,4,1020,2,15,5,1022,15,0.78000000000000003,16,0.71999999999999997,18,0.60000000000000009,19,0.54000000000000004,5001,5001.125,5001.25,5001.375,5001.5,5001.625,5001.75,5001.875,5002,5002.125,5002.25,5002.375,5002.5,5002.625,5002.75,5002.875,15,0.78000000000000003,17.5,1.1850000000000001,22.5,1.9950000000000003,25,2.4000000000000004,5004,5004.125,5004.25,5004.375,5004.5,5004.625,5004.75,5004.875,25,2.4000000000000004,26,2.6900000000000004,28,3.27,29,3.5600000000000001,5006,5006.125,5006.25,5006.375,5006.5,5006.625,5006.75,5006.875,31,5.5200000000000005,32,6.0200000000000014,34,7.0200000000000005,35,7.5200000000000014,5008,5008.125,5008.25,5008.375,5008.5,5008.625,5008.75,5008.875,35,7.5200000000000014,36.5,8.8250000000000011,39.5,11.435000000000002,41,12.740000000000002,41,12.740000000000002,42,13.590000000000002,44,15.290000000000001,45,16.140000000000001,5011,5011.125,5011.25,5011.375,5011.5,5011.625,5011.75,5011.875,45,16.140000000000001,46,17.422499999999999,48,19.987500000000001,49,21.27,49,21.27,50.5,23.017500000000002,53.5,26.512500000000003,55,28.260000000000005,5014,5014.125,5014.25,5014.375,5014.5,5014.625,5014.75,5014.875,55,28.260000000000005,56,29.892500000000005,58,33.157499999999999,59,34.789999999999999,5016,5016.125,5016.25,5016.375,5016.5,5016.625,5016.75,5016.875,5017,5017.125,5017.25,5017.375,5017.5,5017.625,5017.75,5017.875,1000,1001,1002,1003,1004,1005,1006,1007,1008,1009,1010,1011,1012,1013,1014,1015,1016,1017,1018,1019,0,78,0,0,2,82,1020,1021,1022,1023,1024,1025,1026,1027,1028,1029,1030,1031,1032,1033,1034,1035,1036,1037,1038,1039,0,78,79,80,81,82,1040,1041,1042,1043,1044,1045,1046,1047,1048,1049,1050,1051,1052,1053,1054,1055,1056,1057,1058,1059,0,78,79,80,81,82,1060,1061,1062,1063,1064,1065,1066,1067,1068,1069,1070,1071,1072,1073,1074,1075,1076,1077,1078,1079,0,78,0,3,5,82,1080,1081,1082,1083,1084,1085,1086,1087,1088,1089,1090,1091,1092,1093,1094,1095,1096,1097,1098,1099,0,78,79,80,81,82,1100,1101,1102,1103,1104,1105,1106,1107,1108,1109,1110,1111,1112,1113,1114,1115,1116,1117,1118,1119,0,78,0,5,7,82,1120,1121,1122,1123,1124,1125,1126,1127,1128,1129,1130,1131,1132,1133,1134,1135,1136,1137,1138,1139,0,78,79,80,81,82,1140,1141,1142,1143,1144,1145,1146,1147,1148,1149,1150,1151,1152,1153,1154,1155,1156,1157,1158,1159,0,78,0,8,10,82,1160,1161,1162,1163,1164,1165,1166,1167,1168,1169,1170,1171,1172,1173,1174,1175,1176,1177,1178,1179,0,78,79,80,81,82,1180,1181,1182,1183,1184,1185,1186,1187,1188,1189,1190,1191,1192,1193,1194,1195,1196,1197,1198,1199,0,78,0,10,13,82,1200,1201,1202,1203,1204,1205,1206,1207,1208,1209,1210,1211,1212,1213,1214,1215,1216,1217,1218,1219,0,78,0,13,15,82,1220,1221,1222,1223,1224,1225,1226,1227,1228,1229,1230,1231,1232,1233,1234,1235,1236,1237,1238,1239,0,78,79,80,81,82,1240,1241,1242,1243,1244,1245,1246,1247,1248,1249,1250,1251,1252,1253,1254,1255,1256,1257,1258,1259,0,78,0,15,17,82,1260,1261,1262,1263,1264,1265,1266,1267,1268,1269,1270,1271,1272,1273,1274,1275,1276,1277,1278,1279,0,78,0,17,20,82,1280,1281,1282,1283,1284,1285,1286,1287,1288,1289,1290,1291,1292,1293,1294,1295,1296,1297,1298,1299,0,78,79,80,81,82,1300,1301,1302,1303,1304,1305,1306,1307,1308,1309,1310,1311,1312,1313,1314,1315,1316,1317,1318,1319,0,78,0,20,22,82,1320,1321,1322,1323,1324,1325,1326,1327,1328,1329,1330,1331,1332,1333,1334,1335,1336,1337,1338,1339,0,78,79,80,81,82,1340,1341,1342,1343,1344,1345,1346,1347,1348,1349,1350,1351,1352,1353,1354,1355,1356,1357,1358,1359,0,78,79,80,81,82
refine,16,24,2,0.0050000000000000001,1.1000000000000001,0.5,3,16,0.91000000000000003,0,1000,18,0.71999999999999997,0,1001,20,0.67000000000000004,0,1002,22,0.76000000000000012,0,1003,24,2.1600000000000001,0,1004,26,2.5300000000000002,0,1005,28,3.0400000000000005,0,1006,30,3.6900000000000004,0,1007,32,4.4800000000000004,0,1008,34,6.580000000000001,0,1009,36,7.6500000000000012,0,1010,38,8.8600000000000012,0,1011,40,10.210000000000003,0,1012,42,12.870000000000001,0,1013,44,14.5,0,1014,46,16.270000000000003,0,1015,48,18.180000000000003,0,1016,50,20.23,0,1017,52,23.590000000000003,0,1018,54,25.920000000000002,0,1019,56,28.390000000000004,0,1020,58,31.000000000000004,0,1021,60,34.920000000000002,0,1022,62,37.810000000000002,0,1023,24,0,1,2,3,4,5,6,7,8,9,10,11,12,13,14,15,16,17,18,19,20,21,22,23,23,0,23,22,21,20,19,18,17,16,15,14,13,12,11,10,9,8,7,6,5,4,3,2,7,0,0,4,1000,2,0,2,0,2,0,5,1004,2,1,2,1,2,1,2,1,5,1009,2,2,2,2,2,2,5,1013,2,3,2,3,2,3,2,3,2,3,2,3,5,1020,2,4,2,4,5,1023,16,0.91000000000000003,18.989142608800829,0.089084181044890021,21.655809275467494,0.50575084771155676,24,2.1600000000000001,24,2.1600000000000001,27.487060346712209,3.027203605461859,31.857478038621849,3.2157553611613205,34,6.580000000000001,34,6.580000000000001,37.332341339649197,7.9025051329996581,39.999008006315869,9.9991717996663247,42,12.870000000000001,42,12.870000000000001,47.999151487191725,16.851179833720888,51.499456489837222,23.012750653042183,56,28.390000000000004,56,28.390000000000004,57.5,30.745000000000005,60.5,35.455000000000005,62,37.810000000000002,5005,5005.125,5005.25,5005.375,5005.5,5005.625,5005.75,5005.875,5006,5006.125,5006.25,5006.375,5006.5,5006.625,5006.75,5006.875
refine,17,25,3,0.01,1.5000000000000002,0.5,4,17,1.04,0,1000,19,0.85000000000000009,0,1001,21,0.80000000000000004,0,1002,23,0.89000000000000012,3,1003,25,1.1200000000000001,0,1004,27,2.6600000000000001,0,1005,29,3.1700000000000004,0,1006,31,3.8200000000000003,0,1007,33,4.6100000000000003,3,1008,35,6.7100000000000009,0,1009,37,7.7800000000000011,0,1010,39,8.9900000000000002,0,1011,41,10.340000000000002,0,1012,43,11.830000000000002,3,1013,45,14.630000000000001,0,1014,47,16.400000000000002,0,1015,49,18.310000000000002,0,1016,51,20.359999999999999,0,1017,53,23.720000000000002,3,1018,55,26.050000000000004,0,1019,57,28.520000000000003,0,1020,59,31.130000000000006,0,1021,61,33.880000000000003,0,1022,63,37.939999999999998,3,1023,65,40.970000000000006,0,1024,25,0,1,2,3,4,5,6,7,8,9,10,11,12,13,14,15,16,17,18,19,20,21,22,23,24,24,0,24,23,22,21,20,19,18,17,16,15,14,13,12,11,10,9,8,7,6,5,4,3,2,23,2,3,4,5,6,7,8,9,10,11,12,13,14,15,16,17,18,19,20,21,22,23,24,10,1,20,2,0,2,0,2,0,4,1003,2,2,2,2,2,2,2,2,4,1008,2,4,2,4,2,4,2,4,4,1013,2,6,2,6,2,6,2,6,4,1018,2,8,2,8,2,8,2,8,4,1023,2,0,63,37.939999999999998,81.32201297938046,62.324943009722723,-9.2786451580354417,-3.5884586012114128,23,0.89000000000000012,5001,5001.125,5001.25,5001.375,5001.5,5001.625,5001.75,5001.875,23,0.89000000000000012,26.420973499984878,1.6095535122112046,29.405547287484985,3.7837072225110036,33,4.6100000000000003,5003,5003.125,5003.25,5003.375,5003.5,5003.625,5003.75,5003.875,33,4.6100000000000003,35.564855526262669,7.9635272172841844,40.01125708481262,8.904586325990401,43,11.830000000000002,5005,5005.125,5005.25,5005.375,5005.5,5005.625,5005.75,5005.875,43,11.830000000000002,45.510829079613394,16.491398102197067,51.125663818786769,18.572102114452999,53,23.720000000000002,5007,5007.125,5007.25,5007.375,5007.5,5007.625,5007.75,5007.875,53,23.720000000000002,56.652422937485746,28.201731612855024,60.840294268342113,32.470703832305112,63,37.939999999999998,5009,5009.125,5009.25,5009.375,5009.5,5009.625,5009.75,5009.875,-0.0016264402595856482,-0.0012464988601941518,0.00018557290315981967,7.1769172024394035e-005,0.038042260245463311,0,0.012962918340344885,0,0,0.038042260245463311,0,0.012962918340344885,0.012962918340344885,0,0.14506736946444329,0,0,0.012962918340344885,0,0.14506736946444329,4,78,0,23,28,82,1020,1021,1022,1023,1024,1025,1026,1027,1028,1029,1030,1031,1032,1033,1034,1035,1036,1037,1038,1039,0,78,79,80,81,82,-0.00052841946999743553,-3.2191070243745706e-005,-0.00058811094575009909,-7.5674144450393888e-005,0.80816270023220604,0,0.63697358125073189,0,0,0.80816270023220604,0,0.63697358125073189,0.63697358125073189,0,0.87044425424717542,0,0,0.63697358125073189,0,0.87044425424717542,4,78,0,3,8,82,1060,1061,1062,1063,1064,1065,1066,1067,1068,1069,1070,1071,1072,1073,1074,1075,1076,1077,1078,1079,0,78,79,80,81,82,-0.00071129711053336854,-0.00015927054434382651,-0.00080022514170165204,-0.00017809172652139688,0.88045264026100167,0,0.68197259927451803,0,0,0.88045264026100167,0,0.68197259927451803,0.68197259927451803,0,0.8881182065403147,0,0,0.68197259927451803,0,0.8881182065403147,4,78,0,8,13,82,1100,1101,1102,1103,1104,1105,1106,1107,1108,1109,1110,1111,1112,1113,1114,1115,1116,1117,1118,1119,0,78,79,80,81,82,-0.00091021658158086641,-0.00032982796203903479,-0.0010225132763638351,-0.00037144204228567283,0.94376467421252075,0,0.71828552066784179,0,0,0.94376467421252075,0,0.71828552066784179,0.71828552066784179,0,0.88583474278254815,0,0,0.71828552066784179,0,0.88583474278254815,4,78,0,13,18,82,1140,1141,1142,1143,1144,1145,1146,1147,1148,1149,1150,1151,1152,1153,1154,1155,1156,1157,1158,1159,0,78,79,80,81,82,-0.0011330484587538832,-0.0005640346322443885,-0.0012168058853721173,-0.00064941407664081269,0.92112417639273314,0,0.67471154972351921,0,0,0.92112417639273314,0,0.67471154972351921,0.67471154972351921,0,0.82741034323742502,0,0,0.67471154972351921,0,0.82741034323742502,4,78,0,18,23,82,1180,1181,1182,1183,1184,1185,1186,1187,1188,1189,1190,1191,1192,1193,1194,1195,1196,1197,1198,1199,0,78,79,80,81,82
refine,18,26,1,0.014999999999999999,1.9000000000000001,0.75,5,18,0,0,1000,20,0.97999999999999998,0,1001,22,0.93000000000000005,3,1002,24,1.02,0,1003,26,1.25,0,1004,28,2.79,0,1005,30,3.3000000000000007,0,1006,32,3.9500000000000002,3,1007,34,4.7400000000000002,0,1008,36,5.6700000000000008,0,1009,38,7.910000000000001,0,1010,40,9.120000000000001,0,1011,42,10.470000000000002,3,1012,44,11.960000000000003,0,1013,46,14.760000000000002,0,1014,48,16.530000000000001,0,1015,50,18.440000000000001,0,1016,52,20.490000000000002,3,1017,54,22.680000000000003,0,1018,56,26.180000000000003,0,1019,58,28.650000000000002,0,1020,60,31.260000000000005,0,1021,62,34.010000000000005,3,1022,64,38.07,0,1023,66,41.100000000000009,0,1024,68,44.27000000000001,0,1025,26,0,1,2,3,4,5,6,7,8,9,10,11,12,13,14,15,16,17,18,19,20,21,22,23,24,25,11,0,0,5,1000,2,1,4,1002,2,3,2,3,2,3,2,3,4,1007,2,5,2,5,2,5,2,5,4,1012,2,7,2,7,2,7,2,7,4,1017,2,9,2,9,2,9,2,9,4,1022,2,0,2,0,2,0,62,34.010000000000005,79.002293629340699,61.760037717269675,64.335626962674027,50.423371050603009,17.999999999999972,0,18,0,19,0.23250000000000001,21,0.69750000000000001,22,0.93000000000000005,5002,5002.125,5002.25,5002.375,5002.5,5002.625,5002.75,5002.875,22,0.93000000000000005,25.919923519731949,0.19151506147198502,28.27238048506134,3.5765669961729936,32,3.9500000000000002,5004,5004.125,5004.25,5004.375,5004.5,5004.625,5004.75,5004.875,32,3.9500000000000002,36.237841724086309,4.7712666643456991,38.202640678564961,8.7830142705900762,42,10.470000000000002,5006,5006.125,5006.25,5006.375,5006.5,5006.625,5006.75,5006.875,42,10.470000000000002,45.570097298276551,13.504659832946,48.383206523940991,17.376842226415324,52,20.490000000000002,5008,5008.125,5008.25,5008.375,5008.5,5008.625,5008.75,5008.875,52,20.490000000000002,55.57242040136223,24.783184592168563,58.409889448291267,29.662855468234085,62,34.010000000000005,5010,5010.125,5010.25,5010.375,5010.5,5010.625,5010.75,5010.875
refine,19,27,2,0.02,2.2999999999999998,0.5,6,19,0.13,0,1000,21,1.1100000000000001,3,1001,23,1.0600000000000001,0,1002,25,1.1500000000000001,0,1003,27,1.3800000000000001,0,1004,29,1.7500000000000002,0,1005,31,3.4300000000000006,3,1006,33,4.0800000000000001,0,1007,35,4.8700000000000001,0,1008,37,5.8000000000000007,0,1009,39,8.0400000000000009,0,1010,41,9.25,3,1011,43,10.600000000000001,0,1012,45,12.090000000000002,0,1013,47,13.720000000000001,0,1014,49,16.66,0,1015,51,18.57,3,1016,53,20.620000000000001,0,1017,55,22.810000000000002,0,1018,57,26.310000000000002,0,1019,59,28.780000000000005,0,1020,61,31.390000000000004,3,1021,63,34.140000000000001,0,1022,65,37.030000000000001,0,1023,67,41.230000000000004,0,1024,69,44.400000000000006,0,1025,71,47.710000000000008,3,1026,27,0,1,2,3,4,5,6,7,8,9,10,11,12,13,14,15,16,17,18,19,20,21,22,23,24,25,26,26,0,26,25,24,23,22,21,20,19,18,17,16,15,14,13,12,11,10,9,8,7,6,5,4,3,2,13,1,20,5,1000,4,1001,2,3,2,3,2,3,2,3,4,1006,2,5,2,5,2,5,2,5,4,1011,2,7,2,7,2,7,2,7,4,1016,2,9,2,9,2,9,2,9,4,1021,2,11,2,11,2,11,2,11,4,1026,5000,5000.125,5000.25,5000.375,5000.5,5000.625,5000.75,5000.875,5001,5001.125,5001.25,5001.375,5001.5,5001.625,5001.75,5001.875,5002,5002.125,5002.25,5002.375,5002.5,5002.625,5002.75,5002.875,21,1.1100000000000001,24.342574144285187,1.2914236477923304,28.627980526232427,0.40509239073801728,31,3.4300000000000006,5004,5004.125,5004.25,5004.375,5004.5,5004.625,5004.75,5004.875,31,3.4300000000000006,35.185811281264748,4.0140691989457506,37.815309465602105,6.9788554655836847,41,9.25,5006,5006.125,5006.25,5006.375,5006.5,5006.625,5006.75,5006.875,41,9.25,45.294639573195717,11.369396919240016,47.837381904059043,15.242957025336299,51,18.57,5008,5008.125,5008.25,5008.375,5008.5,5008.625,5008.75,5008.875,51,18.57,55.279999793368162,22.112693771677225,57.246997705804738,27.380934411604819,61,31.390000000000004,5010,5010.125,5010.25,5010.375,5010.5,5010.625,5010.75,5010.875,61,31.390000000000004,65.199520400604257,36.304541118311462,67.29459633282427,42.460692125360943,71,47.710000000000008,5012,5012.125,5012.25,5012.375,5012.5,5012.625,5012.75,5012.875,1000,1001,1002,1003,1004,1005,1006,1007,1008,1009,1010,1011,1012,1013,1014,1015,1016,1017,1018,1019,0,78,79,80,81,82,1020,1021,1022,1023,1024,1025,1026,1027,1028,1029,1030,1031,1032,1033,1034,1035,1036,1037,1038,1039,0,78,79,80,81,82,1040,1041,1042,1043,1044,1045,1046,1047,1048,1049,1050,1051,1052,1053,1054,1055,1056,1057,1058,1059,0,78,79,80,81,82,-0.00048685148288722321,-2.5828472955808507e-005,-0.00057255961052201515,-8.1018478148148221e-006,0.905671069732502,0,0.67726966475662809,0,0,0.905671069732502,0,0.67726966475662809,0.67726966475662809,0,0.85171516047805773,0,0,0.67726966475662809,0,0.85171516047805773,4,78,0,1,6,82,1080,1081,1082,1083,1084,1085,1086,1087,1088,1089,1090,1091,1092,1093,1094,1095,1096,1097,1098,1099,0,78,79,80,81,82,-0.00070371622563810202,-8.0281383979544096e-005,-0.00075630618931921134,-0.00013957710931286615,0.89617038334433186,0,0.62297720698280823,0,0,0.89617038334433186,0,0.62297720698280823,0.62297720698280823,0,0.75974423042737615,0,0,0.62297720698280823,0,0.75974423042737615,4,78,0,6,11,82,1120,1121,1122,1123,1124,1125,1126,1127,1128,1129,1130,1131,1132,1133,1134,1135,1136,1137,1138,1139,0,78,79,80,81,82,-0.00090589279146837537,-0.00022738793838427904,-0.00095674763807346297,-0.0003048591405103579,0.89842477068275362,0,0.61961079897289184,0,0,0.89842477068275362,0,0.61961079897289184,0.61961079897289184,0,0.7520961545538779,0,0,0.61961079897289184,0,0.7520961545538779,4,78,0,11,16,82,1160,1161,1162,1163,1164,1165,1166,1167,1168,1169,1170,1171,1172,1173,1174,1175,1176,1177,1178,1179,0,78,79,80,81,82,-0.0011055999958664055,-0.00044225387544033316,-0.0011449399541114819,-0.0005476186882305209,0.82862162041292653,0,0.59346154213914382,0,0,0.82862162041292653,0,0.59346154213914382,0.59346154213914382,0,0.80513964813350292,0,0,0.59346154213914382,0,0.80513964813350292,4,78,0,16,21,82,1200,1201,1202,1203,1204,1205,1206,1207,1208,1209,1210,1211,1212,1213,1214,1215,1216,1217,1218,1219,0,78,79,80,81,82,-0.0013039904080223898,-0.00072609082236878633,-0.0013458919266706171,-0.00084921384251307463,0.83195530445908439,0,0.59838977257464898,0,0,0.83195530445908439,0,0.59838977257464898,0.59838977257464898,0,0.80870178298005968,0,0,0.59838977257464898,0,0.80870178298005968,4,78,0,21,26,82,1240,1241,1242,1243,1244,1245,1246,1247,1248,1249,1250,1251,1252,1253,1254,1255,1256,1257,1258,1259,0,78,79,80,81,82
refine,20,28,3,0.0050000000000000001,2.7000000000000002,0.5,7,20,0.26000000000000001,0,1000,22,0.070000000000000007,0,1001,24,1.1899999999999999,0,1002,26,1.2800000000000002,0,1003,28,1.5100000000000002,0,1004,30,1.8800000000000003,0,1005,32,3.5600000000000005,0,1006,34,4.21,0,1007,36,5,0,1008,38,5.9300000000000006,0,1009,40,7.0000000000000009,0,1010,42,9.3800000000000008,0,1011,44,10.730000000000002,0,1012,46,12.220000000000002,0,1013,48,13.850000000000001,0,1014,50,16.790000000000003,0,1015,52,18.700000000000003,0,1016,54,20.75,0,1017,56,22.940000000000005,0,1018,58,25.270000000000003,0,1019,60,28.910000000000004,0,1020,62,31.520000000000003,0,1021,64,34.270000000000003,0,1022,66,37.160000000000004,0,1023,68,41.360000000000007,0,1024,70,44.530000000000008,0,1025,72,47.840000000000011,0,1026,74,51.290000000000006,0,1027,28,0,1,2,0,4,5,6,7,8,9,10,11,12,13,14,15,16,17,18,19,20,21,22,23,24,25,26,27,27,0,27,26,0,24,23,22,21,20,19,18,17,16,15,14,13,12,11,10,9,8,7,6,5,4,3,2,26,2,3,4,2,6,7,8,9,10,11,12,13,14,15,16,17,18,19,20,21,22,23,24,25,26,27,6,0,0,4,1000,2,2,4,2,2,4,4,0,2,0,2,0,2,0,2,0,2,0,2,0,2,0,2,0,2,0,2,0,2,0,2,0,2,0,2,0,5,1019,2,1,2,1,2,1,2,1,2,1,2,1,2,1,2,1,28,1.5100000000000002,40.543120230581494,5.2944395809432816,49.558257012413648,15.453139117906378,58,25.270000000000003,58,25.270000000000003,75.824022649943359,52.065661128643868,107.39681047650475,106.38057395711195,20,0.26000000000000001,20,0.26000000000000001,21,0.49249999999999999,23,0.95750000000000002,24,1.1899999999999999,5003,5003.125,5003.25,5003.375,5003.5,5003.625,5003.75,5003.875,28,1.5100000000000002,27,1.4300000000000002,25,1.27,24,1.1899999999999999,5005,5005.125,5005.25,5005.375,5005.5,5005.625,5005.75,5005.875
refine,21,29,1,0.01,0.29999999999999999,0.75,8,21,0.39000000000000001,0,1000,23,0.20000000000000001,0,1001,25,1.3200000000000001,0,1002,27,1.4100000000000001,0,1003,29,1.6400000000000001,3,1004,31,2.0100000000000002,0,1005,33,2.5200000000000005,0,1006,35,4.3399999999999999,0,1007,37,5.1300000000000008,0,1008,39,6.0600000000000005,3,1009,41,7.1300000000000008,0,1010,43,9.5100000000000016,0,1011,45,10.860000000000001,0,1012,47,12.350000000000001,0,1013,49,13.98,3,1014,51,15.750000000000002,0,1015,53,18.830000000000002,0,1016,55,20.879999999999999,0,1017,57,23.070000000000004,0,1018,59,25.400000000000002,3,1019,61,29.040000000000003,0,1020,63,31.650000000000006,0,1021,65,34.400000000000006,0,1022,67,37.289999999999999,0,1023,69,40.320000000000007,3,1024,71,44.660000000000004,0,1025,73,47.970000000000006,0,1026,75,51.420000000000009,0,1027,77,55.010000000000005,0,1028,29,0,1,2,3,4,5,6,7,8,9,10,11,12,13,14,15,16,17,18,19,20,21,22,23,24,25,26,27,28,13,1,20,5,1000,5,1001,5,1002,2,3,4,1004,2,5,2,5,2,5,2,5,4,1009,2,7,2,7,2,7,2,7,4,1014,2,9,2,9,2,9,2,9,4,1019,2,11,2,11,2,11,2,11,4,1024,2,0,2,0,2,0,2,0,69,40.320000000000007,82.108819419813074,68.323632833403934,115.44537177652636,102.71817947998335,21,0.39000000000000001,5001,5001.125,5001.25,5001.375,5001.5,5001.625,5001.75,5001.875,5002,5002.125,5002.25,5002.375,5002.5,5002.625,5002.75,5002.875,25,1.3200000000000001,26,1.3999999999999999,28,1.5600000000000001,29,1.6400000000000001,5004,5004.125,5004.25,5004.375,5004.5,5004.625,5004.75,5004.875,29,1.6400000000000001,33.08168507825544,1.5118929817783682,35.231495755555358,5.1645630133518532,39,6.0600000000000005,5006,5006.125,5006.25,5006.375,5006.5,5006.625,5006.75,5006.875,39,6.0600000000000005,42.548142115926538,8.3233708375581781,45.374447875620341,11.621482244761241,49,13.98,5008,5008.125,5008.25,5008.375,5008.5,5008.625,5008.75,5008.875,49,13.98,52.574661150800878,17.522279561252404,55.392860917921681,21.789913482930839,59,25.400000000000002,5010,5010.125,5010.25,5010.375,5010.5,5010.625,5010.75,5010.875,59,25.400000000000002,61.627214741876834,30.818590117437989,66.01796689271319,35.100857731293154,69,40.320000000000007,5012,5012.125,5012.25,5012.375,5012.5,5012.625,5012.75,5012.875,-0.001642176388398379,-0.0013664726566676444,-0.0023089074355321076,-0.0020543635895994561,0.57643133964124738,0,0.09490283873226267,0,0,0.57643133964124738,0,0.09490283873226267,0.09490283873226267,0,0.017171532735916612,0,0,0.09490283873226267,0,0.017171532735916612,4,78,0,24,29,82,1020,1021,1022,1023,1024,1025,1026,1027,1028,1029,1030,1031,1032,1033,1034,1035,1036,1037,1038,1039,0,78,79,80,81,82,1040,1041,1042,1043,1044,1045,1046,1047,1048,1049,1050,1051,1052,1053,1054,1055,1056,1057,1058,1059,0,78,79,80,81,82,1060,1061,1062,1063,1064,1065,1066,1067,1068,1069,1070,1071,1072,1073,1074,1075,1076,1077,1078,1079,0,78,0,2,4,82,1080,1081,1082,1083,1084,1085,1086,1087,1088,1089,1090,1091,1092,1093,1094,1095,1096,1097,1098,1099,0,78,79,80,81,82,-0.00066163370155726021,-3.0237859635004471e-005,-0.00070462991511645312,-0.00010329126026720203,0.82963717636307899,0,0.59991340314045027,0,0,0.82963717636307899,0,0.59991340314045027,0.59991340314045027,0,0.81471804190903174,0,0,0.59991340314045027,0,0.81471804190903174,4,78,0,4,9,82,1120,1121,1122,1123,1124,1125,1126,1127,1128,1129,1130,1131,1132,1133,1134,1135,1136,1137,1138,1139,0,78,79,80,81,82,-0.00085096284232502942,-0.00016646741675277119,-0.00090748895752844339,-0.0002324296448960872,0.79683745019746066,0,0.63378568841221328,0,0,0.79683745019746066,0,0.63378568841221328,0.63378568841221328,0,0.87025988816105448,0,0,0.63378568841221328,0,0.87025988816105448,4,78,0,9,14,82,1160,1161,1162,1163,1164,1165,1166,1167,1168,1169,1170,1171,1172,1173,1174,1175,1176,1177,1178,1179,0,78,79,80,81,82,-0.0010514932230287523,-0.00035044559122885538,-0.00110785721836483,-0.00043579826966210627,0.79835194615361449,0,0.6337107352795841,0,0,0.79835194615361449,0,0.6337107352795841,0.6337107352795841,0,0.86823273454466776,0,0,0.6337107352795841,0,0.86823273454466776,4,78,0,14,19,82,1200,1201,1202,1203,1204,1205,1206,1207,1208,1209,1210,1211,1212,1213,1214,1215,1216,1217,1218,1219,0,78,79,80,81,82,-0.0012325442948431867,-0.00061637180235387008,-0.0013203593378603926,-0.00070201715463534542,0.88167788352143517,0,0.68003320579687077,0,0,0.88167788352143517,0,0.68003320579687077,0.68003320579687077,0,0.88408378033534951,0,0,0.68003320579687077,0,0.88408378033534951,4,78,0,19,24,82,1240,1241,1242,1243,1244,1245,1246,1247,1248,1249,1250,1251,1252,1253,1254,1255,1256,1257,1258,1259,0,78,79,80,81,82
refine,22,30,2,0.014999999999999999,0.69999999999999996,0.5,9,11,23,0,1000,11,23,0,1001,11,23,0,1002,11,23,3,1003,11,23,0,1004,11,23,0,1005,11,23,0,1006,11,23,0,1007,11,23,3,1008,11,23,0,1009,11,23,0,1010,11,23,0,1011,11,23,0,1012,11,23,3,1013,11,23,0,1014,11,23,0,1015,11,23,0,1016,11,23,0,1017,11,23,3,1018,11,23,0,1019,11,23,0,1020,11,23,0,1021,11,23,0,1022,11,23,3,1023,11,23,0,1024,11,23,0,1025,11,23,0,1026,11,23,0,1027,11,23,3,1028,11,23,0,1029,30,0,1,2,3,4,5,6,7,8,9,10,11,12,13,14,15,16,17,18,19,20,21,22,23,24,25,26,27,28,29,29,0,29,28,27,26,25,24,23,22,21,20,19,18,17,16,15,14,13,12,11,10,9,8,7,6,5,4,3,2,12,0,0,2,0,2,0,2,0,4,1003,2,2,2,2,2,2,2,2,4,1008,2,4,2,4,2,4,2,4,4,1013,2,6,2,6,2,6,2,6,4,1018,2,8,2,8,2,8,2,8,4,1023,2,10,2,10,2,10,2,10,4,1028,2,0,11,23,0,0,0,0,11,23,5001,5001.125,5001.25,5001.375,5001.5,5001.625,5001.75,5001.875,11,23,0,0,0,0,11,23,5003,5003.125,5003.25,5003.375,5003.5,5003.625,5003.75,5003.875,11,23,0,0,0,0,11,23,5005,5005.125,5005.25,5005.375,5005.5,5005.625,5005.75,5005.875,11,23,0,0,0,0,11,23,5007,5007.125,5007.25,5007.375,5007.5,5007.625,5007.75,5007.875,11,23,0,0,0,0,11,23,5009,5009.125,5009.25,5009.375,5009.5,5009.625,5009.75,5009.875,11,23,0,0,0,0,11,23,5011,5011.125,5011.25,5011.375,5011.5,5011.625,5011.75,5011.875
refine,23,31,3,0.02,1.1000000000000001,0.5,10,23,0.65000000000000002,0,1000,25,0.46000000000000002,0,1001,27,0.41000000000000003,3,1002,29,1.6700000000000002,0,1003,31,1.9000000000000001,0,1004,33,2.2700000000000005,0,1005,35,2.7800000000000002,0,1006,37,3.4300000000000002,3,1007,39,5.3900000000000006,0,1008,41,6.3200000000000012,0,1009,43,7.3900000000000006,0,1010,45,8.6000000000000014,0,1011,47,11.120000000000001,3,1012,49,12.610000000000001,0,1013,51,14.24,0,1014,53,16.010000000000002,0,1015,55,17.920000000000002,0,1016,57,21.140000000000001,3,1017,59,23.330000000000002,0,1018,61,25.660000000000004,0,1019,63,28.130000000000003,0,1020,65,31.910000000000004,0,1021,67,34.660000000000004,3,1022,69,37.550000000000004,0,1023,71,40.580000000000005,0,1024,73,43.750000000000007,0,1025,75,48.230000000000004,0,1026,77,51.680000000000007,3,1027,79,55.270000000000003,0,1028,81,59.000000000000007,0,1029,83,64.040000000000006,0,1030,31,0,1,2,3,4,5,6,7,8,9,10,11,12,13,14,15,16,17,18,19,20,21,22,23,24,25,26,27,28,29,30,30,0,30,29,28,27,26,25,24,23,22,21,20,19,18,17,16,15,14,13,12,11,10,9,8,7,6,5,4,3,2,29,2,3,4,5,6,7,8,9,10,11,12,13,14,15,16,17,18,19,20,21,22,23,24,25,26,27,28,29,30,13,1,22,5,1000,2,1,4,1002,2,3,2,3,2,3,2,3,4,1007,2,5,2,5,2,5,2,5,4,1012,2,7,2,7,2,7,2,7,4,1017,2,9,2,9,2,9,2,9,4,1022,2,11,2,11,2,11,2,11,4,1027,2,0,2,0,2,0,77,51.680000000000007,96.518347480657454,87.840826924057396,78.518347480657454,70.830826924057391,23,0.65000000000000568,23,0.65000000000000002,24,0.59000000000000008,26,0.46999999999999997,27,0.41000000000000003,5002,5002.125,5002.25,5002.375,5002.5,5002.625,5002.75,5002.875,27,0.41000000000000003,29.798266389649136,2.7560035603476787,33.846158811643598,1.7096509007592515,37,3.4300000000000002,5004,5004.125,5004.25,5004.375,5004.5,5004.625,5004.75,5004.875,37,3.4300000000000002,39.532671324106111,7.0489196932524658,45.125267313982981,6.7608488782341523,47,11.120000000000001,5006,5006.125,5006.25,5006.375,5006.5,5006.625,5006.75,5006.875,47,11.120000000000001,50.666084994885487,14.05650614838652,54.955180278307658,16.714517980421309,57,21.140000000000001,5008,5008.125,5008.25,5008.375,5008.5,5008.625,5008.75,5008.875,57,21.140000000000001,61.239368598332589,24.997509124329738,63.844200083110024,30.004344335300651,67,34.660000000000004,5010,5010.125,5010.25,5010.375,5010.5,5010.625,5010.75,5010.875,67,34.660000000000004,71.148779251900464,39.867076961443281,73.841779331134006,45.893065952952384,77,51.680000000000007,5012,5012.125,5012.25,5012.375,5012.5,5012.625,5012.75,5012.875,-0.0021255504244218903,-0.002118424807721675,1002,1003,0.16883191704678283,0,1006,1007,0,0.16883191704678283,1010,1011,1012,1013,1014,1015,1016,1017,1018,1019,2,78,0,27,31,82,1020,1021,1022,1023,1024,1025,1026,1027,1028,1029,1030,1031,1032,1033,1034,1035,1036,1037,1038,1039,0,78,0,0,2,82,1040,1041,1042,1043,1044,1045,1046,1047,1048,1049,1050,1051,1052,1053,1054,1055,1056,1057,1058,1059,0,78,79,80,81,82,-0.00059596532779846324,-5.5120071207628851e-005,-0.00067692317624642312,-3.4193018015701848e-005,0.8680795291600415,0,0.66866472192959447,0,0,0.8680795291600415,0,0.66866472192959447,0.66866472192959447,0,0.87844111324159335,0,0,0.66866472192959447,0,0.87844111324159335,4,78,0,2,7,82,1080,1081,1082,1083,1084,1085,1086,1087,1088,1089,1090,1091,1092,1093,1094,1095,1096,1097,1098,1099,0,78,79,80,81,82,-0.00079065342647194337,-0.00014097839386241484,-0.00090250534628160458,-0.0001352169775657077,0.94259421240499786,0,0.71767720001617885,0,0,0.94259421240499786,0,0.71767720001617885,0.71767720001617885,0,0.88566068823439237,0,0,0.71767720001617885,0,0.88566068823439237,4,78,0,7,12,82,1120,1121,1122,1123,1124,1125,1126,1127,1128,1129,1130,1131,1132,1133,1134,1135,1136,1137,1138,1139,0,78,79,80,81,82,-0.0010133216998991553,-0.00028113012296528822,-0.0010991036055680511,-0.0003342903596090345,0.92818491046281071,0,0.67818256611439109,0,0,0.92818491046281071,0,0.67818256611439109,0.67818256611439109,0,0.82446349288571541,0,0,0.67818256611439109,0,0.82446349288571541,4,78,0,12,17,82,1160,1161,1162,1163,1164,1165,1166,1167,1168,1169,1170,1171,1172,1173,1174,1175,1176,1177,1178,1179,0,78,79,80,81,82,-0.0012247873719620772,-0.00049995018248124093,-0.0012768840016469107,-0.00060008688670457055,0.89580349728641928,0,0.62174725713719958,0,0,0.89580349728641928,0,0.62174725713719958,0.62174725713719958,0,0.75897445243866646,0,0,0.62174725713719958,0,0.75897445243866646,4,78,0,17,22,82,1200,1201,1202,1203,1204,1205,1206,1207,1208,1209,1210,1211,1212,1213,1214,1215,1216,1217,1218,1219,0,78,79,80,81,82,-0.0014229755850159245,-0.0007973415392246927,-0.001476835586603234,-0.00091786131904977863,0.89242417566238796,0,0.62485422843089367,0,0,0.89242417566238796,0,0.62485422843089367,0.62485422843089367,0,0.76824072646061115,0,0,0.62485422843089367,0,0.76824072646061115,4,78,0,22,27,82,1240,1241,1242,1243,1244,1245,1246,1247,1248,1249,1250,1251,1252,1253,1254,1255,1256,1257,1258,1259,0,78,79,80,81,82
refine,24,32,1,0.0050000000000000001,1.5000000000000002,0.75,11,24,0.78000000000000003,0,1000,26,0.59000000000000008,0,1001,28,0.54000000000000004,0,1002,30,0.63000000000000012,0,1003,32,2.0300000000000002,0,1004,34,2.4000000000000004,0,1005,36,2.9100000000000006,0,1006,38,3.5600000000000001,0,1007,40,5.5200000000000005,0,1008,42,6.4500000000000011,0,1009,44,7.5200000000000014,0,1010,46,8.7300000000000004,0,1011,48,10.080000000000002,0,1012,50,12.740000000000002,0,1013,52,14.370000000000001,0,1014,54,16.140000000000001,0,1015,56,18.050000000000001,0,1016,58,21.27,0,1017,60,23.460000000000004,0,1018,62,25.790000000000003,0,1019,64,28.260000000000005,0,1020,66,30.870000000000005,0,1021,68,34.789999999999999,0,1022,70,37.68,0,1023,72,40.710000000000008,0,1024,74,43.88000000000001,0,1025,76,48.360000000000007,0,1026,78,51.810000000000009,0,1027,80,55.400000000000006,0,1028,82,59.130000000000003,0,1029,84,63.000000000000007,0,1030,86,68.180000000000007,0,1031,32,0,1,2,3,4,5,6,7,8,9,10,11,12,13,14,15,16,17,18,19,20,21,22,23,24,25,26,27,28,29,30,31,3,0,0,4,1000,2,0,2,0,2,0,2,0,2,0,2,0,2,0,2,0,2,0,2,0,2,0,2,0,2,0,2,0,2,0,2,0,2,0,2,0,2,0,2,0,2,0,2,0,5,1023,2,1,2,1,2,1,2,1,2,1,2,1,2,1,2,1,24,0.78000000000000003,45.133311016024173,0.91074440117940125,59.46569105664269,21.251006326376444,70,37.68,70,37.68,90.801726867692977,70.790679020176142,118.59719419169021,139.60997949046362,24,0.78000000000000003,5002,5002.125,5002.25,5002.375,5002.5,5002.625,5002.75,5002.875
refine,25,8,2,0.01,1.9000000000000001,0.5,12,25,0.91000000000000003,3,1000,27,0.71999999999999997,0,1001,29,0.67000000000000004,0,1002,31,0.76000000000000012,0,1003,33,2.1600000000000001,0,1004,35,2.5300000000000002,3,1005,37,3.0400000000000005,0,1006,39,3.6900000000000004,0,1007,8,0,1,2,0,4,5,6,7,7,0,7,6,0,4,3,2,10,1,0,4,1000,2,0,4,1002,2,8,4,3,4,1005,2,5,5,1007,25,0.91000000000000003,26,0.84999999999999998,28,0.73000000000000009,29,0.67000000000000004,5001,5001.125,5001.25,5001.375,5001.5,5001.625,5001.75,5001.875,5002,5002.125,5002.25,5002.375,5002.5,5002.625,5002.75,5002.875,5003,5003.125,5003.25,5003.375,5003.5,5003.625,5003.75,5003.875,5004,5004.125,5004.25,5004.375,5004.5,5004.625,5004.75,5004.875,35,2.5300000000000002,36,2.8200000000000003,38,3.4000000000000004,39,3.6900000000000004,5006,5006.125,5006.25,5006.375,5006.5,5006.625,5006.75,5006.875,5007,5007.125,5007.25,5007.375,5007.5,5007.625,5007.75,5007.875,33,2.1600000000000001,32,1.7875000000000001,30,1.0425,29,0.67000000000000004,5009,5009.125,5009.25,5009.375,5009.5,5009.625,5009.75,5009.875,1000,1001,1002,1003,1004,1005,1006,1007,1008,1009,1010,1011,1012,1013,1014,1015,1016,1017,1018,1019,0,78,0,0,2,82,1020,1021,1022,1023,1024,1025,1026,1027,1028,1029,1030,1031,1032,1033,1034,1035,1036,1037,1038,1039,0,78,79,80,81,82,1040,1041,1042,1043,1044,1045,1046,1047,1048,1049,1050,1051,1052,1053,1054,1055,1056,1057,1058,1059,0,78,79,80,81,82,1060,1061,1062,1063,1064,1065,1066,1067,1068,1069,1070,1071,1072,1073,1074,1075,1076,1077,1078,1079,0,78,79,80,81,82,1080,1081,1082,1083,1084,1085,1086,1087,1088,1089,1090,1091,1092,1093,1094,1095,1096,1097,1098,1099,0,78,79,80,81,82,1100,1101,1102,1103,1104,1105,1106,1107,1108,1109,1110,1111,1112,1113,1114,1115,1116,1117,1118,1119,0,78,0,5,7,82,1120,1121,1122,1123,1124,1125,1126,1127,1128,1129,1130,1131,1132,1133,1134,1135,1136,1137,1138,1139,0,78,79,80,81,82,1140,1141,1142,1143,1144,1145,1146,1147,1148,1149,1150,1151,1152,1153,1154,1155,1156,1157,1158,1159,0,78,79,80,81,82,1160,1161,1162,1163,1164,1165,1166,1167,1168,1169,1170,1171,1172,1173,1174,1175,1176,1177,1178,1179,0,78,1,4,6,82,1180,1181,1182,1183,1184,1185,1186,1187,1188,1189,1190,1191,1192,1193,1194,1195,1196,1197,1198,1199,0,78,79,80,81,82
refine,26,9,3,0.014999999999999999,2.2999999999999998,0.5,0,26,1.04,0,1000,28,0.85000000000000009,0,1001,30,0.80000000000000004,0,1002,32,0.89000000000000012,0,1003,34,1.1200000000000001,3,1004,36,2.6600000000000001,0,1005,38,3.1700000000000004,0,1006,40,3.8200000000000003,0,1007,42,4.6100000000000003,0,1008,9,0,1,2,3,4,5,6,7,8,8,0,8,7,6,5,4,3,2,7,2,3,4,5,6,7,8,10,0,0,5,1000,5,1001,5,1002,5,1003,4,1004,5,1005,5,1006,5,1007,5,1008,5000,5000.125,5000.25,5000.375,5000.5,5000.625,5000.75,5000.875,5001,5001.125,5001.25,5001.375,5001.5,5001.625,5001.75,5001.875,5002,5002.125,5002.25,5002.375,5002.5,5002.625,5002.75,5002.875,5003,5003.125,5003.25,5003.375,5003.5,5003.625,5003.75,5003.875,5004,5004.125,5004.25,5004.375,5004.5,5004.625,5004.75,5004.875,5005,5005.125,5005.25,5005.375,5005.5,5005.625,5005.75,5005.875,5006,5006.125,5006.25,5006.375,5006.5,5006.625,5006.75,5006.875,5007,5007.125,5007.25,5007.375,5007.5,5007.625,5007.75,5007.875,5008,5008.125,5008.25,5008.375,5008.5,5008.625,5008.75,5008.875,5009,5009.125,5009.25,5009.375,5009.5,5009.625,5009.75,5009.875
refine,27,10,1,0.02,2.7000000000000002,0.75,1,27,0,0,1000,29,0.97999999999999998,0,1001,31,0.93000000000000005,0,1002,33,1.02,3,1003,35,1.25,0,1004,37,2.79,0,1005,39,3.3000000000000007,0,1006,41,3.9500000000000002,0,1007,43,4.7400000000000002,3,1008,45,5.6700000000000008,0,1009,10,0,1,2,3,4,5,6,7,8,9,10,1,0,5,1000,5,1001,2,3,4,1003,5,1004,5,1005,2,7,5,1007,4,1008,5,1009,5000,5000.125,5000.25,5000.375,5000.5,5000.625,5000.75,5000.875,5001,5001.125,5001.25,5001.375,5001.5,5001.625,5001.75,5001.875,5002,5002.125,5002.25,5002.375,5002.5,5002.625,5002.75,5002.875,29,0.97999999999999998,30,0.98999999999999999,32,1.01,33,1.02,5004,5004.125,5004.25,5004.375,5004.5,5004.625,5004.75,5004.875,5005,5005.125,5005.25,5005.375,5005.5,5005.625,5005.75,5005.875,5006,5006.125,5006.25,5006.375,5006.5,5006.625,5006.75,5006.875,37,2.79,38,3.0800000000000001,40,3.6600000000000001,41,3.9500000000000002,5008,5008.125,5008.25,5008.375,5008.5,5008.625,5008.75,5008.875,5009,5009.125,5009.25,5009.375,5009.5,5009.625,5009.75,5009.875,1000,1001,1002,1003,1004,1005,1006,1007,1008,1009,1010,1011,1012,1013,1014,1015,1016,1017,1018,1019,0,78,79,80,81,82,1020,1021,1022,1023,1024,1025,1026,1027,1028,1029,1030,1031,1032,1033,1034,1035,1036,1037,1038,1039,0,78,79,80,81,82,1040,1041,1042,1043,1044,1045,1046,1047,1048,1049,1050,1051,1052,1053,1054,1055,1056,1057,1058,1059,0,78,79,80,81,82,1060,1061,1062,1063,1064,1065,1066,1067,1068,1069,1070,1071,1072,1073,1074,1075,1076,1077,1078,1079,0,78,0,1,3,82,1080,1081,1082,1083,1084,1085,1086,1087,1088,1089,1090,1091,1092,1093,1094,1095,1096,1097,1098,1099,0,78,79,80,81,82,1100,1101,1102,1103,1104,1105,1106,1107,1108,1109,1110,1111,1112,1113,1114,1115,1116,1117,1118,1119,0,78,79,80,81,82,1120,1121,1122,1123,1124,1125,1126,1127,1128,1129,1130,1131,1132,1133,1134,1135,1136,1137,1138,1139,0,78,79,80,81,82,1140,1141,1142,1143,1144,1145,1146,1147,1148,1149,1150,1151,1152,1153,1154,1155,1156,1157,1158,1159,0,78,0,5,7,82,1160,1161,1162,1163,1164,1165,1166,1167,1168,1169,1170,1171,1172,1173,1174,1175,1176,1177,1178,1179,0,78,79,80,81,82,1180,1181,1182,1183,1184,1185,1186,1187,1188,1189,1190,1191,1192,1193,1194,1195,1196,1197,1198,1199,0,78,79,80,81,82
refine,28,11,2,0.0050000000000000001,0.29999999999999999,0.5,2,28,0.13,0,1000,30,1.1100000000000001,0,1001,32,1.0600000000000001,0,1002,34,1.1500000000000001,0,1003,36,1.3800000000000001,0,1004,38,1.7500000000000002,0,1005,40,3.4300000000000006,0,1006,42,4.0800000000000001,0,1007,44,4.8700000000000001,0,1008,46,5.8000000000000007,0,1009,48,8.0400000000000009,0,1010,11,0,1,2,3,4,5,6,7,8,9,10,10,0,10,9,8,7,6,5,4,3,2,7,0,0,4,1000,5,1001,2,1,2,1,2,1,5,1005,5,1006,2,3,2,3,5,1009,5,1010,5000,5000.125,5000.25,5000.375,5000.5,5000.625,5000.75,5000.875,30,1.1100000000000001,32.695684807009947,0.95265716951441815,35.362351473676611,1.1659905028477515,37.999999999999986,1.7499999999999998,5002,5002.125,5002.25,5002.375,5002.5,5002.625,5002.75,5002.875,40,3.4300000000000006,41.5,4.0225000000000009,44.5,5.2075000000000005,46,5.8000000000000007,5004,5004.125,5004.25,5004.375,5004.5,5004.625,5004.75,5004.875,5005,5005.125,5005.25,5005.375,5005.5,5005.625,5005.75,5005.875,5006,5006.125,5006.25,5006.375,5006.5,5006.625,5006.75,5006.875
refine,29,12,3,0.01,0.69999999999999996,0.5,3,29,0.26000000000000001,0,1000,31,0.070000000000000007,3,1001,33,1.1899999999999999,0,1002,35,1.2800000000000002,0,1003,37,1.5100000000000002,0,1004,39,1.8800000000000003,0,1005,41,3.5600000000000005,3,1006,43,4.21,0,1007,45,5,0,1008,47,5.9300000000000006,0,1009,49,7.0000000000000009,0,1010,51,9.3800000000000008,3,1011,12,0,1,2,3,4,5,6,7,8,9,10,11,11,0,11,10,9,8,7,6,5,4,3,2,10,2,3,4,5,6,7,8,9,10,11,8,1,6,5,1000,4,1001,2,3,2,3,2,3,5,1005,4,1006,2,6,2,6,2,6,2,6,4,1011,5000,5000.125,5000.25,5000.375,5000.5,5000.625,5000.75,5000.875,5001,5001.125,5001.25,5001.375,5001.5,5001.625,5001.75,5001.875,5002,5002.125,5002.25,5002.375,5002.5,5002.625,5002.75,5002.875,31,0.070000000000000007,33.474620596172507,1.1795920574292702,36.141287262839171,1.7829253907626035,39,1.8799999999999999,5004,5004.125,5004.25,5004.375,5004.5,5004.625,5004.75,5004.875,5005,5005.125,5005.25,5005.375,5005.5,5005.625,5005.75,5005.875,41,3.5600000000000005,44.563652302856511,4.9261757076732273,48.93646729854477,5.7853638032638273,51,9.3800000000000008,5007,5007.125,5007.25,5007.375,5007.5,5007.625,5007.75,5007.875,1000,1001,1002,1003,1004,1005,1006,1007,1008,1009,1010,1011,1012,1013,1014,1015,1016,1017,1018,1019,0,78,79,80,81,82,1020,1021,1022,1023,1024,1025,1026,1027,1028,1029,1030,1031,1032,1033,1034,1035,1036,1037,1038,1039,0,78,79,80,81,82,1040,1041,1042,1043,1044,1045,1046,1047,1048,1049,1050,1051,1052,1053,1054,1055,1056,1057,1058,1059,0,78,79,80,81,82,-0.00069423861788420888,-3.4687761722912436e-005,1062,1063,1.0888231727523627,0,1066,1067,0,1.0888231727523627,1070,1071,1072,1073,1074,1075,1076,1077,1078,1079,2,78,0,1,5,82,1080,1081,1082,1083,1084,1085,1086,1087,1088,1089,1090,1091,1092,1093,1094,1095,1096,1097,1098,1099,0,78,79,80,81,82,1100,1101,1102,1103,1104,1105,1106,1107,1108,1109,1110,1111,1112,1113,1114,1115,1116,1117,1118,1119,0,78,79,80,81,82,-0.0008912730460571127,-9.8523514152532715e-005,-0.00097872934597732775,-0.00011570727606675935,0.92628831520683585,0,0.68078154948784442,0,0,0.92628831520683585,0,0.68078154948784442,0.68078154948784442,0,0.8318353610021717,0,0,0.68078154948784442,0,0.8318353610021717,4,78,0,6,11,82,1140,1141,1142,1143,1144,1145,1146,1147,1148,1149,1150,1151,1152,1153,1154,1155,1156,1157,1158,1159,0,78,79,80,81,82
refine,30,13,1,0.014999999999999999,1.1000000000000001,0.75,4,30,0.39000000000000001,3,1000,32,0.20000000000000001,0,1001,34,1.3200000000000001,0,1002,36,1.4100000000000001,0,1003,38,1.6400000000000001,0,1004,40,2.0100000000000002,3,1005,42,2.5200000000000005,0,1006,44,4.3399999999999999,0,1007,46,5.1300000000000008,0,1008,48,6.0600000000000005,0,1009,50,7.1300000000000008,3,1010,52,9.5100000000000016,0,1011,54,10.860000000000001,0,1012,13,0,1,2,0,4,5,6,7,8,9,10,11,12,10,0,0,4,1000,2,0,5,1002,0,1003,2,3,4,1005,2,5,2,5,2,5,2,5,4,1010,2,7,5,1012,30,0.39000000000000001,31,0.62250000000000005,33,1.0874999999999999,34,1.3200000000000001,5001,5001.125,5001.25,5001.375,5001.5,5001.625,5001.75,5001.875,5002,5002.125,5002.25,5002.375,5002.5,5002.625,5002.75,5002.875,30,0.39000000000000001,32.5,0.79500000000000004,37.5,1.6050000000000002,40,2.0100000000000002,5004,5004.125,5004.25,5004.375,5004.5,5004.625,5004.75,5004.875,40,2.0100000000000002,43.477172227392643,3.2384524938578698,46.384774195864367,5.7921493638662627,50,7.1300000000000008,5006,5006.125,5006.25,5006.375,5006.5,5006.625,5006.75,5006.875,50,7.1300000000000008,51,8.0625,53,9.927500000000002,54,10.860000000000001,5008,5008.125,5008.25,5008.375,5008.5,5008.625,5008.75,5008.875,5009,5009.125,5009.25,5009.375,5009.5,5009.625,5009.75,5009.875
refine,31,14,2,0.02,1.5000000000000002,0.5,5,31,0.52000000000000002,0,1000,33,0.33000000000000002,0,1001,35,0.28000000000000003,0,1002,37,1.54,0,1003,39,1.77,3,1004,41,2.1400000000000001,0,1005,43,2.6500000000000004,0,1006,45,4.4700000000000006,0,1007,47,5.2600000000000007,0,1008,49,6.1900000000000013,3,1009,51,7.2600000000000007,0,1010,53,8.4700000000000006,0,1011,55,10.990000000000002,0,1012,57,12.480000000000002,0,1013,14,0,1,2,3,4,5,6,7,8,9,10,11,12,13,13,0,13,12,11,10,9,8,7,6,5,4,3,2,5,1,10,5,1000,2,1,2,1,2,1,4,1004,2,3,2,3,2,3,2,3,4,1009,2,0,2,0,2,0,2,0,49,6.1900000000000013,60.184305811091939,11.308673208926891,70.892691021825513,33.862810273145939,31,0.52000000000000002,31,0.52000000000000002,33.781250130963734,0.19765979203290385,36.447916797630398,0.61432645869957048,39,1.77,5002,5002.125,5002.25,5002.375,5002.5,5002.625,5002.75,5002.875,39,1.77,43.0815491371443,1.6418912145439213,45.23135037317094,5.2945611233808574,49,6.1900000000000013,5004,5004.125,5004.25,5004.375,5004.5,5004.625,5004.75,5004.875,-0.0012036861162074558,-0.00022617346417816431,-0.001417853820435841,-0.00067725620546263063,0.86542899396668027,0,0.23086790507328944,0,0,0.86542899396668027,0,0.23086790507328944,0.23086790507328944,0,0.06960308424028587,0,0,0.23086790507328944,0,0.06960308424028587,4,78,0,9,14,82,-0.00070343750393475624,-7.2979376103399218e-007,1022,1023,1.0297953030145557,0,1026,1027,0,1.0297953030145557,1030,1031,1032,1033,1034,1035,1036,1037,1038,1039,2,78,0,0,4,82,1040,1041,1042,1043,1044,1045,1046,1047,1048,1049,1050,1051,1052,1053,1054,1055,1056,1057,1058,1059,0,78,79,80,81,82,-0.00086163098275001716,-3.2837824291420681e-005,-0.00090462700747940411,-0.00010589122246817961,0.82963717636307899,0,0.59991340314045027,0,0,0.82963717636307899,0,0.59991340314045027,0.59991340314045027,0,0.81471804190903174,0,0,0.59991340314045027,0,0.81471804190903174,4,78,0,4,9,82,1080,1081,1082,1083,1084,1085,1086,1087,1088,1089,1090,1091,1092,1093,1094,1095,1096,1097,1098,1099,0,78,79,80,81,82
refine,32,15,3,0.0050000000000000001,1.9000000000000001,0.5,6,32,0.65000000000000002,0,1000,34,0.46000000000000002,0,1001,36,0.41000000000000003,0,1002,38,1.6700000000000002,0,1003,40,1.9000000000000001,0,1004,42,2.2700000000000005,0,1005,44,2.7800000000000002,0,1006,46,3.4300000000000002,0,1007,48,5.3900000000000006,0,1008,50,6.3200000000000012,0,1009,52,7.3900000000000006,0,1010,54,8.6000000000000014,0,1011,56,11.120000000000001,0,1012,58,12.610000000000001,0,1013,60,14.24,0,1014,15,0,1,2,3,4,5,6,7,8,9,10,11,12,13,14,14,0,14,13,12,11,10,9,8,7,6,5,4,3,2,13,2,3,4,5,6,7,8,9,10,11,12,13,14,3,0,0,4,1000,2,0,2,0,2,0,2,0,2,0,2,0,2,0,2,0,2,0,2,0,2,0,2,0,2,0,5,1014,32,0.65000000000000002,42.828394763481491,0.28648148302670456,52.354616156875522,6.8858453302821401,60,14.24,5001,5001.125,5001.25,5001.375,5001.5,5001.625,5001.75,5001.875,5002,5002.125,5002.25,5002.375,5002.5,5002.625,5002.75,5002.875
refine,33,16,1,0.01,2.2999999999999998,0.75,7,11,23,0,1000,11,23,0,1001,11,23,3,1002,11,23,0,1003,11,23,0,1004,11,23,0,1005,11,23,0,1006,11,23,3,1007,11,23,0,1008,11,23,0,1009,11,23,0,1010,11,23,0,1011,11,23,3,1012,11,23,0,1013,11,23,0,1014,11,23,0,1015,16,0,1,2,3,4,5,6,7,8,9,10,11,12,13,14,15,6,1,12,2,0,2,0,4,1002,2,2,2,2,2,2,2,2,4,1007,2,4,2,4,2,4,2,4,4,1012,2,0,2,0,2,0,11,23,0,0,0,0,11,23,5001,5001.125,5001.25,5001.375,5001.5,5001.625,5001.75,5001.875,11,23,0,0,0,0,11,23,5003,5003.125,5003.25,5003.375,5003.5,5003.625,5003.75,5003.875,11,23,0,0,0,0,11,23,5005,5005.125,5005.25,5005.375,5005.5,5005.625,5005.75,5005.875,0,0,0,0,1.0000000000000001e-005,0,0,0,0,1.0000000000000001e-005,0,0,0,0,1.0000000000000001e-005,0,0,0,0,1.0000000000000001e-005,4,78,0,12,18,82,1020,1021,1022,1023,1024,1025,1026,1027,1028,1029,1030,1031,1032,1033,1034,1035,1036,1037,1038,1039,0,78,79,80,81,82,0,0,0,0,1.0000000000000001e-005,0,0,0,0,1.0000000000000001e-005,0,0,0,0,1.0000000000000001e-005,0,0,0,0,1.0000000000000001e-005,4,78,0,2,7,82,1060,1061,1062,1063,1064,1065,1066,1067,1068,1069,1070,1071,1072,1073,1074,1075,1076,1077,1078,1079,0,78,79,80,81,82,0,0,0,0,1.0000000000000001e-005,0,0,0,0,1.0000000000000001e-005,0,0,0,0,1.0000000000000001e-005,0,0,0,0,1.0000000000000001e-005,4,78,0,7,12,82,1100,1101,1102,1103,1104,1105,1106,1107,1108,1109,1110,1111,1112,1113,1114,1115,1116,1117,1118,1119,0,78,79,80,81,82
refine,34,17,2,0.014999999999999999,2.7000000000000002,0.5,8,34,0.91000000000000003,0,1000,36,0.71999999999999997,3,1001,38,0.67000000000000004,0,1002,40,0.76000000000000012,0,1003,42,2.1600000000000001,0,1004,44,2.5300000000000002,0,1005,46,3.0400000000000005,3,1006,48,3.6900000000000004,0,1007,50,4.4800000000000004,0,1008,52,6.580000000000001,0,1009,54,7.6500000000000012,0,1010,56,8.8600000000000012,3,1011,58,10.210000000000003,0,1012,60,12.870000000000001,0,1013,62,14.5,0,1014,64,16.270000000000003,0,1015,66,18.180000000000003,3,1016,17,0,1,2,3,4,5,6,7,8,9,10,11,12,13,14,15,16,16,0,16,15,14,13,12,11,10,9,8,7,6,5,4,3,2,9,0,0,5,1000,4,1001,2,3,2,3,2,3,2,3,4,1006,2,5,2,5,2,5,2,5,4,1011,2,7,2,7,2,7,2,7,4,1016,5000,5000.125,5000.25,5000.375,5000.5,5000.625,5000.75,5000.875,5001,5001.125,5001.25,5001.375,5001.5,5001.625,5001.75,5001.875,5002,5002.125,5002.25,5002.375,5002.5,5002.625,5002.75,5002.875,36,0.71999999999999997,39.822592742567707,-0.30940169505412873,42.299609300065192,2.9233927417923242,46,3.0400000000000005,5004,5004.125,5004.25,5004.375,5004.5,5004.625,5004.75,5004.875,46,3.0400000000000005,50.196774276172206,3.5433533864877296,52.208176390728482,7.4370377446295919,56,8.8600000000000012,5006,5006.125,5006.25,5006.375,5006.5,5006.625,5006.75,5006.875,56,8.8600000000000012,59.564866276668667,11.638756154698848,62.379128943029627,15.317144399218884,66,18.180000000000003,5008,5008.125,5008.25,5008.375,5008.5,5008.625,5008.75,5008.875
refine,35,18,3,0.02,0.29999999999999999,0.5,9,35,1.04,3,1000,37,0.85000000000000009,0,1001,39,0.80000000000000004,0,1002,41,0.89000000000000012,0,1003,43,1.1200000000000001,0,1004,45,2.6600000000000001,3,1005,47,3.1700000000000004,0,1006,49,3.8200000000000003,0,1007,51,4.6100000000000003,0,1008,53,6.7100000000000009,0,1009,55,7.7800000000000011,3,1010,57,8.9900000000000002,0,1011,59,10.340000000000002,0,1012,61,11.830000000000002,0,1013,63,14.630000000000001,0,1014,65,16.400000000000002,3,1015,67,18.310000000000002,0,1016,69,20.359999999999999,0,1017,18,0,1,2,0,4,5,6,7,8,9,10,11,12,13,14,15,16,17,17,0,17,16,0,14,13,12,11,10,9,8,7,6,5,4,3,2,16,2,3,4,2,6,7,8,9,10,11,12,13,14,15,16,17,15,1,8,4,1000,2,0,4,1002,2,13,4,1004,4,1005,2,6,2,6,2,6,2,6,4,1010,2,8,2,8,2,8,2,8,4,1015,2,10,5,1017,35,1.04,36,0.97999999999999998,38,0.8600000000000001,39,0.80000000000000004,5001,5001.125,5001.25,5001.375,5001.5,5001.625,5001.75,5001.875,5002,5002.125,5002.25,5002.375,5002.5,5002.625,5002.75,5002.875,5003,5003.125,5003.25,5003.375,5003.5,5003.625,5003.75,5003.875,5004,5004.125,5004.25,5004.375,5004.5,5004.625,5004.75,5004.875,5005,5005.125,5005.25,5005.375,5005.5,5005.625,5005.75,5005.875,45,2.6600000000000001,49.134520908584761,2.9384951262102619,51.806743998815101,5.711209441755897,55,7.7800000000000011,5007,5007.125,5007.25,5007.375,5007.5,5007.625,5007.75,5007.875,55,7.7800000000000011,59.288857844014402,9.5961514176387155,61.834350424636611,13.289113647326062,65,16.400000000000002,5009,5009.125,5009.25,5009.375,5009.5,5009.625,5009.75,5009.875,65,16.400000000000002,66,17.390000000000001,68,19.370000000000001,69,20.359999999999999,5011,5011.125,5011.25,5011.375,5011.5,5011.625,5011.75,5011.875,5012,5012.125,5012.25,5012.375,5012.5,5012.625,5012.75,5012.875,43,1.1200000000000001,42,1.04,40,0.88000000000000012,39,0.80000000000000004,5014,5014.125,5014.25,5014.375,5014.5,5014.625,5014.75,5014.875,1000,1001,1002,1003,1004,1005,1006,1007,1008,1009,1010,1011,1012,1013,1014,1015,1016,1017,1018,1019,0,78,0,0,2,82,1020,1021,1022,1023,1024,1025,1026,1027,1028,1029,1030,1031,1032,1033,1034,1035,1036,1037,1038,1039,0,78,79,80,81,82,1040,1041,1042,1043,1044,1045,1046,1047,1048,1049,1050,1051,1052,1053,1054,1055,1056,1057,1058,1059,0,78,79,80,81,82,1060,1061,1062,1063,1064,1065,1066,1067,1068,1069,1070,1071,1072,1073,1074,1075,1076,1077,1078,1079,0,78,79,80,81,82,1080,1081,1082,1083,1084,1085,1086,1087,1088,1089,1090,1091,1092,1093,1094,1095,1096,1097,1098,1099,0,78,79,80,81,82,1100,1101,1102,1103,1104,1105,1106,1107,1108,1109,1110,1111,1112,1113,1114,1115,1116,1117,1118,1119,0,78,79,80,81,82,-0.00098269041818089403,-5.8769902525103446e-005,-0.0010361348799929754,-0.00011422418883619279,0.89466355160025268,0,0.62458292459145159,0,0,0.89466355160025268,0,0.62458292459145159,0.62458292459145159,0,0.76399718046387022,0,0,0.62458292459145159,0,0.76399718046387022,4,78,0,5,10,82,1140,1141,1142,1143,1144,1145,1146,1147,1148,1149,1150,1151,1152,1153,1154,1155,1156,1157,1158,1159,0,78,79,80,81,82,-0.0011857771568846986,-0.00019192302835341693,-0.0012366870085008252,-0.0002657822729438819,0.89847031381981524,0,0.61974822595297696,0,0,0.89847031381981524,0,0.61974822595297696,0.61974822595297696,0,0.75219428579900638,0,0,0.61974822595297696,0,0.75219428579900638,4,78,0,10,15,82,1180,1181,1182,1183,1184,1185,1186,1187,1188,1189,1190,1191,1192,1193,1194,1195,1196,1197,1198,1199,0,78,79,80,81,82,1200,1201,1202,1203,1204,1205,1206,1207,1208,1209,1210,1211,1212,1213,1214,1215,1216,1217,1218,1219,0,78,0,15,17,82,1220,1221,1222,1223,1224,1225,1226,1227,1228,1229,1230,1231,1232,1233,1234,1235,1236,1237,1238,1239,0,78,79,80,81,82,1240,1241,1242,1243,1244,1245,1246,1247,1248,1249,1250,1251,1252,1253,1254,1255,1256,1257,1258,1259,0,78,79,80,81,82,1260,1261,1262,1263,1264,1265,1266,1267,1268,1269,1270,1271,1272,1273,1274,1275,1276,1277,1278,1279,0,78,1,14,16,82,1280,1281,1282,1283,1284,1285,1286,1287,1288,1289,1290,1291,1292,1293,1294,1295,1296,1297,1298,1299,0,78,79,80,81,82
refine,36,19,1,0.0050000000000000001,0.69999999999999996,0.75,10,36,0,0,1000,38,0.97999999999999998,0,1001,40,0.93000000000000005,0,1002,42,1.02,0,1003,44,1.25,0,1004,46,2.79,0,1005,48,3.3000000000000007,0,1006,50,3.9500000000000002,0,1007,52,4.7400000000000002,0,1008,54,5.6700000000000008,0,1009,56,7.910000000000001,0,1010,58,9.120000000000001,0,1011,60,10.470000000000002,0,1012,62,11.960000000000003,0,1013,64,14.760000000000002,0,1014,66,16.530000000000001,0,1015,68,18.440000000000001,0,1016,70,20.490000000000002,0,1017,72,22.680000000000003,0,1018,19,0,1,2,3,4,5,6,7,8,9,10,11,12,13,14,15,16,17,18,3,0,0,4,1000,2,0,2,0,2,0,2,0,2,0,2,0,2,0,2,0,2,0,2,0,2,0,2,0,2,0,5,1014,2,1,2,1,2,1,2,1,36,0,46.453026357561484,1.5120618047294736,57.182769007865019,6.0261599277397746,64,14.760000000000002,64,14.760000000000002,77.207833573424963,25.933406387037927,93.251809413411451,49.829669691438589,36,0,5002,5002.125,5002.25,5002.375,5002.5,5002.625,5002.75,5002.875
refine,37,20,2,0.01,1.1000000000000001,0.5,11,37,0.13,0,1000,39,1.1100000000000001,0,1001,41,1.0600000000000001,0,1002,43,1.1500000000000001,3,1003,45,1.3800000000000001,0,1004,47,1.7500000000000002,0,1005,49,3.4300000000000006,0,1006,51,4.0800000000000001,0,1007,53,4.8700000000000001,3,1008,55,5.8000000000000007,0,1009,57,8.0400000000000009,0,1010,59,9.25,0,1011,61,10.600000000000001,0,1012,63,12.090000000000002,3,1013,65,13.720000000000001,0,1014,67,16.66,0,1015,69,18.57,0,1016,71,20.620000000000001,0,1017,73,22.810000000000002,3,1018,75,26.310000000000002,0,1019,20,0,1,2,3,4,5,6,7,8,9,10,11,12,13,14,15,16,17,18,19,19,0,19,18,17,16,15,14,13,12,11,10,9,8,7,6,5,4,3,2,8,1,16,2,0,2,0,2,0,4,1003,2,2,2,2,2,2,2,2,4,1008,2,4,2,4,2,4,2,4,4,1013,2,6,2,6,2,6,2,6,4,1018,2,0,73,22.810000000000002,88.027925264009497,43.698984986046192,15.976925550021141,-5.7972558769239333,43,1.1500000000000001,5001,5001.125,5001.25,5001.375,5001.5,5001.625,5001.75,5001.875,43,1.1500000000000001,47.006278677763071,0.712809335335581,49.249355562165,4.2366643409239781,53,4.8700000000000001,5003,5003.125,5003.25,5003.375,5003.5,5003.625,5003.75,5003.875,53,4.8700000000000001,56.53522646981942,6.8744200284012829,59.373880085544002,9.9854135368977435,63,12.090000000000002,5005,5005.125,5005.25,5005.375,5005.5,5005.625,5005.75,5005.875,63,12.090000000000002,66.572882869604996,15.379185155710797,69.387581828811577,19.447780106428752,73,22.810000000000002,5007,5007.125,5007.25,5007.375,5007.5,5007.625,5007.75,5007.875,-0.0017605585052840986,-0.00087397969972112435,-0.00031953851100029185,0.0001159451175384435,0.070887848316133206,0,0.028209464791777893,0,0,0.070887848316133206,0,0.028209464791777893,0.028209464791777893,0,0.22504755214965755,0,0,0.028209464791777893,0,0.22504755214965755,4,78,0,18,23,82,1020,1021,1022,1023,1024,1025,1026,1027,1028,1029,1030,1031,1032,1033,1034,1035,1036,1037,1038,1039,0,78,79,80,81,82,-0.0009401255735512256,-1.4256186706518986e-005,-0.00098498711124058586,-8.4733286819113629e-005,0.8310427290364012,0,0.60344865087692612,0,0,0.8310427290364012,0,0.60344865087692612,0.60344865087692612,0,0.81839196291090111,0,0,0.60344865087692612,0,0.81839196291090111,4,78,0,3,8,82,1060,1061,1062,1063,1064,1065,1066,1067,1068,1069,1070,1071,1072,1073,1074,1075,1076,1077,1078,1079,0,78,79,80,81,82,-0.0011307045293984415,-0.00013748840056585984,-0.0011874776017261751,-0.00019970827074028419,0.79742236131231148,0,0.63400733477337945,0,0,0.79742236131231148,0,0.63400733477337945,0.63400733477337945,0,0.87055892890749453,0,0,0.63400733477337945,0,0.87055892890749453,4,78,0,8,13,82,1100,1101,1102,1103,1104,1105,1106,1107,1108,1109,1110,1111,1112,1113,1114,1115,1116,1117,1118,1119,0,78,79,80,81,82,-0.0013314576573881624,-0.00030758370311512531,-0.0013877516365871229,-0.00038895560212774682,0.7976366811593103,0,0.63362778883764548,0,0,0.7976366811593103,0,0.63362778883764548,0.63362778883764548,0,0.86866902287622305,0,0,0.63362778883764548,0,0.86866902287622305,4,78,0,13,18,82,1140,1141,1142,1143,1144,1145,1146,1147,1148,1149,1150,1151,1152,1153,1154,1155,1156,1157,1158,1159,0,78,79,80,81,82
refine,38,21,3,0.014999999999999999,1.5000000000000002,0.5,12,38,0.26000000000000001,0,1000,40,0.070000000000000007,0,1001,42,1.1899999999999999,3,1002,44,1.2800000000000002,0,1003,46,1.5100000000000002,0,1004,48,1.8800000000000003,0,1005,50,3.5600000000000005,0,1006,52,4.21,3,1007,54,5,0,1008,56,5.9300000000000006,0,1009,58,7.0000000000000009,0,1010,60,9.3800000000000008,0,1011,62,10.730000000000002,3,1012,64,12.220000000000002,0,1013,66,13.850000000000001,0,1014,68,16.790000000000003,0,1015,70,18.700000000000003,0,1016,72,20.75,3,1017,74,22.940000000000005,0,1018,76,25.270000000000003,0,1019,78,28.910000000000004,0,1020,21,0,1,2,3,4,5,6,7,8,9,10,11,12,13,14,15,16,17,18,19,20,20,0,20,19,18,17,16,15,14,13,12,11,10,9,8,7,6,5,4,3,2,19,2,3,4,5,6,7,8,9,10,11,12,13,14,15,16,17,18,19,20,9,0,0,5,1000,2,1,4,1002,2,3,2,3,2,3,2,3,4,1007,2,5,2,5,2,5,2,5,4,1012,2,7,2,7,2,7,2,7,4,1017,2,0,2,0,2,0,72,20.75,88.139308194602478,40.059940914774486,76.805974861269135,33.229940914774488,37.999999999999943,0.26000000000000512,38,0.26000000000000001,39,0.49249999999999999,41,0.95750000000000002,42,1.1899999999999999,5002,5002.125,5002.25,5002.375,5002.5,5002.625,5002.75,5002.875,42,1.1899999999999999,45.913791483196491,0.5926851323651694,48.766254277846066,2.7298769077618501,52,4.21,5004,5004.125,5004.25,5004.375,5004.5,5004.625,5004.75,5004.875,52,4.21,56.225757422327831,5.1024410491312517,58.821500076316127,8.2532515607544923,62,10.730000000000002,5006,5006.125,5006.25,5006.375,5006.5,5006.625,5006.75,5006.875,62,10.730000000000002,66.31235842315192,13.104861999166818,68.213384411940396,17.757876049254033,72,20.75,5008,5008.125,5008.25,5008.375,5008.5,5008.625,5008.75,5008.875
refine,39,22,1,0.02,1.9000000000000001,0.75,0,39,0.39000000000000001,0,1000,41,0.20000000000000001,3,1001,43,1.3200000000000001,0,1002,45,1.4100000000000001,0,1003,47,1.6400000000000001,0,1004,49,2.0100000000000002,0,1005,51,2.5200000000000005,3,1006,53,4.3399999999999999,0,1007,55,5.1300000000000008,0,1008,57,6.0600000000000005,0,1009,59,7.1300000000000008,0,1010,61,9.5100000000000016,3,1011,63,10.860000000000001,0,1012,65,12.350000000000001,0,1013,67,13.98,0,1014,69,15.750000000000002,0,1015,71,18.830000000000002,3,1016,73,20.879999999999999,0,1017,75,23.070000000000004,0,1018,77,25.400000000000002,0,1019,79,29.040000000000003,0,1020,81,31.650000000000006,3,1021,22,0,1,2,3,4,5,6,7,8,9,10,11,12,13,14,15,16,17,18,19,20,21,27,1,0,5,1000,4,1001,5,1002,5,1003,5,1004,5,1005,4,1006,5,1007,5,1008,5,1009,5,1010,4,1011,5,1012,5,1013,5,1014,5,1015,4,1016,5,1017,5,1018,5,1019,5,1020,4,1021,5000,5000.125,5000.25,5000.375,5000.5,5000.625,5000.75,5000.875,5001,5001.125,5001.25,5001.375,5001.5,5001.625,5001.75,5001.875,5002,5002.125,5002.25,5002.375,5002.5,5002.625,5002.75,5002.875,5003,5003.125,5003.25,5003.375,5003.5,5003.625,5003.75,5003.875,5004,5004.125,5004.25,5004.375,5004.5,5004.625,5004.75,5004.875,5005,5005.125,5005.25,5005.375,5005.5,5005.625,5005.75,5005.875,5006,5006.125,5006.25,5006.375,5006.5,5006.625,5006.75,5006.875,5007,5007.125,5007.25,5007.375,5007.5,5007.625,5007.75,5007.875,5008,5008.125,5008.25,5008.375,5008.5,5008.625,5008.75,5008.875,5009,5009.125,5009.25,5009.375,5009.5,5009.625,5009.75,5009.875,5010,5010.125,5010.25,5010.375,5010.5,5010.625,5010.75,5010.875,5011,5011.125,5011.25,5011.375,5011.5,5011.625,5011.75,5011.875,5012,5012.125,5012.25,5012.375,5012.5,5012.625,5012.75,5012.875,5013,5013.125,5013.25,5013.375,5013.5,5013.625,5013.75,5013.875,5014,5014.125,5014.25,5014.375,5014.5,5014.625,5014.75,5014.875,5015,5015.125,5015.25,5015.375,5015.5,5015.625,5015.75,5015.875,5016,5016.125,5016.25,5016.375,5016.5,5016.625,5016.75,5016.875,5017,5017.125,5017.25,5017.375,5017.5,5017.625,5017.75,5017.875,5018,5018.125,5018.25,5018.375,5018.5,5018.625,5018.75,5018.875,5019,5019.125,5019.25,5019.375,5019.5,5019.625,5019.75,5019.875,5020,5020.125,5020.25,5020.375,5020.5,5020.625,5020.75,5020.875,5021,5021.125,5021.25,5021.375,5021.5,5021.625,5021.75,5021.875,5022,5022.125,5022.25,5022.375,5022.5,5022.625,5022.75,5022.875,5023,5023.125,5023.25,5023.375,5023.5,5023.625,5023.75,5023.875,5024,5024.125,5024.25,5024.375,5024.5,5024.625,5024.75,5024.875,5025,5025.125,5025.25,5025.375,5025.5,5025.625,5025.75,5025.875,5026,5026.125,5026.25,5026.375,5026.5,5026.625,5026.75,5026.875,1000,1001,1002,1003,1004,1005,1006,1007,1008,1009,1010,1011,1012,1013,1014,1015,1016,1017,1018,1019,0,78,79,80,81,82,1020,1021,1022,1023,1024,1025,1026,1027,1028,1029,1030,1031,1032,1033,1034,1035,1036,1037,1038,1039,0,78,79,80,81,82,1040,1041,1042,1043,1044,1045,1046,1047,1048,1049,1050,1051,1052,1053,1054,1055,1056,1057,1058,1059,0,78,79,80,81,82,1060,1061,1062,1063,1064,1065,1066,1067,1068,1069,1070,1071,1072,1073,1074,1075,1076,1077,1078,1079,0,78,79,80,81,82,1080,1081,1082,1083,1084,1085,1086,1087,1088,1089,1090,1091,1092,1093,1094,1095,1096,1097,1098,1099,0,78,79,80,81,82,1100,1101,1102,1103,1104,1105,1106,1107,1108,1109,1110,1111,1112,1113,1114,1115,1116,1117,1118,1119,0,78,79,80,81,82,1120,1121,1122,1123,1124,1125,1126,1127,1128,1129,1130,1131,1132,1133,1134,1135,1136,1137,1138,1139,0,78,79,80,81,82,1140,1141,1142,1143,1144,1145,1146,1147,1148,1149,1150,1151,1152,1153,1154,1155,1156,1157,1158,1159,0,78,79,80,81,82,1160,1161,1162,1163,1164,1165,1166,1167,1168,1169,1170,1171,1172,1173,1174,1175,1176,1177,1178,1179,0,78,79,80,81,82,1180,1181,1182,1183,1184,1185,1186,1187,1188,1189,1190,1191,1192,1193,1194,1195,1196,1197,1198,1199,0,78,79,80,81,82,1200,1201,1202,1203,1204,1205,1206,1207,1208,1209,1210,1211,1212,1213,1214,1215,1216,1217,1218,1219,0,78,79,80,81,82,1220,1221,1222,1223,1224,1225,1226,1227,1228,1229,1230,1231,1232,1233,1234,1235,1236,1237,1238,1239,0,78,79,80,81,82,1240,1241,1242,1243,1244,1245,1246,1247,1248,1249,1250,1251,1252,1253,1254,1255,1256,1257,1258,1259,0,78,79,80,81,82,1260,1261,1262,1263,1264,1265,1266,1267,1268,1269,1270,1271,1272,1273,1274,1275,1276,1277,1278,1279,0,78,79,80,81,82,1280,1281,1282,1283,1284,1285,1286,1287,1288,1289,1290,1291,1292,1293,1294,1295,1296,1297,1298,1299,0,78,79,80,81,82,1300,1301,1302,1303,1304,1305,1306,1307,1308,1309,1310,1311,1312,1313,1314,1315,1316,1317,1318,1319,0,78,79,80,81,82,1320,1321,1322,1323,1324,1325,1326,1327,1328,1329,1330,1331,1332,1333,1334,1335,1336,1337,1338,1339,0,78,79,80,81,82,1340,1341,1342,1343,1344,1345,1346,1347,1348,1349,1350,1351,1352,1353,1354,1355,1356,1357,1358,1359,0,78,79,80,81,82,1360,1361,1362,1363,1364,1365,1366,1367,1368,1369,1370,1371,1372,1373,1374,1375,1376,1377,1378,1379,0,78,79,80,81,82,1380,1381,1382,1383,1384,1385,1386,1387,1388,1389,1390,1391,1392,1393,1394,1395,1396,1397,1398,1399,0,78,79,80,81,82,1400,1401,1402,1403,1404,1405,1406,1407,1408,1409,1410,1411,1412,1413,1414,1415,1416,1417,1418,1419,0,78,79,80,81,82,1420,1421,1422,1423,1424,1425,1426,1427,1428,1429,1430,1431,1432,1433,1434,1435,1436,1437,1438,1439,0,78,79,80,81,82,1440,1441,1442,1443,1444,1445,1446,1447,1448,1449,1450,1451,1452,1453,1454,1455,1456,1457,1458,1459,0,78,79,80,81,82,1460,1461,1462,1463,1464,1465,1466,1467,1468,1469,1470,1471,1472,1473,1474,1475,1476,1477,1478,1479,0,78,79,80,81,82,1480,1481,1482,1483,1484,1485,1486,1487,1488,1489,1490,1491,1492,1493,1494,1495,1496,1497,1498,1499,0,78,79,80,81,82,1500,1501,1502,1503,1504,1505,1506,1507,1508,1509,1510,1511,1512,1513,1514,1515,1516,1517,1518,1519,0,78,79,80,81,82,1520,1521,1522,1523,1524,1525,1526,1527,1528,1529,1530,1531,1532,1533,1534,1535,1536,1537,1538,1539,0,78,79,80,81,82
refine,40,23,2,0.0050000000000000001,2.2999999999999998,0.5,1,40,0.52000000000000002,0,1000,42,0.33000000000000002,0,1001,44,0.28000000000000003,0,1002,46,1.54,0,1003,48,1.77,0,1004,50,2.1400000000000001,0,1005,52,2.6500000000000004,0,1006,54,4.4700000000000006,0,1007,56,5.2600000000000007,0,1008,58,6.1900000000000013,0,1009,60,7.2600000000000007,0,1010,62,8.4700000000000006,0,1011,64,10.990000000000002,0,1012,66,12.480000000000002,0,1013,68,14.110000000000001,0,1014,70,15.880000000000003,0,1015,72,18.960000000000001,0,1016,74,21.010000000000002,0,1017,76,23.200000000000003,0,1018,78,25.530000000000005,0,1019,80,28.000000000000004,0,1020,82,31.780000000000005,0,1021,84,34.530000000000001,0,1022,23,0,1,2,0,4,5,6,7,8,9,10,11,12,13,14,15,16,17,18,19,20,21,22,22,0,22,21,0,19,18,17,16,15,14,13,12,11,10,9,8,7,6,5,4,3,2,20,0,0,4,1000,2,14,4,1002,5,1003,4,0,5,1005,5,1006,5,1007,2,3,5,1009,2,4,5,1011,5,1012,2,6,5,1014,5,1015,5,1016,2,9,5,1018,2,10,5,1020,5,1021,5,1022,5000,5000.125,5000.25,5000.375,5000.5,5000.625,5000.75,5000.875,5001,5001.125,5001.25,5001.375,5001.5,5001.625,5001.75,5001.875,5002,5002.125,5002.25,5002.375,5002.5,5002.625,5002.75,5002.875,54,4.4700000000000006,55,4.9000000000000004,57,5.7600000000000016,58,6.1900000000000013,58,6.1900000000000013,59,6.7600000000000016,61,7.9000000000000012,62,8.4700000000000006,5005,5005.125,5005.25,5005.375,5005.5,5005.625,5005.75,5005.875,64,10.990000000000002,65,11.770000000000001,67,13.330000000000002,68,14.110000000000001,5007,5007.125,5007.25,5007.375,5007.5,5007.625,5007.75,5007.875,5008,5008.125,5008.25,5008.375,5008.5,5008.625,5008.75,5008.875,72,18.960000000000001,73,20.020000000000003,75,22.140000000000001,76,23.200000000000003,76,23.200000000000003,77,24.400000000000002,79,26.800000000000004,80,28.000000000000004,5011,5011.125,5011.25,5011.375,5011.5,5011.625,5011.75,5011.875,5012,5012.125,5012.25,5012.375,5012.5,5012.625,5012.75,5012.875,5013,5013.125,5013.25,5013.375,5013.5,5013.625,5013.75,5013.875,40,0.52000000000000002,41,0.46000000000000002,43,0.34000000000000002,44,0.28000000000000003,5015,5015.125,5015.25,5015.375,5015.5,5015.625,5015.75,5015.875,5016,5016.125,5016.25,5016.375,5016.5,5016.625,5016.75,5016.875,5017,5017.125,5017.25,5017.375,5017.5,5017.625,5017.75,5017.875,5018,5018.125,5018.25,5018.375,5018.5,5018.625,5018.75,5018.875,5019,5019.125,5019.25,5019.375,5019.5,5019.625,5019.75,5019.875
refine,41,24,3,0.01,2.7000000000000002,0.5,2,41,0.65000000000000002,0,1000,43,0.46000000000000002,0,1001,45,0.41000000000000003,0,1002,47,1.6700000000000002,0,1003,49,1.9000000000000001,3,1004,51,2.2700000000000005,0,1005,53,2.7800000000000002,0,1006,55,3.4300000000000002,0,1007,57,5.3900000000000006,0,1008,59,6.3200000000000012,3,1009,61,7.3900000000000006,0,1010,63,8.6000000000000014,0,1011,65,11.120000000000001,0,1012,67,12.610000000000001,0,1013,69,14.24,3,1014,71,16.010000000000002,0,1015,73,17.920000000000002,0,1016,75,21.140000000000001,0,1017,77,23.330000000000002,0,1018,79,25.660000000000004,3,1019,81,28.130000000000003,0,1020,83,31.910000000000004,0,1021,85,34.660000000000004,0,1022,87,37.550000000000004,0,1023,24,0,1,2,3,4,5,6,7,8,9,10,11,12,13,14,15,16,17,18,19,20,21,22,23,23,0,23,22,21,20,19,18,17,16,15,14,13,12,11,10,9,8,7,6,5,4,3,2,22,2,3,4,5,6,7,8,9,10,11,12,13,14,15,16,17,18,19,20,21,22,23,15,1,0,5,1000,2,3,2,3,5,1003,4,1004,2,6,2,6,5,1007,2,7,4,1009,2,9,2,9,5,1012,2,10,4,1014,2,12,2,12,5,1017,2,13,4,1019,2,0,5,1021,2,1,5,1023,79,25.660000000000004,80,27.222500000000004,82,30.347500000000004,83,31.910000000000004,83,31.910000000000004,84,33.320000000000007,86,36.140000000000001,87,37.550000000000004,5002,5002.125,5002.25,5002.375,5002.5,5002.625,5002.75,5002.875,41,0.65000000000000002,42.5,0.90500000000000003,45.5,1.4150000000000003,47,1.6700000000000002,5004,5004.125,5004.25,5004.375,5004.5,5004.625,5004.75,5004.875,5005,5005.125,5005.25,5005.375,5005.5,5005.625,5005.75,5005.875,49,1.9000000000000001,50.5,2.2825000000000002,53.5,3.0475000000000003,55,3.4300000000000002,55,3.4300000000000002,56,4.1525000000000007,58,5.597500000000001,59,6.3200000000000012,5008,5008.125,5008.25,5008.375,5008.5,5008.625,5008.75,5008.875,59,6.3200000000000012,60.5,7.5200000000000014,63.5,9.9199999999999999,65,11.120000000000001,65,11.120000000000001,66,11.9,68,13.460000000000001,69,14.24,5011,5011.125,5011.25,5011.375,5011.5,5011.625,5011.75,5011.875,69,14.24,70.5,15.965,73.5,19.414999999999999,75,21.140000000000001,75,21.140000000000001,76,22.270000000000003,78,24.530000000000005,79,25.660000000000004,5014,5014.125,5014.25,5014.375,5014.5,5014.625,5014.75,5014.875,1000,1001,1002,1003,1004,1005,1006,1007,1008,1009,1010,1011,1012,1013,1014,1015,1016,1017,1018,1019,0,78,0,19,21,82,1020,1021,1022,1023,1024,1025,1026,1027,1028,1029,1030,1031,1032,1033,1034,1035,1036,1037,1038,1039,0,78,0,21,23,82,1040,1041,1042,1043,1044,1045,1046,1047,1048,1049,1050,1051,1052,1053,1054,1055,1056,1057,1058,1059,0,78,79,80,81,82,1060,1061,1062,1063,1064,1065,1066,1067,1068,1069,1070,1071,1072,1073,1074,1075,1076,1077,1078,1079,0,78,0,0,3,82,1080,1081,1082,1083,1084,1085,1086,1087,1088,1089,1090,1091,1092,1093,1094,1095,1096,1097,1098,1099,0,78,79,80,81,82,1100,1101,1102,1103,1104,1105,1106,1107,1108,1109,1110,1111,1112,1113,1114,1115,1116,1117,1118,1119,0,78,79,80,81,82,1120,1121,1122,1123,1124,1125,1126,1127,1128,1129,1130,1131,1132,1133,1134,1135,1136,1137,1138,1139,0,78,0,4,7,82,1140,1141,1142,1143,1144,1145,1146,1147,1148,1149,1150,1151,1152,1153,1154,1155,1156,1157,1158,1159,0,78,0,7,9,82,1160,1161,1162,1163,1164,1165,1166,1167,1168,1169,1170,1171,1172,1173,1174,1175,1176,1177,1178,1179,0,78,79,80,81,82,1180,1181,1182,1183,1184,1185,1186,1187,1188,1189,1190,1191,1192,1193,1194,1195,1196,1197,1198,1199,0,78,0,9,12,82,1200,1201,1202,1203,1204,1205,1206,1207,1208,1209,1210,1211,1212,1213,1214,1215,1216,1217,1218,1219,0,78,0,12,14,82,1220,1221,1222,1223,1224,1225,1226,1227,1228,1229,1230,1231,1232,1233,1234,1235,1236,1237,1238,1239,0,78,79,80,81,82,1240,1241,1242,1243,1244,1245,1246,1247,1248,1249,1250,1251,1252,1253,1254,1255,1256,1257,1258,1259,0,78,0,14,17,82,1260,1261,1262,1263,1264,1265,1266,1267,1268,1269,1270,1271,1272,1273,1274,1275,1276,1277,1278,1279,0,78,0,17,19,82,1280,1281,1282,1283,1284,1285,1286,1287,1288,1289,1290,1291,1292,1293,1294,1295,1296,1297,1298,1299,0,78,79,80,81,82
refine,42,25,1,0.014999999999999999,0.29999999999999999,0.75,3,42,0.78000000000000003,0,1000,44,0.59000000000000008,0,1001,46,0.54000000000000004,0,1002,48,0.63000000000000012,3,1003,50,2.0300000000000002,0,1004,52,2.4000000000000004,0,1005,54,2.9100000000000006,0,1006,56,3.5600000000000001,0,1007,58,5.5200000000000005,3,1008,60,6.4500000000000011,0,1009,62,7.5200000000000014,0,1010,64,8.7300000000000004,0,1011,66,10.080000000000002,0,1012,68,12.740000000000002,3,1013,70,14.370000000000001,0,1014,72,16.140000000000001,0,1015,74,18.050000000000001,0,1016,76,21.27,0,1017,78,23.460000000000004,3,1018,80,25.790000000000003,0,1019,82,28.260000000000005,0,1020,84,30.870000000000005,0,1021,86,34.789999999999999,0,1022,88,37.68,3,1023,90,40.710000000000008,0,1024,25,0,1,2,3,4,5,6,7,8,9,10,11,12,13,14,15,16,17,18,19,20,21,22,23,24,14,0,0,2,1,2,1,2,1,4,1003,2,3,2,3,2,3,5,1007,4,1008,2,6,2,6,2,6,2,6,4,1013,2,8,2,8,2,8,5,1017,4,1018,2,11,2,11,2,11,5,1022,4,1023,5,1024,5000,5000.125,5000.25,5000.375,5000.5,5000.625,5000.75,5000.875,90,40.710000000000008,36.237691895004559,13.144133576901091,22.237691895004559,-0.21586642309890891,48,0.63000000000000966,5002,5002.125,5002.25,5002.375,5002.5,5002.625,5002.75,5002.875,48,0.63000000000000012,50.427879060365228,2.0695299431069274,53.094545727031893,3.0461966097735935,56,3.5599999999999978,5004,5004.125,5004.25,5004.375,5004.5,5004.625,5004.75,5004.875,5005,5005.125,5005.25,5005.375,5005.5,5005.625,5005.75,5005.875,58,5.5200000000000005,61.617786886767767,7.4043744913525842,65.970766333700652,8.8945602139962165,68,12.740000000000002,5007,5007.125,5007.25,5007.375,5007.5,5007.625,5007.75,5007.875,68,12.740000000000002,71.334323369029519,14.996931743518999,74.000990035696191,17.840265076852333,76,21.270000000000003,5009,5009.125,5009.25,5009.375,5009.5,5009.625,5009.75,5009.875,5010,5010.125,5010.25,5010.375,5010.5,5010.625,5010.75,5010.875,78,23.460000000000004,81.288474746771229,26.819542618239705,83.9551414134379,30.596209284906369,86,34.790000000000006,5012,5012.125,5012.25,5012.375,5012.5,5012.625,5012.75,5012.875,5013,5013.125,5013.25,5013.375,5013.5,5013.625,5013.75,5013.875
refine,43,26,2,0.02,0.69999999999999996,0.5,4,43,0.91000000000000003,0,1000,45,0.71999999999999997,0,1001,47,0.67000000000000004,3,1002,49,0.76000000000000012,0,1003,51,2.1600000000000001,0,1004,53,2.5300000000000002,0,1005,55,3.0400000000000005,0,1006,57,3.6900000000000004,3,1007,59,4.4800000000000004,0,1008,61,6.580000000000001,0,1009,63,7.6500000000000012,0,1010,65,8.8600000000000012,0,1011,67,10.210000000000003,3,1012,69,12.870000000000001,0,1013,71,14.5,0,1014,73,16.270000000000003,0,1015,75,18.180000000000003,0,1016,77,20.23,3,1017,79,23.590000000000003,0,1018,81,25.920000000000002,0,1019,83,28.390000000000004,0,1020,85,31.000000000000004,0,1021,87,34.920000000000002,3,1022,89,37.810000000000002,0,1023,91,40.840000000000011,0,1024,93,44.010000000000005,0,1025,26,0,1,2,3,4,5,6,7,8,9,10,11,12,13,14,15,16,17,18,19,20,21,22,23,24,25,25,0,25,24,23,22,21,20,19,18,17,16,15,14,13,12,11,10,9,8,7,6,5,4,3,2,11,1,18,5,1000,2,1,4,1002,2,3,2,3,2,3,2,3,4,1007,2,5,2,5,2,5,2,5,4,1012,2,7,2,7,2,7,2,7,4,1017,2,9,2,9,2,9,2,9,4,1022,2,0,2,0,2,0,87,34.920000000000002,105.16986346104224,60.712796210727561,90.503196794375569,49.376129544060888,43,0.90999999999999659,43,0.91000000000000003,44,0.84999999999999998,46,0.73000000000000009,47,0.67000000000000004,5002,5002.125,5002.25,5002.375,5002.5,5002.625,5002.75,5002.875,47,0.67000000000000004,50.387787331377879,1.1404084065777609,53.420441648471204,3.1179089818110697,57,3.6900000000000004,5004,5004.125,5004.25,5004.375,5004.5,5004.625,5004.75,5004.875,57,3.6900000000000004,60.519252387771971,5.4351942322833402,63.375189578342223,8.3603450733914997,67,10.210000000000003,5006,5006.125,5006.25,5006.375,5006.5,5006.625,5006.75,5006.875,67,10.210000000000003,69.55055091433465,14.266813003955546,74.038850861282739,16.494774775260243,77,20.23,5008,5008.125,5008.25,5008.375,5008.5,5008.625,5008.75,5008.875,77,20.23,79.554581131312972,25.659649037898127,85.034335455652908,29.119812268477784,87,34.920000000000002,5010,5010.125,5010.25,5010.375,5010.5,5010.625,5010.75,5010.875,-0.0022850959038308166,-0.0014721838863171743,1002,1003,0.19030191663452903,0,1006,1007,0,0.19030191663452903,1010,1011,1012,1013,1014,1015,1016,1017,1018,1019,2,78,0,22,26,82,1020,1021,1022,1023,1024,1025,1026,1027,1028,1029,1030,1031,1032,1033,1034,1035,1036,1037,1038,1039,0,78,0,0,2,82,1040,1041,1042,1043,1044,1045,1046,1047,1048,1049,1050,1051,1052,1053,1054,1055,1056,1057,1058,1059,0,78,79,80,81,82,-0.0010077557466210262,-2.2808168131570328e-005,-0.0010684088329537753,-6.2358179636068378e-005,0.81218981231784548,0,0.6380350674911841,0,0,0.81218981231784548,0,0.6380350674911841,0.6380350674911841,0,0.86991640552349503,0,0,0.6380350674911841,0,0.86991640552349503,4,78,0,2,7,82,1080,1081,1082,1083,1084,1085,1086,1087,1088,1089,1090,1091,1092,1093,1094,1095,1096,1097,1098,1099,0,78,79,80,81,82,-0.0012103850477569317,-0.00010870388464714539,-0.0012675037915715337,-0.00016720690146906914,0.79844731660878343,0,0.63433122014824306,0,0,0.79844731660878343,0,0.63433122014824306,0.63433122014824306,0,0.87078382031531609,0,0,0.63433122014824306,0,0.87078382031531609,4,78,0,7,12,82,1120,1121,1122,1123,1124,1125,1126,1127,1128,1129,1130,1131,1132,1133,1134,1135,1136,1137,1138,1139,0,78,79,80,81,82,-0.0013910110182800053,-0.00028533626008120025,-0.0014807770172065929,-0.00032989549549908292,0.88272324346455466,0,0.68334805016906219,0,0,0.88272324346455466,0,0.68334805016906219,0.68334805016906219,0,0.88819347575348118,0,0,0.68334805016906219,0,0.88819347575348118,4,78,0,12,17,82,1160,1161,1162,1163,1164,1165,1166,1167,1168,1169,1170,1171,1172,1173,1174,1175,1176,1177,1178,1179,0,78,79,80,81,82,-0.0015910916226093935,-0.00051319298076185713,-0.0017006867091155435,-0.00058239624536482199,0.93839707294038754,0,0.71405118617583629,0,0,0.93839707294038754,0,0.71405118617583629,0.71405118617583629,0,0.88475966895786406,0,0,0.71405118617583629,0,0.88475966895786406,4,78,0,17,22,82,1200,1201,1202,1203,1204,1205,1206,1207,1208,1209,1210,1211,1212,1213,1214,1215,1216,1217,1218,1219,0,78,79,80,81,82
refine,44,27,3,0.0050000000000000001,1.1000000000000001,0.5,5,11,23,0,1000,11,23,0,1001,11,23,0,1002,11,23,0,1003,11,23,0,1004,11,23,0,1005,11,23,0,1006,11,23,0,1007,11,23,0,1008,11,23,0,1009,11,23,0,1010,11,23,0,1011,11,23,0,1012,11,23,0,1013,11,23,0,1014,11,23,0,1015,11,23,0,1016,11,23,0,1017,11,23,0,1018,11,23,0,1019,11,23,0,1020,11,23,0,1021,11,23,0,1022,11,23,0,1023,11,23,0,1024,11,23,0,1025,11,23,0,1026,27,0,1,2,3,4,5,6,7,8,9,10,11,12,13,14,15,16,17,18,19,20,21,22,23,24,25,26,26,0,26,25,24,23,22,21,20,19,18,17,16,15,14,13,12,11,10,9,8,7,6,5,4,3,2,25,2,3,4,5,6,7,8,9,10,11,12,13,14,15,16,17,18,19,20,21,22,23,24,25,26,2,0,0,4,1000,2,0,2,0,2,0,2,0,2,0,2,0,2,0,2,0,2,0,2,0,2,0,2,0,2,0,2,0,2,0,2,0,2,0,2,0,2,0,2,0,2,0,2,0,2,0,2,0,2,0,2,0,11,23,0,0,0,0,11,23,5001,5001.125,5001.25,5001.375,5001.5,5001.625,5001.75,5001.875
refine,45,28,1,0.01,1.5000000000000002,0.75,6,45,0,3,1000,47,0.97999999999999998,0,1001,49,0.93000000000000005,0,1002,51,1.02,0,1003,53,1.25,0,1004,55,2.79,3,1005,57,3.3000000000000007,0,1006,59,3.9500000000000002,0,1007,61,4.7400000000000002,0,1008,63,5.6700000000000008,0,1009,65,7.910000000000001,3,1010,67,9.120000000000001,0,1011,69,10.470000000000002,0,1012,71,11.960000000000003,0,1013,73,14.760000000000002,0,1014,75,16.530000000000001,3,1015,77,18.440000000000001,0,1016,79,20.490000000000002,0,1017,81,22.680000000000003,0,1018,83,26.180000000000003,0,1019,85,28.650000000000002,3,1020,87,31.260000000000005,0,1021,89,34.010000000000005,0,1022,91,38.07,0,1023,93,41.100000000000009,0,1024,95,44.27000000000001,3,1025,97,47.580000000000005,0,1026,99,51.030000000000008,0,1027,28,0,1,2,0,4,5,6,7,8,9,10,11,12,13,14,15,16,17,18,19,20,21,22,23,24,25,26,27,16,1,16,4,1000,2,0,5,1002,0,1003,2,3,4,1005,2,5,2,5,2,5,2,5,4,1010,2,7,2,7,2,7,2,7,4,1015,2,9,2,9,2,9,2,9,4,1020,2,11,2,11,2,11,2,11,4,1025,2,13,5,1027,45,0,46,0.23250000000000001,48,0.69750000000000001,49,0.93000000000000005,5001,5001.125,5001.25,5001.375,5001.5,5001.625,5001.75,5001.875,5002,5002.125,5002.25,5002.375,5002.5,5002.625,5002.75,5002.875,45,0,47.5,0.69750000000000001,52.5,2.0925000000000002,55,2.79,5004,5004.125,5004.25,5004.375,5004.5,5004.625,5004.75,5004.875,55,2.79,58.527797558182634,3.9034841196368535,62.9030468172732,4.4324841765371463,65,7.910000000000001,5006,5006.125,5006.25,5006.375,5006.5,5006.625,5006.75,5006.875,65,7.910000000000001,69.288767043841176,9.726150237236471,71.834159350540872,13.419111163362812,75,16.530000000000001,5008,5008.125,5008.25,5008.375,5008.5,5008.625,5008.75,5008.875,75,16.530000000000001,79.268930396994733,19.82409072233699,81.84296034151636,24.441890347362619,85,28.650000000000002,5010,5010.125,5010.25,5010.375,5010.5,5010.625,5010.75,5010.875,85,28.650000000000002,89.216598553614546,33.29666511435493,91.284795355763876,39.266457834005941,95,44.27000000000001,5012,5012.125,5012.25,5012.375,5012.5,5012.625,5012.75,5012.875,95,44.27000000000001,96,45.960000000000008,98,49.340000000000011,99,51.030000000000008,5014,5014.125,5014.25,5014.375,5014.5,5014.625,5014.75,5014.875,5015,5015.125,5015.25,5015.375,5015.5,5015.625,5015.75,5015.875,1000,1001,1002,1003,1004,1005,1006,1007,1008,1009,1010,1011,1012,1013,1014,1015,1016,1017,1018,1019,0,78,0,0,2,82,1020,1021,1022,1023,1024,1025,1026,1027,1028,1029,1030,1031,1032,1033,1034,1035,1036,1037,1038,1039,0,78,79,80,81,82,1040,1041,1042,1043,1044,1045,1046,1047,1048,1049,1050,1051,1052,1053,1054,1055,1056,1057,1058,1059,0,78,79,80,81,82,1060,1061,1062,1063,1064,1065,1066,1067,1068,1069,1070,1071,1072,1073,1074,1075,1076,1077,1078,1079,0,78,0,3,5,82,1080,1081,1082,1083,1084,1085,1086,1087,1088,1089,1090,1091,1092,1093,1094,1095,1096,1097,1098,1099,0,78,79,80,81,82,-0.0011705559511686076,-7.8069682393235723e-005,-0.0012580609363464085,-8.8649683531359658e-005,0.92397477397447925,0,0.68078933567063327,0,0,0.92397477397447925,0,0.68078933567063327,0.68078933567063327,0,0.8348973426665981,0,0,0.68078933567063327,0,0.8348973426665981,4,78,0,5,10,82,1120,1121,1122,1123,1124,1125,1126,1127,1128,1129,1130,1131,1132,1133,1134,1135,1136,1137,1138,1139,0,78,79,80,81,82,-0.0013857753408605955,-0.00019452300474394335,-0.0014366831870069319,-0.00026838222326650008,0.89847031381981535,0,0.61974822595297696,0,0,0.89847031381981535,0,0.61974822595297696,0.61974822595297696,0,0.75219428579900638,0,0,0.61974822595297696,0,0.75219428579900638,4,78,0,10,15,82,1160,1161,1162,1163,1164,1165,1166,1167,1168,1169,1170,1171,1172,1173,1174,1175,1176,1177,1178,1179,0,78,79,80,81,82,-0.0015853786079086697,-0.0003964818144397593,-0.0016368592068121135,-0.00048883780694662649,0.89697145230002562,0,0.62066999140637402,0,0,0.89697145230002562,0,0.62066999140637402,0.62066999140637402,0,0.75575263008310045,0,0,0.62066999140637402,0,0.75575263008310045,4,78,0,15,20,82,1200,1201,1202,1203,1204,1205,1206,1207,1208,1209,1210,1211,1212,1213,1214,1215,1216,1217,1218,1219,0,78,79,80,81,82,-0.0017843319710471837,-0.00066593330227929411,-0.0018256959071087445,-0.00078532915667865744,0.83129026971704878,0,0.59736252960294167,0,0,0.83129026971704878,0,0.59736252960294167,0.59736252960294167,0,0.8079206629136283,0,0,0.59736252960294167,0,0.8079206629136283,4,78,0,20,25,82,1240,1241,1242,1243,1244,1245,1246,1247,1248,1249,1250,1251,1252,1253,1254,1255,1256,1257,1258,1259,0,78,79,80,81,82,1260,1261,1262,1263,1264,1265,1266,1267,1268,1269,1270,1271,1272,1273,1274,1275,1276,1277,1278,1279,0,78,0,25,27,82,1280,1281,1282,1283,1284,1285,1286,1287,1288,1289,1290,1291,1292,1293,1294,1295,1296,1297,1298,1299,0,78,79,80,81,82,1300,1301,1302,1303,1304,1305,1306,1307,1308,1309,1310,1311,1312,1313,1314,1315,1316,1317,1318,1319,0,78,79,80,81,82
refine,46,29,2,0.014999999999999999,1.9000000000000001,0.5,7,46,0.13,0,1000,48,1.1100000000000001,0,1001,50,1.0600000000000001,0,1002,52,1.1500000000000001,0,1003,54,1.3800000000000001,3,1004,56,1.7500000000000002,0,1005,58,3.4300000000000006,0,1006,60,4.0800000000000001,0,1007,62,4.8700000000000001,0,1008,64,5.8000000000000007,3,1009,66,8.0400000000000009,0,1010,68,9.25,0,1011,70,10.600000000000001,0,1012,72,12.090000000000002,0,1013,74,13.720000000000001,3,1014,76,16.66,0,1015,78,18.57,0,1016,80,20.620000000000001,0,1017,82,22.810000000000002,0,1018,84,26.310000000000002,3,1019,86,28.780000000000005,0,1020,88,31.390000000000004,0,1021,90,34.140000000000001,0,1022,92,37.030000000000001,0,1023,94,41.230000000000004,3,1024,96,44.400000000000006,0,1025,98,47.710000000000008,0,1026,100,51.160000000000011,0,1027,102,55.920000000000002,0,1028,29,0,1,2,3,4,5,6,7,8,9,10,11,12,13,14,15,16,17,18,19,20,21,22,23,24,25,26,27,28,28,0,28,27,26,25,24,23,22,21,20,19,18,17,16,15,14,13,12,11,10,9,8,7,6,5,4,3,2,11,0,0,2,1,2,1,2,1,2,1,4,1004,2,3,2,3,2,3,2,3,4,1009,2,5,2,5,2,5,2,5,4,1014,2,7,2,7,2,7,2,7,4,1019,2,9,2,9,2,9,2,9,4,1024,2,0,2,0,2,0,5,1028,94,41.230000000000004,97.216110696146174,45.839371761717992,99.882777362812845,50.736038428384653,102.00000000000006,55.919999999999973,102,55.920000000000002,5.3127560614614637,-46.591855350780413,24.351002774145396,1.5373986207162622,54,1.3800000000000001,5002,5002.125,5002.25,5002.375,5002.5,5002.625,5002.75,5002.875,54,1.3800000000000001,57.450394751645419,2.3525559834474445,60.39335020990832,4.718229282941337,64,5.8000000000000007,5004,5004.125,5004.25,5004.375,5004.5,5004.625,5004.75,5004.875,64,5.8000000000000007,66.553599524102921,9.3243045908652444,71.022583697966951,10.594415388730846,74,13.720000000000001,5006,5006.125,5006.25,5006.375,5006.5,5006.625,5006.75,5006.875,74,13.720000000000001,76.519237095335242,18.568360240191247,82.105888574734706,21.007799524563843,84,26.310000000000002,5008,5008.125,5008.25,5008.375,5008.5,5008.625,5008.75,5008.875,84,26.310000000000002,87.645572703893322,31.043536709512779,91.817379461523458,35.57125638654378,94,41.230000000000004,5010,5010.125,5010.25,5010.375,5010.5,5010.625,5010.75,5010.875
refine,47,30,3,0.02,2.2999999999999998,0.5,8,47,0.26000000000000001,0,1000,49,0.070000000000000007,0,1001,51,1.1899999999999999,0,1002,53,1.2800000000000002,3,1003,55,1.5100000000000002,0,1004,57,1.8800000000000003,0,1005,59,3.5600000000000005,0,1006,61,4.21,0,1007,63,5,3,1008,65,5.9300000000000006,0,1009,67,7.0000000000000009,0,1010,69,9.3800000000000008,0,1011,71,10.730000000000002,0,1012,73,12.220000000000002,3,1013,75,13.850000000000001,0,1014,77,16.790000000000003,0,1015,79,18.700000000000003,0,1016,81,20.75,0,1017,83,22.940000000000005,3,1018,85,25.270000000000003,0,1019,87,28.910000000000004,0,1020,89,31.520000000000003,0,1021,91,34.270000000000003,0,1022,93,37.160000000000004,3,1023,95,41.360000000000007,0,1024,97,44.530000000000008,0,1025,99,47.840000000000011,0,1026,101,51.290000000000006,0,1027,103,54.880000000000003,3,1028,105,59.780000000000001,0,1029,30,0,1,2,3,4,5,6,7,8,9,10,11,12,13,14,15,16,17,18,19,20,21,22,23,24,25,26,27,28,29,29,0,29,28,27,26,25,24,23,22,21,20,19,18,17,16,15,14,13,12,11,10,9,8,7,6,5,4,3,2,28,2,3,4,5,6,7,8,9,10,11,12,13,14,15,16,17,18,19,20,21,22,23,24,25,26,27,28,29,12,1,24,2,0,2,0,2,0,4,1003,2,2,2,2,2,2,2,2,4,1008,2,4,2,4,2,4,2,4,4,1013,2,6,2,6,2,6,2,6,4,1018,2,8,2,8,2,8,2,8,4,1023,2,10,2,10,2,10,2,10,4,1028,2,0,103,54.880000000000003,121.52184188348265,91.545220321684283,15.137018256078195,-10.964376898702453,53,1.2800000000000002,5001,5001.125,5001.25,5001.375,5001.5,5001.625,5001.75,5001.875,53,1.2800000000000002,57.006142624866314,0.84280756664792167,59.24921150207188,4.3666624681427697,63,5,5003,5003.125,5003.25,5003.375,5003.5,5003.625,5003.75,5003.875,63,5,67.26819653981525,6.1382232194246065,69.199707596511828,10.269557608678035,73,12.220000000000002,5005,5005.125,5005.25,5005.375,5005.5,5005.625,5005.75,5005.875,73,12.220000000000002,76.572721552292066,15.509183058585739,79.387469261493678,19.577778643053612,83,22.940000000000005,5007,5007.125,5007.25,5007.375,5007.5,5007.625,5007.75,5007.875,83,22.940000000000005,86.569607977013987,27.480891313173064,89.415456224379497,32.569104925247949,93,37.160000000000004,5009,5009.125,5009.25,5009.375,5009.5,5009.625,5009.75,5009.875,93,37.160000000000004,95.683700078281007,43.413951034607493,99.993077535408574,48.781682227207718,103,54.880000000000003,5011,5011.125,5011.25,5011.375,5011.5,5011.625,5011.75,5011.875,-0.0024304368376665856,-0.0018309044064338728,-0.00030274036511984681,0.00021928753797413603,0.045055624404260121,0,0.0085802954495442802,0,0,0.045055624404260121,0,0.0085802954495442802,0.0085802954495442802,0,0.098832091250030618,0,0,0.0085802954495442802,0,0.098832091250030618,4,78,0,28,33,82,1020,1021,1022,1023,1024,1025,1026,1027,1028,1029,1030,1031,1032,1033,1034,1035,1036,1037,1038,1039,0,78,79,80,81,82,-0.0011401228524771587,-1.6856151332851621e-005,-0.0011849842300310567,-8.7333249362844811e-005,0.83104272903640108,0,0.60344865087692623,0,0,0.83104272903640108,0,0.60344865087692623,0.60344865087692623,0,0.81839196291090122,0,0,0.60344865087692623,0,0.81839196291090122,4,78,0,3,8,82,1060,1061,1062,1063,1064,1065,1066,1067,1068,1069,1070,1071,1072,1073,1074,1075,1076,1077,1078,1079,0,78,79,80,81,82,-0.001345363930786915,-0.00012276446438716504,-0.0013839941519365045,-0.00020539115217350912,0.82631486203705351,0,0.59179441793158793,0,0,0.82631486203705351,0,0.59179441793158793,0.59179441793158793,0,0.80587079066027079,0,0,0.59179441793158793,0,0.80587079066027079,4,78,0,8,13,82,1100,1101,1102,1103,1104,1105,1106,1107,1108,1109,1110,1111,1112,1113,1114,1115,1116,1117,1118,1119,0,78,79,80,81,82,-0.0015314544310585168,-0.00031018366117710819,-0.0015877493852501923,-0.00039155557286484066,0.79763668115930997,0,0.6336277888376457,0,0,0.79763668115930997,0,0.6336277888376457,0.6336277888376457,0,0.86866902287622372,0,0,0.6336277888376457,0,0.86866902287622372,4,78,0,13,18,82,1140,1141,1142,1143,1144,1145,1146,1147,1148,1149,1150,1151,1152,1153,1154,1155,1156,1157,1158,1159,0,78,79,80,81,82,-0.0017313921595572095,-0.00054961782627137128,-0.0017883091245032012,-0.00065138209851474393,0.80213923664906928,0,0.634286658132732,0,0,0.80213923664906928,0,0.634286658132732,0.634286658132732,0,0.86652812061226836,0,0,0.634286658132732,0,0.86652812061226836,4,78,0,18,23,82,1180,1181,1182,1183,1184,1185,1186,1187,1188,1189,1190,1191,1192,1193,1194,1195,1196,1197,1198,1199,0,78,79,80,81,82,-0.0019136740015863497,-0.00086827902071522512,-0.0019998615507227716,-0.00097563364455545767,0.88005169678308648,0,0.67728967099380155,0,0,0.88005169678308648,0,0.67728967099380155,0.67728967099380155,0,0.88130113729117021,0,0,0.67728967099380155,0,0.88130113729117021,4,78,0,23,28,82,1220,1221,1222,1223,1224,1225,1226,1227,1228,1229,1230,1231,1232,1233,1234,1235,1236,1237,1238,1239,0,78,79,80,81,82
